synthetic_employee_id,employee_name,country,state_of_residence,zone,job_code,job_profile,radford_job_code,level,salary_range_min,salary_range_mid,salary_range_max,base_pay_compa_ratio,base_pay,pay_range_position,bonus_target_pct,bonus_target_amount,total_target_cash,tenure_years,time_in_role_years,hire_date_synthetic,role_start_date_synthetic,performance_rating,performance_label,rmc_source_sheet,rmc_match_found,rmc_match_quality,rmc_match_note,rmc_market_country,rmc_market_pay_market,rmc_market_breakout_name,rmc_market_currency,rmc_market_job_code,rmc_market_job_title,rmc_ttc_p50,rmc_ttc_p65,rmc_ttc_p75,rmc_ttc_p75_aged,rmc_base_p50,rmc_base_p65,rmc_base_p75,rmc_base_p90
SYN00001,Avery Carter,United States of America,California,Z3,Job Code: JC100004,Accountant IV,FI.ACGA.P4,IC4,129565.0,140336.0,194348.0,0.9232,129565.0,in_range,0.1,12956.5,142521.5,2.65,1.95,2023-08-19,2024-04-19,3,Solid,Radford All Country,Yes,exact_us_zone,US row matched using country + zone + Radford job code.,United States - Z3,Z3 US,United States - TS 100M - 1B Rev Z2 US,U.S. Dollars - USD,FI.ACGA.P4,Accounting - General Accounting - Advanced (P4),,,,,147000.0,157000.0,160000.0,175904.0
SYN00002,Jordan Carter,United States of America,California,Z3,Job Code: JC100004,Accountant IV,FI.ACGA.P4,IC4,129565.0,140336.0,194348.0,0.9232,129565.0,in_range,0.1,12956.5,142521.5,3.81,1.43,2022-06-08,2024-10-27,1,Low,Radford All Country,Yes,exact_us_zone,US row matched using country + zone + Radford job code.,United States - Z3,Z3 US,United States - TS 100M - 1B Rev Z2 US,U.S. Dollars - USD,FI.ACGA.P4,Accounting - General Accounting - Advanced (P4),,,,,147000.0,157000.0,160000.0,175904.0
SYN00003,Taylor Carter,United States of America,North Carolina,Z3,Job Code: JC100004,Accountant IV,FI.ACGA.P4,IC4,129565.0,140336.0,194348.0,0.9232,129565.0,in_range,0.1,12956.5,142521.5,2.36,1.3,2023-11-25,2024-12-23,3,Solid,Radford All Country,Yes,exact_us_zone,US row matched using country + zone + Radford job code.,United States - Z3,Z3 US,United States - TS 100M - 1B Rev Z2 US,U.S. Dollars - USD,FI.ACGA.P4,Accounting - General Accounting - Advanced (P4),,,,,147000.0,157000.0,160000.0,175904.0
SYN00004,Morgan Carter,United States of America,California,Z3,Job Code: JC100005,Accountant V,FI.ACGA.P5,IC5,169688.0,183794.0,254532.0,0.9233,169688.0,in_range,0.15,25453.2,195141.2,3.92,2.52,2022-05-12,2023-09-25,3,Solid,Radford All Country,Yes,exact_us_zone,US row matched using country + zone + Radford job code.,United States - Z3,Z3 US,United States - TS 100M - 1B Rev Z2 US,U.S. Dollars - USD,FI.ACGA.P5,Accounting - General Accounting - Expert (P5),,,,,181000.0,,,
SYN00005,Cameron Carter,United States of America,California,Z3,Job Code: JC100005,Accountant V,FI.ACGA.P5,IC5,169688.0,183794.0,254532.0,0.9233,169688.0,in_range,0.15,25453.2,195141.2,2.8,1.32,2023-06-26,2024-12-17,3,Solid,Radford All Country,Yes,exact_us_zone,US row matched using country + zone + Radford job code.,United States - Z3,Z3 US,United States - TS 100M - 1B Rev Z2 US,U.S. Dollars - USD,FI.ACGA.P5,Accounting - General Accounting - Expert (P5),,,,,181000.0,,,
SYN00006,Riley Carter,United States of America,Colorado,Z3,Job Code: JC100018,Business Development Rep I,SA.ISTL.P1,IC1,25.0,29.0,36.0,0.9676,28.06,in_range,0.0,0.0,28.06,0.37,0.37,2025-11-29,2025-11-24,3,Solid,Radford All Country,No,unmatched,No match found on expected US country/zone + Radford job code.,,,,,,,,,,,,,,
SYN00007,Parker Carter,United States of America,Colorado,Z3,Job Code: JC100018,Business Development Rep I,SA.ISTL.P1,IC1,25.0,29.0,36.0,0.9936,28.81,in_range,0.0,0.0,28.81,0.36,0.36,2025-11-21,2025-11-27,3,Solid,Radford All Country,No,unmatched,No match found on expected US country/zone + Radford job code.,,,,,,,,,,,,,,
SYN00008,Quinn Carter,United States of America,Colorado,Z3,Job Code: JC100018,Business Development Rep I,SA.ISTL.P1,IC1,25.0,29.0,36.0,0.9673,28.05,in_range,0.0,0.0,28.05,0.31,0.31,2025-12-16,2025-12-18,,,Radford All Country,No,unmatched,No match found on expected US country/zone + Radford job code.,,,,,,,,,,,,,,
SYN00009,Hayden Carter,United States of America,Washington,Z3,Job Code: JC100018,Business Development Rep I,SA.ISTL.P1,IC1,25.0,29.0,36.0,0.9739,28.24,in_range,0.0,0.0,28.24,0.67,0.67,2025-07-29,2025-07-30,3,Solid,Radford All Country,No,unmatched,No match found on expected US country/zone + Radford job code.,,,,,,,,,,,,,,
SYN00010,Rowan Carter,United States of America,California,Z3,Job Code: JC100018,Business Development Rep I,SA.ISTL.P1,IC1,25.0,29.0,36.0,1.0251,29.73,in_range,0.0,0.0,29.73,0.62,0.62,2025-08-21,2025-08-26,4,Strong,Radford All Country,No,unmatched,No match found on expected US country/zone + Radford job code.,,,,,,,,,,,,,,
SYN00011,Casey Carter,United States of America,California,Z3,Job Code: JC100018,Business Development Rep I,SA.ISTL.P1,IC1,25.0,29.0,36.0,0.9876,28.64,in_range,0.0,0.0,28.64,0.45,0.45,2025-10-31,2025-10-26,5,High,Radford All Country,No,unmatched,No match found on expected US country/zone + Radford job code.,,,,,,,,,,,,,,
SYN00012,Alex Carter,United States of America,California,Z3,Job Code: JC100018,Business Development Rep I,SA.ISTL.P1,IC1,25.0,29.0,36.0,0.892,25.87,in_range,0.0,0.0,25.87,0.42,0.42,2025-11-02,2025-11-02,3,Solid,Radford All Country,No,unmatched,No match found on expected US country/zone + Radford job code.,,,,,,,,,,,,,,
SYN00013,Jamie Carter,United States of America,California,Z3,Job Code: JC100018,Business Development Rep I,SA.ISTL.P1,IC1,25.0,29.0,36.0,1.004,29.12,in_range,0.0,0.0,29.12,0.4,0.4,2025-11-10,2025-11-18,3,Solid,Radford All Country,No,unmatched,No match found on expected US country/zone + Radford job code.,,,,,,,,,,,,,,
SYN00014,Blake Carter,United States of America,California,Z3,Job Code: JC100018,Business Development Rep I,SA.ISTL.P1,IC1,25.0,29.0,36.0,0.9504,27.56,in_range,0.0,0.0,27.56,0.58,0.58,2025-08-31,2025-09-12,5,High,Radford All Country,No,unmatched,No match found on expected US country/zone + Radford job code.,,,,,,,,,,,,,,
SYN00015,Drew Carter,United States of America,Washington,Z3,Job Code: JC100018,Business Development Rep I,SA.ISTL.P1,IC1,25.0,29.0,36.0,0.9996,28.99,in_range,0.0,0.0,28.99,0.37,0.37,2025-11-21,2025-11-17,3,Solid,Radford All Country,No,unmatched,No match found on expected US country/zone + Radford job code.,,,,,,,,,,,,,,
SYN00016,Reese Carter,United States of America,Illinois,Z3,Job Code: JC100019,Business Development Rep II,SA.ISTL.P2,IC2,29.0,32.0,41.0,0.962,30.78,in_range,0.1,3.08,33.86,3.9,1.47,2022-05-10,2024-10-12,3,Solid,Radford All Country,No,unmatched,No match found on expected US country/zone + Radford job code.,,,,,,,,,,,,,,
SYN00017,Sydney Carter,United States of America,California,Z3,Job Code: JC100019,Business Development Rep II,SA.ISTL.P2,IC2,29.0,32.0,41.0,0.9062,29.0,in_range,0.1,2.9,31.9,0.76,0.76,2025-06-30,2025-07-04,3,Solid,Radford All Country,No,unmatched,No match found on expected US country/zone + Radford job code.,,,,,,,,,,,,,,
SYN00018,Emerson Carter,United States of America,Colorado,Z3,Job Code: JC100019,Business Development Rep II,SA.ISTL.P2,IC2,29.0,32.0,41.0,0.9838,31.48,in_range,0.1,3.15,34.63,0.57,0.57,2025-09-08,2025-09-09,5,High,Radford All Country,No,unmatched,No match found on expected US country/zone + Radford job code.,,,,,,,,,,,,,,
SYN00019,Logan Carter,United States of America,Pennsylvania,Z3,Job Code: JC100019,Business Development Rep II,SA.ISTL.P2,IC2,29.0,32.0,41.0,1.0386,33.24,in_range,0.1,3.32,36.56,0.65,0.65,2025-08-18,2025-08-08,3,Solid,Radford All Country,No,unmatched,No match found on expected US country/zone + Radford job code.,,,,,,,,,,,,,,
SYN00020,Skyler Carter,United States of America,Colorado,Z3,Job Code: JC100019,Business Development Rep II,SA.ISTL.P2,IC2,29.0,32.0,41.0,0.9575,30.64,in_range,0.1,3.06,33.7,0.62,0.62,2025-08-30,2025-08-27,3,Solid,Radford All Country,No,unmatched,No match found on expected US country/zone + Radford job code.,,,,,,,,,,,,,,
SYN00021,Finley Carter,United States of America,California,Z3,Job Code: JC100019,Business Development Rep II,SA.ISTL.P2,IC2,29.0,32.0,41.0,1.0063,32.2,in_range,0.1,3.22,35.42,0.84,0.84,2025-06-11,2025-06-10,3,Solid,Radford All Country,No,unmatched,No match found on expected US country/zone + Radford job code.,,,,,,,,,,,,,,
SYN00022,Harper Carter,United States of America,California,Z3,Job Code: JC100019,Business Development Rep II,SA.ISTL.P2,IC2,29.0,32.0,41.0,0.9973,31.91,in_range,0.1,3.19,35.11,0.74,0.74,2025-07-05,2025-07-17,3,Solid,Radford All Country,No,unmatched,No match found on expected US country/zone + Radford job code.,,,,,,,,,,,,,,
SYN00023,Elliot Carter,United States of America,California,Z3,Job Code: JC100022,CEO,LE.GLEC.E6,E4,366400.0,458000.0,549600.0,0.92,421360.0,in_range,0.0,0.0,421360.0,14.18,14.18,2012-02-06,2012-02-02,3,Solid,Radford All Country,Yes,exact_us_zone,US row matched using country + zone + Radford job code.,United States - Z3,Z3 US,United States - TS 100M - 1B Rev Z2 US,U.S. Dollars - USD,LE.GLEC.E6,General - Chief Executive Officer (CEO) - Corporate - Executive 6 (E6),,,,,500000.0,519750.0,600000.0,697000.0
SYN00024,Dakota Carter,United States of America,California,Z3,Job Code: JC100023,COO,LE.GLOC.E5,E4,366400.0,458000.0,549600.0,0.92,421360.0,in_range,0.0,0.0,421360.0,14.18,14.18,2012-01-30,2012-01-29,3,Solid,Radford All Country,No,unmatched,No match found on expected US country/zone + Radford job code.,,,,,,,,,,,,,,
SYN00025,Kendall Carter,United States of America,California,Z3,Job Code: JC100025,Chief Marketing Officer,MK.GLHD.E3,E3,360000.0,450000.0,540000.0,0.94,423000.0,in_range,0.0,0.0,423000.0,3.42,3.42,2022-10-31,2022-11-11,4,Strong,Radford All Country,Yes,exact_us_zone,US row matched using country + zone + Radford job code.,United States - Z3,Z3 US,United States - TS 100M - 1B Rev Z2 US,U.S. Dollars - USD,MK.GLHD.E3,General - Top / Chief Marketing (CMO) - Corporate - Executive 3 (E3),,,,,375000.0,400000.0,412500.0,442000.0
SYN00026,Sage Carter,United States of America,California,Z3,Job Code: JC100026,Chief Revenue Officer,SA.GLHD.E3,E3,328000.0,410000.0,492000.0,1.0,410000.0,in_range,0.0,0.0,410000.0,3.55,3.55,2022-09-17,2022-09-13,3,Solid,Radford All Country,Yes,exact_us_zone,US row matched using country + zone + Radford job code.,United States - Z3,Z3 US,United States - TS 100M - 1B Rev Z2 US,U.S. Dollars - USD,SA.GLHD.E3,General - Top Sales - Corporate - Executive 3 (E3),,,,,390000.0,419438.0,429500.0,465000.0
SYN00027,Peyton Carter,United States of America,California,Z3,Job Code: JC100029,Commercial Sales Rep III,SA.FSDN.P3,IC3,76752.0,92106.0,107460.0,0.8748,80570.45,in_range,0.1,8057.04,88627.49,2.92,1.83,2023-05-05,2024-06-07,3,Solid,Radford All Country,Yes,exact_us_zone,US row matched using country + zone + Radford job code.,United States - Z3,Z3 US,United States - TS 100M - 1B Rev Z2 US,U.S. Dollars - USD,SA.FSDN.P3,Field Sales - Sales Account Management - Direct Sales - New Accounts - Career (P3),,,,,112000.0,123875.0,134200.0,150620.0
SYN00028,Tatum Carter,United States of America,California,Z3,Job Code: JC100029,Commercial Sales Rep III,SA.FSDN.P3,IC3,76752.0,92106.0,107460.0,0.8691,80049.39,in_range,0.1,8004.94,88054.33,1.76,1.47,2024-07-03,2024-10-17,3,Solid,Radford All Country,Yes,exact_us_zone,US row matched using country + zone + Radford job code.,United States - Z3,Z3 US,United States - TS 100M - 1B Rev Z2 US,U.S. Dollars - USD,SA.FSDN.P3,Field Sales - Sales Account Management - Direct Sales - New Accounts - Career (P3),,,,,112000.0,123875.0,134200.0,150620.0
SYN00029,Micah Carter,United States of America,Colorado,Z3,Job Code: JC100029,Commercial Sales Rep III,SA.FSDN.P3,IC3,76752.0,92106.0,107460.0,0.8983,82743.02,in_range,0.1,8274.3,91017.32,3.69,3.05,2022-08-01,2023-03-16,3,Solid,Radford All Country,Yes,exact_us_zone,US row matched using country + zone + Radford job code.,United States - Z3,Z3 US,United States - TS 100M - 1B Rev Z2 US,U.S. Dollars - USD,SA.FSDN.P3,Field Sales - Sales Account Management - Direct Sales - New Accounts - Career (P3),,,,,112000.0,123875.0,134200.0,150620.0
SYN00030,Robin Carter,United States of America,Colorado,Z3,Job Code: JC100029,Commercial Sales Rep III,SA.FSDN.P3,IC3,76752.0,92106.0,107460.0,1.0602,97650.01,in_range,0.1,9765.0,107415.01,3.16,2.3,2023-02-07,2023-12-17,3,Solid,Radford All Country,Yes,exact_us_zone,US row matched using country + zone + Radford job code.,United States - Z3,Z3 US,United States - TS 100M - 1B Rev Z2 US,U.S. Dollars - USD,SA.FSDN.P3,Field Sales - Sales Account Management - Direct Sales - New Accounts - Career (P3),,,,,112000.0,123875.0,134200.0,150620.0
SYN00031,Devon Carter,United States of America,California,Z3,Job Code: JC100029,Commercial Sales Rep III,SA.FSDN.P3,IC3,76752.0,92106.0,107460.0,0.9621,88614.97,in_range,0.1,8861.5,97476.47,2.51,1.21,2023-09-30,2025-01-22,3,Solid,Radford All Country,Yes,exact_us_zone,US row matched using country + zone + Radford job code.,United States - Z3,Z3 US,United States - TS 100M - 1B Rev Z2 US,U.S. Dollars - USD,SA.FSDN.P3,Field Sales - Sales Account Management - Direct Sales - New Accounts - Career (P3),,,,,112000.0,123875.0,134200.0,150620.0
SYN00032,Sawyer Carter,United States of America,California,Z3,Job Code: JC100029,Commercial Sales Rep III,SA.FSDN.P3,IC3,76752.0,92106.0,107460.0,1.003,92381.54,in_range,0.1,9238.15,101619.7,3.88,1.87,2022-05-23,2024-05-26,4,Strong,Radford All Country,Yes,exact_us_zone,US row matched using country + zone + Radford job code.,United States - Z3,Z3 US,United States - TS 100M - 1B Rev Z2 US,U.S. Dollars - USD,SA.FSDN.P3,Field Sales - Sales Account Management - Direct Sales - New Accounts - Career (P3),,,,,112000.0,123875.0,134200.0,150620.0
SYN00033,Charlie Carter,United States of America,Colorado,Z3,Job Code: JC100029,Commercial Sales Rep III,SA.FSDN.P3,IC3,76752.0,92106.0,107460.0,1.0033,92407.46,in_range,0.1,9240.75,101648.2,3.88,2.57,2022-05-22,2023-09-13,3,Solid,Radford All Country,Yes,exact_us_zone,US row matched using country + zone + Radford job code.,United States - Z3,Z3 US,United States - TS 100M - 1B Rev Z2 US,U.S. Dollars - USD,SA.FSDN.P3,Field Sales - Sales Account Management - Direct Sales - New Accounts - Career (P3),,,,,112000.0,123875.0,134200.0,150620.0
SYN00034,Remy Carter,United States of America,Colorado,Z3,Job Code: JC100029,Commercial Sales Rep III,SA.FSDN.P3,IC3,76752.0,92106.0,107460.0,0.9081,83642.84,in_range,0.1,8364.28,92007.12,2.06,1.42,2024-03-12,2024-11-10,3,Solid,Radford All Country,Yes,exact_us_zone,US row matched using country + zone + Radford job code.,United States - Z3,Z3 US,United States - TS 100M - 1B Rev Z2 US,U.S. Dollars - USD,SA.FSDN.P3,Field Sales - Sales Account Management - Direct Sales - New Accounts - Career (P3),,,,,112000.0,123875.0,134200.0,150620.0
SYN00035,Shawn Carter,United States of America,California,Z3,Job Code: JC100029,Commercial Sales Rep III,SA.FSDN.P3,IC3,76752.0,92106.0,107460.0,0.9736,89678.12,in_range,0.1,8967.81,98645.94,2.56,1.62,2023-09-14,2024-08-16,3,Solid,Radford All Country,Yes,exact_us_zone,US row matched using country + zone + Radford job code.,United States - Z3,Z3 US,United States - TS 100M - 1B Rev Z2 US,U.S. Dollars - USD,SA.FSDN.P3,Field Sales - Sales Account Management - Direct Sales - New Accounts - Career (P3),,,,,112000.0,123875.0,134200.0,150620.0
SYN00036,Noel Carter,United States of America,California,Z3,Job Code: JC100029,Commercial Sales Rep III,SA.FSDN.P3,IC3,76752.0,92106.0,107460.0,0.8333,76752.0,in_range,0.1,7675.2,84427.2,3.23,1.86,2023-01-11,2024-05-29,3,Solid,Radford All Country,Yes,exact_us_zone,US row matched using country + zone + Radford job code.,United States - Z3,Z3 US,United States - TS 100M - 1B Rev Z2 US,U.S. Dollars - USD,SA.FSDN.P3,Field Sales - Sales Account Management - Direct Sales - New Accounts - Career (P3),,,,,112000.0,123875.0,134200.0,150620.0
SYN00037,Aubrey Carter,United States of America,California,Z3,Job Code: JC100029,Commercial Sales Rep III,SA.FSDN.P3,IC3,76752.0,92106.0,107460.0,0.8942,82365.56,in_range,0.1,8236.56,90602.12,3.37,2.31,2022-11-20,2023-12-17,3,Solid,Radford All Country,Yes,exact_us_zone,US row matched using country + zone + Radford job code.,United States - Z3,Z3 US,United States - TS 100M - 1B Rev Z2 US,U.S. Dollars - USD,SA.FSDN.P3,Field Sales - Sales Account Management - Direct Sales - New Accounts - Career (P3),,,,,112000.0,123875.0,134200.0,150620.0
SYN00038,Bailey Carter,United States of America,Wisconsin,Z3,Job Code: JC100029,Commercial Sales Rep III,SA.FSDN.P3,IC3,76752.0,92106.0,107460.0,0.9593,88356.47,in_range,0.1,8835.65,97192.11,2.54,1.77,2023-09-17,2024-07-06,3,Solid,Radford All Country,Yes,exact_us_zone,US row matched using country + zone + Radford job code.,United States - Z3,Z3 US,United States - TS 100M - 1B Rev Z2 US,U.S. Dollars - USD,SA.FSDN.P3,Field Sales - Sales Account Management - Direct Sales - New Accounts - Career (P3),,,,,112000.0,123875.0,134200.0,150620.0
SYN00039,Jules Carter,United States of America,Colorado,Z3,Job Code: JC100029,Commercial Sales Rep III,SA.FSDN.P3,IC3,76752.0,92106.0,107460.0,0.9528,87758.87,in_range,0.1,8775.89,96534.75,2.91,1.34,2023-05-06,2024-12-10,3,Solid,Radford All Country,Yes,exact_us_zone,US row matched using country + zone + Radford job code.,United States - Z3,Z3 US,United States - TS 100M - 1B Rev Z2 US,U.S. Dollars - USD,SA.FSDN.P3,Field Sales - Sales Account Management - Direct Sales - New Accounts - Career (P3),,,,,112000.0,123875.0,134200.0,150620.0
SYN00040,Kieran Carter,United States of America,California,Z3,Job Code: JC100029,Commercial Sales Rep III,SA.FSDN.P3,IC3,76752.0,92106.0,107460.0,0.8759,80671.8,in_range,0.1,8067.18,88738.98,0.62,0.62,2025-08-22,2025-08-30,3,Solid,Radford All Country,Yes,exact_us_zone,US row matched using country + zone + Radford job code.,United States - Z3,Z3 US,United States - TS 100M - 1B Rev Z2 US,U.S. Dollars - USD,SA.FSDN.P3,Field Sales - Sales Account Management - Direct Sales - New Accounts - Career (P3),,,,,112000.0,123875.0,134200.0,150620.0
SYN00041,Marlowe Carter,United States of America,California,Z3,Job Code: JC100029,Commercial Sales Rep III,SA.FSDN.P3,IC3,76752.0,92106.0,107460.0,0.9736,89674.54,in_range,0.1,8967.45,98641.99,3.52,2.35,2022-09-23,2023-12-04,3,Solid,Radford All Country,Yes,exact_us_zone,US row matched using country + zone + Radford job code.,United States - Z3,Z3 US,United States - TS 100M - 1B Rev Z2 US,U.S. Dollars - USD,SA.FSDN.P3,Field Sales - Sales Account Management - Direct Sales - New Accounts - Career (P3),,,,,112000.0,123875.0,134200.0,150620.0
SYN00042,Adrian Carter,United States of America,California,Z3,Job Code: JC100030,Commercial Sales Rep IV,SA.FSDN.P4,IC4,92552.0,111129.0,138828.0,0.8813,97937.7,in_range,0.1,9793.77,107731.47,3.65,2.14,2022-08-16,2024-02-13,2,Developing,Radford All Country,Yes,exact_us_zone,US row matched using country + zone + Radford job code.,United States - Z3,Z3 US,United States - TS 100M - 1B Rev Z2 US,U.S. Dollars - USD,SA.FSDN.P4,Field Sales - Sales Account Management - Direct Sales - New Accounts - Advanced (P4),,,,,150000.0,160000.0,165000.0,175000.0
SYN00043,Eden Carter,United States of America,Colorado,Z3,Job Code: JC100030,Commercial Sales Rep IV,SA.FSDN.P4,IC4,92552.0,111129.0,138828.0,0.8642,96032.72,in_range,0.1,9603.27,105635.99,3.75,2.89,2022-07-07,2023-05-21,3,Solid,Radford All Country,Yes,exact_us_zone,US row matched using country + zone + Radford job code.,United States - Z3,Z3 US,United States - TS 100M - 1B Rev Z2 US,U.S. Dollars - USD,SA.FSDN.P4,Field Sales - Sales Account Management - Direct Sales - New Accounts - Advanced (P4),,,,,150000.0,160000.0,165000.0,175000.0
SYN00044,Jesse Carter,United States of America,Massachusetts,Z3,Job Code: JC100030,Commercial Sales Rep IV,SA.FSDN.P4,IC4,92552.0,111129.0,138828.0,0.9112,101260.14,in_range,0.1,10126.01,111386.15,3.99,3.2,2022-04-06,2023-01-22,4,Strong,Radford All Country,Yes,exact_us_zone,US row matched using country + zone + Radford job code.,United States - Z3,Z3 US,United States - TS 100M - 1B Rev Z2 US,U.S. Dollars - USD,SA.FSDN.P4,Field Sales - Sales Account Management - Direct Sales - New Accounts - Advanced (P4),,,,,150000.0,160000.0,165000.0,175000.0
SYN00045,Lane Carter,United States of America,Hawaii,Z3,Job Code: JC100030,Commercial Sales Rep IV,SA.FSDN.P4,IC4,92552.0,111129.0,138828.0,0.8812,97926.71,in_range,0.1,9792.67,107719.38,4.83,2.55,2021-06-03,2023-09-22,2,Developing,Radford All Country,Yes,exact_us_zone,US row matched using country + zone + Radford job code.,United States - Z3,Z3 US,United States - TS 100M - 1B Rev Z2 US,U.S. Dollars - USD,SA.FSDN.P4,Field Sales - Sales Account Management - Direct Sales - New Accounts - Advanced (P4),,,,,150000.0,160000.0,165000.0,175000.0
SYN00046,Shiloh Carter,United States of America,Colorado,Z3,Job Code: JC100030,Commercial Sales Rep IV,SA.FSDN.P4,IC4,92552.0,111129.0,138828.0,0.9888,109888.3,in_range,0.1,10988.83,120877.13,4.47,2.75,2021-10-14,2023-07-06,3,Solid,Radford All Country,Yes,exact_us_zone,US row matched using country + zone + Radford job code.,United States - Z3,Z3 US,United States - TS 100M - 1B Rev Z2 US,U.S. Dollars - USD,SA.FSDN.P4,Field Sales - Sales Account Management - Direct Sales - New Accounts - Advanced (P4),,,,,150000.0,160000.0,165000.0,175000.0
SYN00047,Teagan Carter,United States of America,California,Z3,Job Code: JC100030,Commercial Sales Rep IV,SA.FSDN.P4,IC4,92552.0,111129.0,138828.0,0.9719,108010.48,in_range,0.1,10801.05,118811.53,2.6,1.26,2023-09-01,2025-01-03,4,Strong,Radford All Country,Yes,exact_us_zone,US row matched using country + zone + Radford job code.,United States - Z3,Z3 US,United States - TS 100M - 1B Rev Z2 US,U.S. Dollars - USD,SA.FSDN.P4,Field Sales - Sales Account Management - Direct Sales - New Accounts - Advanced (P4),,,,,150000.0,160000.0,165000.0,175000.0
SYN00048,Ari Carter,United States of America,Colorado,Z3,Job Code: JC100030,Commercial Sales Rep IV,SA.FSDN.P4,IC4,92552.0,111129.0,138828.0,0.9617,106874.58,in_range,0.1,10687.46,117562.04,3.96,1.78,2022-04-17,2024-06-29,3,Solid,Radford All Country,Yes,exact_us_zone,US row matched using country + zone + Radford job code.,United States - Z3,Z3 US,United States - TS 100M - 1B Rev Z2 US,U.S. Dollars - USD,SA.FSDN.P4,Field Sales - Sales Account Management - Direct Sales - New Accounts - Advanced (P4),,,,,150000.0,160000.0,165000.0,175000.0
SYN00049,Milan Carter,United States of America,California,Z3,Job Code: JC100030,Commercial Sales Rep IV,SA.FSDN.P4,IC4,92552.0,111129.0,138828.0,0.9733,108160.43,in_range,0.1,10816.04,118976.47,4.5,1.87,2021-09-30,2024-05-30,3,Solid,Radford All Country,Yes,exact_us_zone,US row matched using country + zone + Radford job code.,United States - Z3,Z3 US,United States - TS 100M - 1B Rev Z2 US,U.S. Dollars - USD,SA.FSDN.P4,Field Sales - Sales Account Management - Direct Sales - New Accounts - Advanced (P4),,,,,150000.0,160000.0,165000.0,175000.0
SYN00050,Nico Carter,United States of America,California,Z3,Job Code: JC100030,Commercial Sales Rep IV,SA.FSDN.P4,IC4,92552.0,111129.0,138828.0,0.8328,92552.0,in_range,0.1,9255.2,101807.2,4.67,2.23,2021-07-30,2024-01-09,3,Solid,Radford All Country,Yes,exact_us_zone,US row matched using country + zone + Radford job code.,United States - Z3,Z3 US,United States - TS 100M - 1B Rev Z2 US,U.S. Dollars - USD,SA.FSDN.P4,Field Sales - Sales Account Management - Direct Sales - New Accounts - Advanced (P4),,,,,150000.0,160000.0,165000.0,175000.0
SYN00051,Aisha Carter,United States of America,Virginia,Z3,Job Code: JC100030,Commercial Sales Rep IV,SA.FSDN.P4,IC4,92552.0,111129.0,138828.0,1.0776,119754.12,in_range,0.1,11975.41,131729.53,3.8,2.05,2022-06-14,2024-03-12,3,Solid,Radford All Country,Yes,exact_us_zone,US row matched using country + zone + Radford job code.,United States - Z3,Z3 US,United States - TS 100M - 1B Rev Z2 US,U.S. Dollars - USD,SA.FSDN.P4,Field Sales - Sales Account Management - Direct Sales - New Accounts - Advanced (P4),,,,,150000.0,160000.0,165000.0,175000.0
SYN00052,Priya Carter,United States of America,Pennsylvania,Z3,Job Code: JC100030,Commercial Sales Rep IV,SA.FSDN.P4,IC4,92552.0,111129.0,138828.0,0.9401,104467.96,in_range,0.1,10446.8,114914.75,3.7,2.09,2022-07-28,2024-03-07,4,Strong,Radford All Country,Yes,exact_us_zone,US row matched using country + zone + Radford job code.,United States - Z3,Z3 US,United States - TS 100M - 1B Rev Z2 US,U.S. Dollars - USD,SA.FSDN.P4,Field Sales - Sales Account Management - Direct Sales - New Accounts - Advanced (P4),,,,,150000.0,160000.0,165000.0,175000.0
SYN00053,Leah Carter,United States of America,Colorado,Z3,Job Code: JC100030,Commercial Sales Rep IV,SA.FSDN.P4,IC4,92552.0,111129.0,138828.0,1.1177,124206.96,in_range,0.1,12420.7,136627.66,4.35,3.39,2021-12-04,2022-11-19,3,Solid,Radford All Country,Yes,exact_us_zone,US row matched using country + zone + Radford job code.,United States - Z3,Z3 US,United States - TS 100M - 1B Rev Z2 US,U.S. Dollars - USD,SA.FSDN.P4,Field Sales - Sales Account Management - Direct Sales - New Accounts - Advanced (P4),,,,,150000.0,160000.0,165000.0,175000.0
SYN00054,Sophia Carter,United States of America,Colorado,Z3,Job Code: JC100030,Commercial Sales Rep IV,SA.FSDN.P4,IC4,92552.0,111129.0,138828.0,0.9559,106231.8,in_range,0.1,10623.18,116854.98,3.5,1.81,2022-10-13,2024-06-17,3,Solid,Radford All Country,Yes,exact_us_zone,US row matched using country + zone + Radford job code.,United States - Z3,Z3 US,United States - TS 100M - 1B Rev Z2 US,U.S. Dollars - USD,SA.FSDN.P4,Field Sales - Sales Account Management - Direct Sales - New Accounts - Advanced (P4),,,,,150000.0,160000.0,165000.0,175000.0
SYN00055,Maya Carter,United States of America,California,Z3,Job Code: JC100030,Commercial Sales Rep IV,SA.FSDN.P4,IC4,92552.0,111129.0,138828.0,0.9268,102994.81,in_range,0.1,10299.48,113294.29,0.44,0.44,2025-10-31,2025-10-21,3,Solid,Radford All Country,Yes,exact_us_zone,US row matched using country + zone + Radford job code.,United States - Z3,Z3 US,United States - TS 100M - 1B Rev Z2 US,U.S. Dollars - USD,SA.FSDN.P4,Field Sales - Sales Account Management - Direct Sales - New Accounts - Advanced (P4),,,,,150000.0,160000.0,165000.0,175000.0
SYN00056,Zoe Carter,United States of America,California,Z3,Job Code: JC100030,Commercial Sales Rep IV,SA.FSDN.P4,IC4,92552.0,111129.0,138828.0,1.0991,122142.54,in_range,0.1,12214.25,134356.79,4.29,1.98,2021-12-19,2024-04-07,3,Solid,Radford All Country,Yes,exact_us_zone,US row matched using country + zone + Radford job code.,United States - Z3,Z3 US,United States - TS 100M - 1B Rev Z2 US,U.S. Dollars - USD,SA.FSDN.P4,Field Sales - Sales Account Management - Direct Sales - New Accounts - Advanced (P4),,,,,150000.0,160000.0,165000.0,175000.0
SYN00057,Olivia Carter,United States of America,North Carolina,Z3,Job Code: JC100030,Commercial Sales Rep IV,SA.FSDN.P4,IC4,92552.0,111129.0,138828.0,0.8328,92552.0,in_range,0.1,9255.2,101807.2,3.99,1.84,2022-04-12,2024-06-11,3,Solid,Radford All Country,Yes,exact_us_zone,US row matched using country + zone + Radford job code.,United States - Z3,Z3 US,United States - TS 100M - 1B Rev Z2 US,U.S. Dollars - USD,SA.FSDN.P4,Field Sales - Sales Account Management - Direct Sales - New Accounts - Advanced (P4),,,,,150000.0,160000.0,165000.0,175000.0
SYN00058,Emma Carter,United States of America,California,Z3,Job Code: JC100030,Commercial Sales Rep IV,SA.FSDN.P4,IC4,92552.0,111129.0,138828.0,1.0211,113478.65,in_range,0.1,11347.86,124826.51,4.71,2.91,2021-07-16,2023-05-05,3,Solid,Radford All Country,Yes,exact_us_zone,US row matched using country + zone + Radford job code.,United States - Z3,Z3 US,United States - TS 100M - 1B Rev Z2 US,U.S. Dollars - USD,SA.FSDN.P4,Field Sales - Sales Account Management - Direct Sales - New Accounts - Advanced (P4),,,,,150000.0,160000.0,165000.0,175000.0
SYN00059,Isabella Carter,United States of America,Arizona,Z3,Job Code: JC100030,Commercial Sales Rep IV,SA.FSDN.P4,IC4,92552.0,111129.0,138828.0,0.8747,97201.26,in_range,0.1,9720.13,106921.38,4.63,3.64,2021-08-14,2022-08-22,4,Strong,Radford All Country,Yes,exact_us_zone,US row matched using country + zone + Radford job code.,United States - Z3,Z3 US,United States - TS 100M - 1B Rev Z2 US,U.S. Dollars - USD,SA.FSDN.P4,Field Sales - Sales Account Management - Direct Sales - New Accounts - Advanced (P4),,,,,150000.0,160000.0,165000.0,175000.0
SYN00060,Mia Carter,United States of America,Nebraska,Z3,Job Code: JC100031,Commercial Sales Rep V,SA.FSDN.P5,IC5,109819.0,129730.0,164729.0,0.8832,114579.88,in_range,0.15,17186.98,131766.86,5.03,2.25,2021-03-21,2024-01-12,4,Strong,Radford All Country,Yes,exact_us_zone,US row matched using country + zone + Radford job code.,United States - Z3,Z3 US,United States - TS 100M - 1B Rev Z2 US,U.S. Dollars - USD,SA.FSDN.P5,Field Sales - Sales Account Management - Direct Sales - New Accounts - Expert (P5),,,,,170600.0,179687.0,185000.0,207950.0
SYN00061,Amelia Carter,United States of America,Colorado,Z3,Job Code: JC100031,Commercial Sales Rep V,SA.FSDN.P5,IC5,109819.0,129730.0,164729.0,0.862,111826.05,in_range,0.15,16773.91,128599.96,4.08,1.73,2022-03-09,2024-07-10,3,Solid,Radford All Country,Yes,exact_us_zone,US row matched using country + zone + Radford job code.,United States - Z3,Z3 US,United States - TS 100M - 1B Rev Z2 US,U.S. Dollars - USD,SA.FSDN.P5,Field Sales - Sales Account Management - Direct Sales - New Accounts - Expert (P5),,,,,170600.0,179687.0,185000.0,207950.0
SYN00062,Charlotte Carter,United States of America,California,Z3,Job Code: JC100031,Commercial Sales Rep V,SA.FSDN.P5,IC5,109819.0,129730.0,164729.0,0.9513,123408.4,in_range,0.15,18511.26,141919.66,2.23,1.16,2024-01-18,2025-02-14,3,Solid,Radford All Country,Yes,exact_us_zone,US row matched using country + zone + Radford job code.,United States - Z3,Z3 US,United States - TS 100M - 1B Rev Z2 US,U.S. Dollars - USD,SA.FSDN.P5,Field Sales - Sales Account Management - Direct Sales - New Accounts - Expert (P5),,,,,170600.0,179687.0,185000.0,207950.0
SYN00063,Lila Carter,United States of America,New York,Z3,Job Code: JC100036,Compensation & Benefits Analyst V,HR.CBCB.P5,IC5,175930.0,219912.0,263894.0,0.89,195721.68,in_range,0.15,29358.25,225079.93,3.57,1.49,2022-09-05,2024-10-07,3,Solid,Radford All Country,No,unmatched,No match found on expected US country/zone + Radford job code.,,,,,,,,,,,,,,
SYN00106,Rowan Nguyen,United States of America,Massachusetts,Z3,Job Code: JC100048,Corporate Counsel IV,LG.ATMF.P4,IC4,217495.0,271868.5,326242.0,0.92,250119.02,in_range,0.1,25011.9,275130.92,3.28,2.29,2022-12-20,2023-12-28,3,Solid,Radford All Country,Yes,exact_us_zone,US row matched using country + zone + Radford job code.,United States - Z3,Z3 US,United States - TS 100M - 1B Rev Z2 US,U.S. Dollars - USD,LG.ATMF.P4,Attorney - Multi-Focus - Advanced (P4),,,,,218500.0,235855.0,244600.0,270000.0
SYN00107,Casey Nguyen,United States of America,California,Z3,Job Code: JC100052,Renewals Manager II,SA.ISCR.S2,IC2,82410.0,87907.5,115382.0,1.036,91069.49,in_range,0.1,9106.95,100176.44,0.79,0.79,2025-06-27,2025-06-16,3,Solid,Radford All Country,Yes,exact_us_zone,US row matched using country + zone + Radford job code.,United States - Z3,Z3 US,United States - TS 100M - 1B Rev Z2 US,U.S. Dollars - USD,SA.ISCR.S2,Inside Sales / Telemarketing - Contract Renewal - Intermediate (S2),,,,,64337.0,75000.0,75000.0,
SYN00108,Alex Nguyen,United States of America,Colorado,Z3,Job Code: JC100052,Renewals Manager II,SA.ISCR.S2,IC2,82410.0,87907.5,115382.0,1.0228,89907.43,in_range,0.1,8990.74,98898.17,0.46,0.46,2025-10-20,2025-10-15,3,Solid,Radford All Country,Yes,exact_us_zone,US row matched using country + zone + Radford job code.,United States - Z3,Z3 US,United States - TS 100M - 1B Rev Z2 US,U.S. Dollars - USD,SA.ISCR.S2,Inside Sales / Telemarketing - Contract Renewal - Intermediate (S2),,,,,64337.0,75000.0,75000.0,
SYN00109,Jamie Nguyen,United States of America,Georgia,Z3,Job Code: JC100052,Renewals Manager II,SA.ISCR.S2,IC2,82410.0,87907.5,115382.0,1.0329,90800.35,in_range,0.1,9080.03,99880.38,0.68,0.68,2025-07-31,2025-08-09,5,High,Radford All Country,Yes,exact_us_zone,US row matched using country + zone + Radford job code.,United States - Z3,Z3 US,United States - TS 100M - 1B Rev Z2 US,U.S. Dollars - USD,SA.ISCR.S2,Inside Sales / Telemarketing - Contract Renewal - Intermediate (S2),,,,,64337.0,75000.0,75000.0,
SYN00110,Blake Nguyen,United States of America,Colorado,Z3,Job Code: JC100054,Renewals Manager IV,SA.ISCR.S4,IC4,123443.0,137559.0,185164.0,1.02,140310.18,in_range,0.1,14031.02,154341.2,3.7,3.0,2022-07-23,2023-04-13,3,Solid,Radford All Country,Yes,exact_us_zone,US row matched using country + zone + Radford job code.,United States - Z3,Z3 US,United States - TS 100M - 1B Rev Z2 US,U.S. Dollars - USD,SA.ISCR.S4,Inside Sales / Telemarketing - Contract Renewal - Highly Skilled (S4),,,,,110000.0,125311.0,132000.0,136240.0
SYN00111,Drew Nguyen,United States of America,Colorado,Z3,Job Code: JC100087,Customer Support Engineer II,CS.FSTS.P2,IC2,89731.0,96590.5,125632.0,0.929,89731.0,in_range,0.1,8973.1,98704.1,0.72,0.72,2025-07-15,2025-07-24,3,Solid,Radford All Country,Yes,exact_us_zone,US row matched using country + zone + Radford job code.,United States - Z3,Z3 US,United States - TS 100M - 1B Rev Z2 US,U.S. Dollars - USD,CS.FSTS.P2,Field Support - Technical Support Engineering - Developing (P2),,,,,91000.0,100109.0,107901.0,129190.0
SYN00112,Reese Nguyen,United States of America,New York,Z3,Job Code: JC100087,Customer Support Engineer II,CS.FSTS.P2,IC2,89731.0,96590.5,125632.0,0.929,89731.0,in_range,0.1,8973.1,98704.1,0.59,0.59,2025-09-02,2025-08-28,4,Strong,Radford All Country,Yes,exact_us_zone,US row matched using country + zone + Radford job code.,United States - Z3,Z3 US,United States - TS 100M - 1B Rev Z2 US,U.S. Dollars - USD,CS.FSTS.P2,Field Support - Technical Support Engineering - Developing (P2),,,,,91000.0,100109.0,107901.0,129190.0
SYN00113,Sydney Nguyen,United States of America,Washington,Z3,Job Code: JC100088,Customer Support Engineer III,CS.FSTS.P3,IC3,111714.0,120655.0,156410.0,1.0666,128694.97,in_range,0.1,12869.5,141564.47,2.5,1.23,2023-10-10,2025-01-11,3,Solid,Radford All Country,Yes,exact_us_zone,US row matched using country + zone + Radford job code.,United States - Z3,Z3 US,United States - TS 100M - 1B Rev Z2 US,U.S. Dollars - USD,CS.FSTS.P3,Field Support - Technical Support Engineering - Career (P3),,,,,113000.0,120127.0,131082.0,151875.0
SYN00114,Emerson Nguyen,United States of America,California,Z3,Job Code: JC100088,Customer Support Engineer III,CS.FSTS.P3,IC3,111714.0,120655.0,156410.0,0.998,120413.7,in_range,0.1,12041.37,132455.07,0.59,0.59,2025-09-06,2025-09-11,3,Solid,Radford All Country,Yes,exact_us_zone,US row matched using country + zone + Radford job code.,United States - Z3,Z3 US,United States - TS 100M - 1B Rev Z2 US,U.S. Dollars - USD,CS.FSTS.P3,Field Support - Technical Support Engineering - Career (P3),,,,,113000.0,120127.0,131082.0,151875.0
SYN00115,Logan Nguyen,United States of America,California,Z3,Job Code: JC100088,Customer Support Engineer III,CS.FSTS.P3,IC3,111714.0,120655.0,156410.0,1.0474,126378.28,in_range,0.1,12637.83,139016.11,3.0,2.42,2023-04-04,2023-11-08,2,Developing,Radford All Country,Yes,exact_us_zone,US row matched using country + zone + Radford job code.,United States - Z3,Z3 US,United States - TS 100M - 1B Rev Z2 US,U.S. Dollars - USD,CS.FSTS.P3,Field Support - Technical Support Engineering - Career (P3),,,,,113000.0,120127.0,131082.0,151875.0
SYN00116,Skyler Nguyen,United States of America,Colorado,Z3,Job Code: JC100088,Customer Support Engineer III,CS.FSTS.P3,IC3,111714.0,120655.0,156410.0,0.9259,111714.0,in_range,0.1,11171.4,122885.4,3.0,2.3,2023-04-12,2023-12-20,3,Solid,Radford All Country,Yes,exact_us_zone,US row matched using country + zone + Radford job code.,United States - Z3,Z3 US,United States - TS 100M - 1B Rev Z2 US,U.S. Dollars - USD,CS.FSTS.P3,Field Support - Technical Support Engineering - Career (P3),,,,,113000.0,120127.0,131082.0,151875.0
SYN00117,Finley Nguyen,United States of America,Connecticut,Z3,Job Code: JC100088,Customer Support Engineer III,CS.FSTS.P3,IC3,111714.0,120655.0,156410.0,1.0304,124324.96,in_range,0.1,12432.5,136757.46,3.86,2.53,2022-05-23,2023-09-19,3,Solid,Radford All Country,Yes,exact_us_zone,US row matched using country + zone + Radford job code.,United States - Z3,Z3 US,United States - TS 100M - 1B Rev Z2 US,U.S. Dollars - USD,CS.FSTS.P3,Field Support - Technical Support Engineering - Career (P3),,,,,113000.0,120127.0,131082.0,151875.0
SYN00118,Harper Nguyen,United States of America,California,Z3,Job Code: JC100089,Customer Support Engineer IV,CS.FSTS.P4,IC4,128665.0,160831.0,192997.0,1.0361,166634.12,in_range,0.1,16663.41,183297.54,3.15,2.01,2023-02-10,2024-04-07,2,Developing,Radford All Country,Yes,exact_us_zone,US row matched using country + zone + Radford job code.,United States - Z3,Z3 US,United States - TS 100M - 1B Rev Z2 US,U.S. Dollars - USD,CS.FSTS.P4,Field Support - Technical Support Engineering - Advanced (P4),,,,,130650.0,139560.0,150984.0,168419.0
SYN00119,Elliot Nguyen,United States of America,Pennsylvania,Z3,Job Code: JC100089,Customer Support Engineer IV,CS.FSTS.P4,IC4,128665.0,160831.0,192997.0,1.0182,163758.62,in_range,0.1,16375.86,180134.48,3.59,1.93,2022-09-02,2024-05-07,3,Solid,Radford All Country,Yes,exact_us_zone,US row matched using country + zone + Radford job code.,United States - Z3,Z3 US,United States - TS 100M - 1B Rev Z2 US,U.S. Dollars - USD,CS.FSTS.P4,Field Support - Technical Support Engineering - Advanced (P4),,,,,130650.0,139560.0,150984.0,168419.0
SYN00120,Dakota Nguyen,United States of America,California,Z3,Job Code: JC100089,Customer Support Engineer IV,CS.FSTS.P4,IC4,128665.0,160831.0,192997.0,0.9745,156734.39,in_range,0.1,15673.44,172407.83,3.48,2.2,2022-10-18,2024-01-21,3,Solid,Radford All Country,Yes,exact_us_zone,US row matched using country + zone + Radford job code.,United States - Z3,Z3 US,United States - TS 100M - 1B Rev Z2 US,U.S. Dollars - USD,CS.FSTS.P4,Field Support - Technical Support Engineering - Advanced (P4),,,,,130650.0,139560.0,150984.0,168419.0
SYN00121,Kendall Nguyen,United States of America,California,Z3,Job Code: JC100089,Customer Support Engineer IV,CS.FSTS.P4,IC4,128665.0,160831.0,192997.0,1.0228,164494.78,in_range,0.1,16449.48,180944.25,0.56,0.56,2025-09-11,2025-09-11,3,Solid,Radford All Country,Yes,exact_us_zone,US row matched using country + zone + Radford job code.,United States - Z3,Z3 US,United States - TS 100M - 1B Rev Z2 US,U.S. Dollars - USD,CS.FSTS.P4,Field Support - Technical Support Engineering - Advanced (P4),,,,,130650.0,139560.0,150984.0,168419.0
SYN00122,Sage Nguyen,United States of America,Wyoming,Z3,Job Code: JC100089,Customer Support Engineer IV,CS.FSTS.P4,IC4,128665.0,160831.0,192997.0,0.964,155038.63,in_range,0.1,15503.86,170542.49,3.7,2.43,2022-07-19,2023-11-04,4,Strong,Radford All Country,Yes,exact_us_zone,US row matched using country + zone + Radford job code.,United States - Z3,Z3 US,United States - TS 100M - 1B Rev Z2 US,U.S. Dollars - USD,CS.FSTS.P4,Field Support - Technical Support Engineering - Advanced (P4),,,,,130650.0,139560.0,150984.0,168419.0
SYN00123,Peyton Nguyen,United States of America,California,Z3,Job Code: JC100089,Customer Support Engineer IV,CS.FSTS.P4,IC4,128665.0,160831.0,192997.0,1.03,165657.08,in_range,0.1,16565.71,182222.78,0.47,0.47,2025-10-24,2025-10-16,2,Developing,Radford All Country,Yes,exact_us_zone,US row matched using country + zone + Radford job code.,United States - Z3,Z3 US,United States - TS 100M - 1B Rev Z2 US,U.S. Dollars - USD,CS.FSTS.P4,Field Support - Technical Support Engineering - Advanced (P4),,,,,130650.0,139560.0,150984.0,168419.0
SYN00124,Tatum Nguyen,United States of America,California,Z3,Job Code: JC100089,Customer Support Engineer IV,CS.FSTS.P4,IC4,128665.0,160831.0,192997.0,1.0351,166477.61,in_range,0.1,16647.76,183125.37,2.24,1.21,2024-01-07,2025-01-16,3,Solid,Radford All Country,Yes,exact_us_zone,US row matched using country + zone + Radford job code.,United States - Z3,Z3 US,United States - TS 100M - 1B Rev Z2 US,U.S. Dollars - USD,CS.FSTS.P4,Field Support - Technical Support Engineering - Advanced (P4),,,,,130650.0,139560.0,150984.0,168419.0
SYN00125,Micah Nguyen,United States of America,Alaska,Z3,Job Code: JC100089,Customer Support Engineer IV,CS.FSTS.P4,IC4,128665.0,160831.0,192997.0,0.9017,145013.49,in_range,0.1,14501.35,159514.84,2.98,1.74,2023-04-20,2024-07-05,3,Solid,Radford All Country,Yes,exact_us_zone,US row matched using country + zone + Radford job code.,United States - Z3,Z3 US,United States - TS 100M - 1B Rev Z2 US,U.S. Dollars - USD,CS.FSTS.P4,Field Support - Technical Support Engineering - Advanced (P4),,,,,130650.0,139560.0,150984.0,168419.0
SYN00126,Robin Nguyen,United States of America,Nevada,Z3,Job Code: JC100089,Customer Support Engineer IV,CS.FSTS.P4,IC4,128665.0,160831.0,192997.0,1.0757,173010.64,in_range,0.1,17301.06,190311.71,2.73,1.62,2023-07-12,2024-08-23,3,Solid,Radford All Country,Yes,exact_us_zone,US row matched using country + zone + Radford job code.,United States - Z3,Z3 US,United States - TS 100M - 1B Rev Z2 US,U.S. Dollars - USD,CS.FSTS.P4,Field Support - Technical Support Engineering - Advanced (P4),,,,,130650.0,139560.0,150984.0,168419.0
SYN00127,Devon Nguyen,United States of America,Tennessee,Z3,Job Code: JC100089,Customer Support Engineer IV,CS.FSTS.P4,IC4,128665.0,160831.0,192997.0,0.8048,129437.75,in_range,0.1,12943.78,142381.53,5.02,1.97,2021-04-05,2024-04-18,3,Solid,Radford All Country,Yes,exact_us_zone,US row matched using country + zone + Radford job code.,United States - Z3,Z3 US,United States - TS 100M - 1B Rev Z2 US,U.S. Dollars - USD,CS.FSTS.P4,Field Support - Technical Support Engineering - Advanced (P4),,,,,130650.0,139560.0,150984.0,168419.0
SYN00128,Sawyer Nguyen,United States of America,California,Z3,Job Code: JC100089,Customer Support Engineer IV,CS.FSTS.P4,IC4,128665.0,160831.0,192997.0,1.0175,163642.03,in_range,0.1,16364.2,180006.23,3.72,1.55,2022-07-14,2024-09-16,3,Solid,Radford All Country,Yes,exact_us_zone,US row matched using country + zone + Radford job code.,United States - Z3,Z3 US,United States - TS 100M - 1B Rev Z2 US,U.S. Dollars - USD,CS.FSTS.P4,Field Support - Technical Support Engineering - Advanced (P4),,,,,130650.0,139560.0,150984.0,168419.0
SYN00129,Charlie Nguyen,United States of America,California,Z3,Job Code: JC100089,Customer Support Engineer IV,CS.FSTS.P4,IC4,128665.0,160831.0,192997.0,1.0488,168685.06,in_range,0.1,16868.51,185553.57,4.37,3.38,2021-11-17,2022-11-26,3,Solid,Radford All Country,Yes,exact_us_zone,US row matched using country + zone + Radford job code.,United States - Z3,Z3 US,United States - TS 100M - 1B Rev Z2 US,U.S. Dollars - USD,CS.FSTS.P4,Field Support - Technical Support Engineering - Advanced (P4),,,,,130650.0,139560.0,150984.0,168419.0
SYN00130,Remy Nguyen,United States of America,Connecticut,Z3,Job Code: JC100089,Customer Support Engineer IV,CS.FSTS.P4,IC4,128665.0,160831.0,192997.0,1.0423,167639.99,in_range,0.1,16764.0,184403.99,4.07,2.74,2022-03-06,2023-07-06,3,Solid,Radford All Country,Yes,exact_us_zone,US row matched using country + zone + Radford job code.,United States - Z3,Z3 US,United States - TS 100M - 1B Rev Z2 US,U.S. Dollars - USD,CS.FSTS.P4,Field Support - Technical Support Engineering - Advanced (P4),,,,,130650.0,139560.0,150984.0,168419.0
SYN00131,Shawn Nguyen,United States of America,California,Z3,Job Code: JC100089,Customer Support Engineer IV,CS.FSTS.P4,IC4,128665.0,160831.0,192997.0,1.0005,160903.86,in_range,0.1,16090.39,176994.24,4.25,2.48,2022-01-02,2023-10-10,3,Solid,Radford All Country,Yes,exact_us_zone,US row matched using country + zone + Radford job code.,United States - Z3,Z3 US,United States - TS 100M - 1B Rev Z2 US,U.S. Dollars - USD,CS.FSTS.P4,Field Support - Technical Support Engineering - Advanced (P4),,,,,130650.0,139560.0,150984.0,168419.0
SYN00132,Noel Nguyen,United States of America,California,Z3,Job Code: JC100089,Customer Support Engineer IV,CS.FSTS.P4,IC4,128665.0,160831.0,192997.0,0.9917,159488.57,in_range,0.1,15948.86,175437.42,3.51,2.17,2022-10-06,2024-02-02,3,Solid,Radford All Country,Yes,exact_us_zone,US row matched using country + zone + Radford job code.,United States - Z3,Z3 US,United States - TS 100M - 1B Rev Z2 US,U.S. Dollars - USD,CS.FSTS.P4,Field Support - Technical Support Engineering - Advanced (P4),,,,,130650.0,139560.0,150984.0,168419.0
SYN00133,Aubrey Nguyen,United States of America,Texas,Z3,Job Code: JC100089,Customer Support Engineer IV,CS.FSTS.P4,IC4,128665.0,160831.0,192997.0,0.8935,143695.86,in_range,0.1,14369.59,158065.45,3.22,1.52,2023-01-17,2024-09-25,3,Solid,Radford All Country,Yes,exact_us_zone,US row matched using country + zone + Radford job code.,United States - Z3,Z3 US,United States - TS 100M - 1B Rev Z2 US,U.S. Dollars - USD,CS.FSTS.P4,Field Support - Technical Support Engineering - Advanced (P4),,,,,130650.0,139560.0,150984.0,168419.0
SYN00134,Bailey Nguyen,United States of America,Colorado,Z3,Job Code: JC100089,Customer Support Engineer IV,CS.FSTS.P4,IC4,128665.0,160831.0,192997.0,1.0695,172011.01,in_range,0.1,17201.1,189212.11,3.82,3.4,2022-06-11,2022-11-10,3,Solid,Radford All Country,Yes,exact_us_zone,US row matched using country + zone + Radford job code.,United States - Z3,Z3 US,United States - TS 100M - 1B Rev Z2 US,U.S. Dollars - USD,CS.FSTS.P4,Field Support - Technical Support Engineering - Advanced (P4),,,,,130650.0,139560.0,150984.0,168419.0
SYN00135,Jules Nguyen,United States of America,California,Z3,Job Code: JC100090,Customer Support Engineer V,CS.FSTS.P5,IC5,158933.0,198666.5,238400.0,0.9846,195609.26,in_range,0.15,29341.39,224950.65,5.41,3.64,2020-11-01,2022-08-16,2,Developing,Radford All Country,Yes,exact_us_zone,US row matched using country + zone + Radford job code.,United States - Z3,Z3 US,United States - TS 100M - 1B Rev Z2 US,U.S. Dollars - USD,CS.FSTS.P5,Field Support - Technical Support Engineering - Expert (P5),,,,,164796.0,174246.0,180000.0,211849.0
SYN00136,Kieran Nguyen,United States of America,Colorado,Z3,Job Code: JC100090,Customer Support Engineer V,CS.FSTS.P5,IC5,158933.0,198666.5,238400.0,0.9275,184253.59,in_range,0.15,27638.04,211891.63,2.83,1.98,2023-06-13,2024-04-17,3,Solid,Radford All Country,Yes,exact_us_zone,US row matched using country + zone + Radford job code.,United States - Z3,Z3 US,United States - TS 100M - 1B Rev Z2 US,U.S. Dollars - USD,CS.FSTS.P5,Field Support - Technical Support Engineering - Expert (P5),,,,,164796.0,174246.0,180000.0,211849.0
SYN00137,Marlowe Nguyen,United States of America,Colorado,Z3,Job Code: JC100090,Customer Support Engineer V,CS.FSTS.P5,IC5,158933.0,198666.5,238400.0,1.1862,235658.93,in_range,0.15,35348.84,271007.76,3.92,2.08,2022-04-30,2024-03-02,3,Solid,Radford All Country,Yes,exact_us_zone,US row matched using country + zone + Radford job code.,United States - Z3,Z3 US,United States - TS 100M - 1B Rev Z2 US,U.S. Dollars - USD,CS.FSTS.P5,Field Support - Technical Support Engineering - Expert (P5),,,,,164796.0,174246.0,180000.0,211849.0
SYN00138,Adrian Nguyen,United States of America,Colorado,Z3,Job Code: JC100090,Customer Support Engineer V,CS.FSTS.P5,IC5,158933.0,198666.5,238400.0,0.9872,196114.79,in_range,0.15,29417.22,225532.01,4.65,2.22,2021-08-14,2024-01-11,4,Strong,Radford All Country,Yes,exact_us_zone,US row matched using country + zone + Radford job code.,United States - Z3,Z3 US,United States - TS 100M - 1B Rev Z2 US,U.S. Dollars - USD,CS.FSTS.P5,Field Support - Technical Support Engineering - Expert (P5),,,,,164796.0,174246.0,180000.0,211849.0
SYN00139,Eden Nguyen,United States of America,Colorado,Z3,Job Code: JC100090,Customer Support Engineer V,CS.FSTS.P5,IC5,158933.0,198666.5,238400.0,0.9604,190808.13,in_range,0.15,28621.22,219429.34,3.71,2.67,2022-07-18,2023-08-02,3,Solid,Radford All Country,Yes,exact_us_zone,US row matched using country + zone + Radford job code.,United States - Z3,Z3 US,United States - TS 100M - 1B Rev Z2 US,U.S. Dollars - USD,CS.FSTS.P5,Field Support - Technical Support Engineering - Expert (P5),,,,,164796.0,174246.0,180000.0,211849.0
SYN00140,Jesse Nguyen,United States of America,Texas,Z3,Job Code: JC100090,Customer Support Engineer V,CS.FSTS.P5,IC5,158933.0,198666.5,238400.0,1.0153,201699.18,in_range,0.15,30254.88,231954.06,2.67,2.04,2023-08-01,2024-03-24,4,Strong,Radford All Country,Yes,exact_us_zone,US row matched using country + zone + Radford job code.,United States - Z3,Z3 US,United States - TS 100M - 1B Rev Z2 US,U.S. Dollars - USD,CS.FSTS.P5,Field Support - Technical Support Engineering - Expert (P5),,,,,164796.0,174246.0,180000.0,211849.0
SYN00141,Lane Nguyen,United States of America,California,Z3,Job Code: JC100090,Customer Support Engineer V,CS.FSTS.P5,IC5,158933.0,198666.5,238400.0,0.9506,188857.63,in_range,0.15,28328.64,217186.27,3.31,2.26,2022-12-12,2024-01-08,3,Solid,Radford All Country,Yes,exact_us_zone,US row matched using country + zone + Radford job code.,United States - Z3,Z3 US,United States - TS 100M - 1B Rev Z2 US,U.S. Dollars - USD,CS.FSTS.P5,Field Support - Technical Support Engineering - Expert (P5),,,,,164796.0,174246.0,180000.0,211849.0
SYN00142,Shiloh Nguyen,United States of America,Colorado,Z3,Job Code: JC100090,Customer Support Engineer V,CS.FSTS.P5,IC5,158933.0,198666.5,238400.0,1.0291,204448.83,in_range,0.15,30667.32,235116.15,3.09,2.69,2023-03-04,2023-08-02,1,Low,Radford All Country,Yes,exact_us_zone,US row matched using country + zone + Radford job code.,United States - Z3,Z3 US,United States - TS 100M - 1B Rev Z2 US,U.S. Dollars - USD,CS.FSTS.P5,Field Support - Technical Support Engineering - Expert (P5),,,,,164796.0,174246.0,180000.0,211849.0
SYN00143,Teagan Nguyen,United States of America,California,Z3,Job Code: JC100091,Customer Support Engineer VI,CS.FSTS.P6,IC6,152591.0,190738.5,228886.0,1.1907,227121.78,in_range,0.2,45424.36,272546.14,5.82,3.78,2020-06-05,2022-06-22,4,Strong,Radford All Country,Yes,exact_us_zone,US row matched using country + zone + Radford job code.,United States - Z3,Z3 US,United States - TS 100M - 1B Rev Z2 US,U.S. Dollars - USD,CS.FSTS.P6,Field Support - Technical Support Engineering - Principal (P6),,,,,192000.0,,,
SYN00144,Ari Nguyen,United States of America,California,Z3,Job Code: JC100091,Customer Support Engineer VI,CS.FSTS.P6,IC6,152591.0,190738.5,228886.0,1.2,228886.0,in_range,0.2,45777.2,274663.2,6.3,5.19,2019-12-14,2021-01-27,5,High,Radford All Country,Yes,exact_us_zone,US row matched using country + zone + Radford job code.,United States - Z3,Z3 US,United States - TS 100M - 1B Rev Z2 US,U.S. Dollars - USD,CS.FSTS.P6,Field Support - Technical Support Engineering - Principal (P6),,,,,192000.0,,,
SYN00145,Milan Nguyen,United States of America,Colorado,Z3,Job Code: JC100091,Customer Support Engineer VI,CS.FSTS.P6,IC6,152591.0,190738.5,228886.0,1.2,228886.0,in_range,0.2,45777.2,274663.2,7.17,4.59,2019-02-09,2021-09-01,4,Strong,Radford All Country,Yes,exact_us_zone,US row matched using country + zone + Radford job code.,United States - Z3,Z3 US,United States - TS 100M - 1B Rev Z2 US,U.S. Dollars - USD,CS.FSTS.P6,Field Support - Technical Support Engineering - Principal (P6),,,,,192000.0,,,
SYN00146,Nico Nguyen,United States of America,Colorado,Z3,Job Code: JC100094,Data Analyst III,TE.DADA.P3,IC3,134297.0,161163.0,188029.0,0.9369,150989.94,in_range,0.1,15098.99,166088.94,2.36,1.28,2023-11-22,2024-12-24,1,Low,Radford All Country,Yes,exact_us_zone,US row matched using country + zone + Radford job code.,United States - Z3,Z3 US,United States - TS 100M - 1B Rev Z2 US,U.S. Dollars - USD,TE.DADA.P3,Data Management & Analytics - Data Analytics - Career (P3),,,,,140000.0,150000.0,154650.0,175000.0
SYN00147,Aisha Nguyen,United States of America,Colorado,Z3,Job Code: JC100094,Data Analyst III,TE.DADA.P3,IC3,134297.0,161163.0,188029.0,0.938,151178.21,in_range,0.1,15117.82,166296.03,2.5,1.9,2023-10-08,2024-05-08,3,Solid,Radford All Country,Yes,exact_us_zone,US row matched using country + zone + Radford job code.,United States - Z3,Z3 US,United States - TS 100M - 1B Rev Z2 US,U.S. Dollars - USD,TE.DADA.P3,Data Management & Analytics - Data Analytics - Career (P3),,,,,140000.0,150000.0,154650.0,175000.0
SYN00148,Priya Nguyen,United States of America,Colorado,Z3,Job Code: JC100094,Data Analyst III,TE.DADA.P3,IC3,134297.0,161163.0,188029.0,0.9679,155992.35,in_range,0.1,15599.24,171591.59,3.89,2.11,2022-05-23,2024-02-29,3,Solid,Radford All Country,Yes,exact_us_zone,US row matched using country + zone + Radford job code.,United States - Z3,Z3 US,United States - TS 100M - 1B Rev Z2 US,U.S. Dollars - USD,TE.DADA.P3,Data Management & Analytics - Data Analytics - Career (P3),,,,,140000.0,150000.0,154650.0,175000.0
SYN00149,Leah Nguyen,United States of America,California,Z3,Job Code: JC100094,Data Analyst III,TE.DADA.P3,IC3,134297.0,161163.0,188029.0,0.9479,152774.02,in_range,0.1,15277.4,168051.42,3.09,1.86,2023-03-09,2024-06-02,4,Strong,Radford All Country,Yes,exact_us_zone,US row matched using country + zone + Radford job code.,United States - Z3,Z3 US,United States - TS 100M - 1B Rev Z2 US,U.S. Dollars - USD,TE.DADA.P3,Data Management & Analytics - Data Analytics - Career (P3),,,,,140000.0,150000.0,154650.0,175000.0
SYN00150,Sophia Nguyen,United States of America,California,Z3,Job Code: JC100094,Data Analyst III,TE.DADA.P3,IC3,134297.0,161163.0,188029.0,0.9274,149466.33,in_range,0.1,14946.63,164412.96,3.96,2.25,2022-04-17,2024-01-03,3,Solid,Radford All Country,Yes,exact_us_zone,US row matched using country + zone + Radford job code.,United States - Z3,Z3 US,United States - TS 100M - 1B Rev Z2 US,U.S. Dollars - USD,TE.DADA.P3,Data Management & Analytics - Data Analytics - Career (P3),,,,,140000.0,150000.0,154650.0,175000.0
SYN00151,Maya Nguyen,United States of America,California,Z3,Job Code: JC100095,Data Analyst IV,TE.DADA.P4,IC4,156082.0,195102.5,234123.0,0.9205,179599.67,in_range,0.1,17959.97,197559.64,2.58,1.16,2023-09-13,2025-02-08,3,Solid,Radford All Country,Yes,exact_us_zone,US row matched using country + zone + Radford job code.,United States - Z3,Z3 US,United States - TS 100M - 1B Rev Z2 US,U.S. Dollars - USD,TE.DADA.P4,Data Management & Analytics - Data Analytics - Advanced (P4),,,,,175000.0,188818.0,191759.0,215400.0
SYN00152,Zoe Nguyen,United States of America,California,Z3,Job Code: JC100095,Data Analyst IV,TE.DADA.P4,IC4,156082.0,195102.5,234123.0,0.9045,176475.08,in_range,0.1,17647.51,194122.59,2.15,1.61,2024-02-19,2024-08-24,4,Strong,Radford All Country,Yes,exact_us_zone,US row matched using country + zone + Radford job code.,United States - Z3,Z3 US,United States - TS 100M - 1B Rev Z2 US,U.S. Dollars - USD,TE.DADA.P4,Data Management & Analytics - Data Analytics - Advanced (P4),,,,,175000.0,188818.0,191759.0,215400.0
SYN00153,Olivia Nguyen,United States of America,Hawaii,Z3,Job Code: JC100095,Data Analyst IV,TE.DADA.P4,IC4,156082.0,195102.5,234123.0,0.8976,175118.63,in_range,0.1,17511.86,192630.49,4.58,2.76,2021-09-09,2023-06-27,3,Solid,Radford All Country,Yes,exact_us_zone,US row matched using country + zone + Radford job code.,United States - Z3,Z3 US,United States - TS 100M - 1B Rev Z2 US,U.S. Dollars - USD,TE.DADA.P4,Data Management & Analytics - Data Analytics - Advanced (P4),,,,,175000.0,188818.0,191759.0,215400.0
SYN00154,Emma Nguyen,United States of America,California,Z3,Job Code: JC100095,Data Analyst IV,TE.DADA.P4,IC4,156082.0,195102.5,234123.0,0.9114,177806.68,in_range,0.1,17780.67,195587.34,3.25,2.34,2023-01-07,2023-12-04,3,Solid,Radford All Country,Yes,exact_us_zone,US row matched using country + zone + Radford job code.,United States - Z3,Z3 US,United States - TS 100M - 1B Rev Z2 US,U.S. Dollars - USD,TE.DADA.P4,Data Management & Analytics - Data Analytics - Advanced (P4),,,,,175000.0,188818.0,191759.0,215400.0
SYN00155,Isabella Nguyen,United States of America,California,Z3,Job Code: JC100095,Data Analyst IV,TE.DADA.P4,IC4,156082.0,195102.5,234123.0,0.9043,176426.32,in_range,0.1,17642.63,194068.95,3.91,2.69,2022-05-07,2023-07-30,2,Developing,Radford All Country,Yes,exact_us_zone,US row matched using country + zone + Radford job code.,United States - Z3,Z3 US,United States - TS 100M - 1B Rev Z2 US,U.S. Dollars - USD,TE.DADA.P4,Data Management & Analytics - Data Analytics - Advanced (P4),,,,,175000.0,188818.0,191759.0,215400.0
SYN00156,Mia Nguyen,United States of America,North Carolina,Z3,Job Code: JC100095,Data Analyst IV,TE.DADA.P4,IC4,156082.0,195102.5,234123.0,0.9378,182968.55,in_range,0.1,18296.86,201265.41,4.27,2.2,2021-12-28,2024-01-23,3,Solid,Radford All Country,Yes,exact_us_zone,US row matched using country + zone + Radford job code.,United States - Z3,Z3 US,United States - TS 100M - 1B Rev Z2 US,U.S. Dollars - USD,TE.DADA.P4,Data Management & Analytics - Data Analytics - Advanced (P4),,,,,175000.0,188818.0,191759.0,215400.0
SYN00157,Amelia Nguyen,United States of America,California,Z3,Job Code: JC100095,Data Analyst IV,TE.DADA.P4,IC4,156082.0,195102.5,234123.0,0.8896,173557.67,in_range,0.1,17355.77,190913.44,3.76,1.87,2022-07-08,2024-05-18,3,Solid,Radford All Country,Yes,exact_us_zone,US row matched using country + zone + Radford job code.,United States - Z3,Z3 US,United States - TS 100M - 1B Rev Z2 US,U.S. Dollars - USD,TE.DADA.P4,Data Management & Analytics - Data Analytics - Advanced (P4),,,,,175000.0,188818.0,191759.0,215400.0
SYN00158,Charlotte Nguyen,United States of America,Colorado,Z3,Job Code: JC100095,Data Analyst IV,TE.DADA.P4,IC4,156082.0,195102.5,234123.0,0.9228,180044.09,in_range,0.1,18004.41,198048.5,4.26,3.52,2022-01-04,2022-10-02,3,Solid,Radford All Country,Yes,exact_us_zone,US row matched using country + zone + Radford job code.,United States - Z3,Z3 US,United States - TS 100M - 1B Rev Z2 US,U.S. Dollars - USD,TE.DADA.P4,Data Management & Analytics - Data Analytics - Advanced (P4),,,,,175000.0,188818.0,191759.0,215400.0
SYN00159,Lila Nguyen,United States of America,Colorado,Z3,Job Code: JC100095,Data Analyst IV,TE.DADA.P4,IC4,156082.0,195102.5,234123.0,0.9325,181935.07,in_range,0.1,18193.51,200128.58,2.05,1.66,2024-03-19,2024-08-11,3,Solid,Radford All Country,Yes,exact_us_zone,US row matched using country + zone + Radford job code.,United States - Z3,Z3 US,United States - TS 100M - 1B Rev Z2 US,U.S. Dollars - USD,TE.DADA.P4,Data Management & Analytics - Data Analytics - Advanced (P4),,,,,175000.0,188818.0,191759.0,215400.0
SYN00160,Nora Nguyen,United States of America,California,Z3,Job Code: JC100096,Data Analyst V,TE.DADA.P5,IC5,178493.0,223116.0,267739.0,0.9508,212144.67,in_range,0.15,31821.7,243966.37,6.0,3.99,2020-04-03,2022-04-08,3,Solid,Radford All Country,Yes,exact_us_zone,US row matched using country + zone + Radford job code.,United States - Z3,Z3 US,United States - TS 100M - 1B Rev Z2 US,U.S. Dollars - USD,TE.DADA.P5,Data Management & Analytics - Data Analytics - Expert (P5),,,,,211068.0,229339.0,240000.0,251600.0
SYN00161,Layla Nguyen,United States of America,Oregon,Z3,Job Code: JC100096,Data Analyst V,TE.DADA.P5,IC5,178493.0,223116.0,267739.0,0.8959,199892.76,in_range,0.15,29983.91,229876.68,3.68,1.68,2022-07-29,2024-08-02,3,Solid,Radford All Country,Yes,exact_us_zone,US row matched using country + zone + Radford job code.,United States - Z3,Z3 US,United States - TS 100M - 1B Rev Z2 US,U.S. Dollars - USD,TE.DADA.P5,Data Management & Analytics - Data Analytics - Expert (P5),,,,,211068.0,229339.0,240000.0,251600.0
SYN00162,Hazel Nguyen,United States of America,Georgia,Z3,Job Code: JC100096,Data Analyst V,TE.DADA.P5,IC5,178493.0,223116.0,267739.0,0.8842,197286.18,in_range,0.15,29592.93,226879.11,4.12,1.89,2022-02-24,2024-05-17,4,Strong,Radford All Country,Yes,exact_us_zone,US row matched using country + zone + Radford job code.,United States - Z3,Z3 US,United States - TS 100M - 1B Rev Z2 US,U.S. Dollars - USD,TE.DADA.P5,Data Management & Analytics - Data Analytics - Expert (P5),,,,,211068.0,229339.0,240000.0,251600.0
SYN00163,Aria Nguyen,United States of America,California,Z3,Job Code: JC100096,Data Analyst V,TE.DADA.P5,IC5,178493.0,223116.0,267739.0,0.9492,211777.94,in_range,0.15,31766.69,243544.63,5.05,2.67,2021-03-18,2023-08-01,4,Strong,Radford All Country,Yes,exact_us_zone,US row matched using country + zone + Radford job code.,United States - Z3,Z3 US,United States - TS 100M - 1B Rev Z2 US,U.S. Dollars - USD,TE.DADA.P5,Data Management & Analytics - Data Analytics - Expert (P5),,,,,211068.0,229339.0,240000.0,251600.0
SYN00164,Ivy Nguyen,United States of America,Colorado,Z3,Job Code: JC100096,Data Analyst V,TE.DADA.P5,IC5,178493.0,223116.0,267739.0,0.9125,203585.05,in_range,0.15,30537.76,234122.8,3.8,2.0,2022-06-12,2024-04-07,3,Solid,Radford All Country,Yes,exact_us_zone,US row matched using country + zone + Radford job code.,United States - Z3,Z3 US,United States - TS 100M - 1B Rev Z2 US,U.S. Dollars - USD,TE.DADA.P5,Data Management & Analytics - Data Analytics - Expert (P5),,,,,211068.0,229339.0,240000.0,251600.0
SYN00165,Naomi Nguyen,United States of America,California,Z3,Job Code: JC100096,Data Analyst V,TE.DADA.P5,IC5,178493.0,223116.0,267739.0,0.911,203269.21,in_range,0.15,30490.38,233759.59,3.04,1.96,2023-03-23,2024-04-15,3,Solid,Radford All Country,Yes,exact_us_zone,US row matched using country + zone + Radford job code.,United States - Z3,Z3 US,United States - TS 100M - 1B Rev Z2 US,U.S. Dollars - USD,TE.DADA.P5,Data Management & Analytics - Data Analytics - Expert (P5),,,,,211068.0,229339.0,240000.0,251600.0
SYN00166,Elena Nguyen,United States of America,California,Z3,Job Code: JC100096,Data Analyst V,TE.DADA.P5,IC5,178493.0,223116.0,267739.0,0.856,190983.74,in_range,0.15,28647.56,219631.3,4.14,3.67,2022-02-14,2022-08-08,3,Solid,Radford All Country,Yes,exact_us_zone,US row matched using country + zone + Radford job code.,United States - Z3,Z3 US,United States - TS 100M - 1B Rev Z2 US,U.S. Dollars - USD,TE.DADA.P5,Data Management & Analytics - Data Analytics - Expert (P5),,,,,211068.0,229339.0,240000.0,251600.0
SYN00167,Lucy Nguyen,United States of America,Colorado,Z3,Job Code: JC100096,Data Analyst V,TE.DADA.P5,IC5,178493.0,223116.0,267739.0,0.8659,193203.52,in_range,0.15,28980.53,222184.05,5.15,2.24,2021-02-17,2024-01-12,3,Solid,Radford All Country,Yes,exact_us_zone,US row matched using country + zone + Radford job code.,United States - Z3,Z3 US,United States - TS 100M - 1B Rev Z2 US,U.S. Dollars - USD,TE.DADA.P5,Data Management & Analytics - Data Analytics - Expert (P5),,,,,211068.0,229339.0,240000.0,251600.0
SYN00168,Stella Nguyen,United States of America,Massachusetts,Z3,Job Code: JC100097,Data Analyst VI,TE.DADA.P6,IC6,185585.0,216133.5,278377.0,1.016,219591.52,in_range,0.2,43918.3,263509.82,4.05,1.8,2022-03-13,2024-06-12,3,Solid,Radford All Country,Yes,exact_us_zone,US row matched using country + zone + Radford job code.,United States - Z3,Z3 US,United States - TS 100M - 1B Rev Z2 US,U.S. Dollars - USD,TE.DADA.P6,Data Management & Analytics - Data Analytics - Principal (P6),,,,,170000.0,,,
SYN00169,Grace Nguyen,United States of America,Tennessee,Z3,Job Code: JC100097,Data Analyst VI,TE.DADA.P6,IC6,185585.0,216133.5,278377.0,1.0654,230271.71,in_range,0.2,46054.34,276326.05,3.5,2.95,2022-10-10,2023-04-24,4,Strong,Radford All Country,Yes,exact_us_zone,US row matched using country + zone + Radford job code.,United States - Z3,Z3 US,United States - TS 100M - 1B Rev Z2 US,U.S. Dollars - USD,TE.DADA.P6,Data Management & Analytics - Data Analytics - Principal (P6),,,,,170000.0,,,
SYN00170,Hannah Nguyen,United States of America,California,Z3,Job Code: JC100097,Data Analyst VI,TE.DADA.P6,IC6,185585.0,216133.5,278377.0,1.0546,227927.72,in_range,0.2,45585.54,273513.26,4.59,1.79,2021-09-09,2024-06-17,4,Strong,Radford All Country,Yes,exact_us_zone,US row matched using country + zone + Radford job code.,United States - Z3,Z3 US,United States - TS 100M - 1B Rev Z2 US,U.S. Dollars - USD,TE.DADA.P6,Data Management & Analytics - Data Analytics - Principal (P6),,,,,170000.0,,,
SYN00171,Violet Nguyen,United States of America,California,Z3,Job Code: JC100097,Data Analyst VI,TE.DADA.P6,IC6,185585.0,216133.5,278377.0,1.0426,225350.53,in_range,0.2,45070.11,270420.64,5.71,3.27,2020-07-22,2023-01-03,4,Strong,Radford All Country,Yes,exact_us_zone,US row matched using country + zone + Radford job code.,United States - Z3,Z3 US,United States - TS 100M - 1B Rev Z2 US,U.S. Dollars - USD,TE.DADA.P6,Data Management & Analytics - Data Analytics - Principal (P6),,,,,170000.0,,,
SYN00172,Luna Nguyen,United States of America,New York,Z3,Job Code: JC100098,Data Analytics Intern,,IC0,40.0,48.0,56.0,0.8333,40.0,in_range,0.0,0.0,40.0,0.62,0.62,2025-08-26,2025-08-23,4,Strong,Radford All Country,No,unmatched,No FJC Radford code available for market join.,,,,,,,,,,,,,,
SYN00173,Evelyn Nguyen,United States of America,Colorado,Z3,Job Code: JC100098,Data Analytics Intern,,IC0,40.0,48.0,56.0,0.8333,40.0,in_range,0.0,0.0,40.0,0.51,0.51,2025-10-06,2025-09-30,3,Solid,Radford All Country,No,unmatched,No FJC Radford code available for market join.,,,,,,,,,,,,,,
SYN00174,Benjamin Nguyen,United States of America,Colorado,Z3,Job Code: JC100101,Demand Generation Specialist III,MK.PIDG.P3,IC3,120691.0,125500.5,168979.0,0.9708,121831.25,in_range,0.1,12183.12,134014.37,2.23,1.74,2024-01-10,2024-07-09,5,High,Radford All Country,Yes,exact_us_zone,US row matched using country + zone + Radford job code.,United States - Z3,Z3 US,United States - TS 100M - 1B Rev Z2 US,U.S. Dollars - USD,MK.PIDG.P3,Product Marketing - Demand Generation - Career (P3),,,,,128000.0,139120.0,145000.0,154727.0
SYN00175,Liam Nguyen,United States of America,California,Z3,Job Code: JC100101,Demand Generation Specialist III,MK.PIDG.P3,IC3,120691.0,125500.5,168979.0,1.0551,132416.93,in_range,0.1,13241.69,145658.62,3.48,2.44,2022-10-13,2023-10-22,4,Strong,Radford All Country,Yes,exact_us_zone,US row matched using country + zone + Radford job code.,United States - Z3,Z3 US,United States - TS 100M - 1B Rev Z2 US,U.S. Dollars - USD,MK.PIDG.P3,Product Marketing - Demand Generation - Career (P3),,,,,128000.0,139120.0,145000.0,154727.0
SYN00176,Noah Nguyen,United States of America,North Carolina,Z3,Job Code: JC100101,Demand Generation Specialist III,MK.PIDG.P3,IC3,120691.0,125500.5,168979.0,0.9956,124942.68,in_range,0.1,12494.27,137436.95,0.18,0.18,2026-01-28,2026-01-24,,,Radford All Country,Yes,exact_us_zone,US row matched using country + zone + Radford job code.,United States - Z3,Z3 US,United States - TS 100M - 1B Rev Z2 US,U.S. Dollars - USD,MK.PIDG.P3,Product Marketing - Demand Generation - Career (P3),,,,,128000.0,139120.0,145000.0,154727.0
SYN00177,Ethan Nguyen,United States of America,Massachusetts,Z3,Job Code: JC100102,Demand Generation Specialist IV,MK.PIDG.P4,IC4,145024.0,158620.0,217536.0,0.9143,145024.0,in_range,0.1,14502.4,159526.4,3.05,1.34,2023-03-26,2024-11-29,3,Solid,Radford All Country,Yes,exact_us_zone,US row matched using country + zone + Radford job code.,United States - Z3,Z3 US,United States - TS 100M - 1B Rev Z2 US,U.S. Dollars - USD,MK.PIDG.P4,Product Marketing - Demand Generation - Advanced (P4),,,,,161900.0,175175.0,180188.0,188994.0
SYN00178,Mason Nguyen,United States of America,Colorado,Z3,Job Code: JC100102,Demand Generation Specialist IV,MK.PIDG.P4,IC4,145024.0,158620.0,217536.0,0.9143,145024.0,in_range,0.1,14502.4,159526.4,3.72,1.98,2022-07-20,2024-04-15,3,Solid,Radford All Country,Yes,exact_us_zone,US row matched using country + zone + Radford job code.,United States - Z3,Z3 US,United States - TS 100M - 1B Rev Z2 US,U.S. Dollars - USD,MK.PIDG.P4,Product Marketing - Demand Generation - Advanced (P4),,,,,161900.0,175175.0,180188.0,188994.0
SYN00179,Lucas Nguyen,United States of America,California,Z3,Job Code: JC100103,Demand Generation Specialist V,MK.PIDG.P5,IC5,173624.0,189901.0,260436.0,0.9143,173624.0,in_range,0.15,26043.6,199667.6,4.14,2.54,2022-02-10,2023-09-28,3,Solid,Radford All Country,Yes,exact_us_zone,US row matched using country + zone + Radford job code.,United States - Z3,Z3 US,United States - TS 100M - 1B Rev Z2 US,U.S. Dollars - USD,MK.PIDG.P5,Product Marketing - Demand Generation - Expert (P5),,,,,181260.0,186200.0,190250.0,
SYN00180,Elijah Nguyen,United States of America,Massachusetts,Z3,Job Code: JC100103,Demand Generation Specialist V,MK.PIDG.P5,IC5,173624.0,189901.0,260436.0,0.9143,173624.0,in_range,0.15,26043.6,199667.6,3.0,1.57,2023-04-10,2024-09-12,3,Solid,Radford All Country,Yes,exact_us_zone,US row matched using country + zone + Radford job code.,United States - Z3,Z3 US,United States - TS 100M - 1B Rev Z2 US,U.S. Dollars - USD,MK.PIDG.P5,Product Marketing - Demand Generation - Expert (P5),,,,,181260.0,186200.0,190250.0,
SYN00181,James Nguyen,United States of America,New Jersey,Z3,Job Code: JC100110,Director Accounting,FI.ACGA.M5,D1,180830.0,198648.5,271245.0,1.1442,227302.55,in_range,0.25,56825.64,284128.19,4.82,2.75,2021-06-15,2023-07-08,4,Strong,Radford All Country,Yes,exact_us_zone,US row matched using country + zone + Radford job code.,United States - Z3,Z3 US,United States - TS 100M - 1B Rev Z2 US,U.S. Dollars - USD,FI.ACGA.M5,Accounting - General Accounting - Director (M5),,,,,218610.0,237650.0,252650.0,270011.0
SYN00182,Henry Nguyen,United States of America,California,Z3,Job Code: JC100110,Director Accounting,FI.ACGA.M5,D1,180830.0,198648.5,271245.0,1.1556,229554.17,in_range,0.25,57388.54,286942.71,3.86,2.64,2022-05-27,2023-08-18,4,Strong,Radford All Country,Yes,exact_us_zone,US row matched using country + zone + Radford job code.,United States - Z3,Z3 US,United States - TS 100M - 1B Rev Z2 US,U.S. Dollars - USD,FI.ACGA.M5,Accounting - General Accounting - Director (M5),,,,,218610.0,237650.0,252650.0,270011.0
SYN00183,Alexander Nguyen,United States of America,California,Z3,Job Code: JC100112,Director Brand Marketing,MK.PIBM.M5,D1,173884.0,217355.0,260826.0,1.0,217355.0,in_range,0.25,54338.75,271693.75,4.16,3.26,2022-02-05,2022-12-28,3,Solid,Radford All Country,Yes,exact_us_zone,US row matched using country + zone + Radford job code.,United States - Z3,Z3 US,United States - TS 100M - 1B Rev Z2 US,U.S. Dollars - USD,MK.PIBM.M5,Product Marketing - Brand Management - Director (M5),,,,,242320.0,255627.0,260964.0,276400.0
SYN00184,Daniel Nguyen,United States of America,California,Z3,Job Code: JC100113,Director Business Development,SA.ISMF.M5,D1,164006.0,182672.5,246009.0,0.93,169885.43,in_range,0.25,42471.36,212356.78,2.55,1.48,2023-09-14,2024-10-18,2,Developing,Radford All Country,Yes,exact_us_zone,US row matched using country + zone + Radford job code.,United States - Z3,Z3 US,United States - TS 100M - 1B Rev Z2 US,U.S. Dollars - USD,SA.ISMF.M5,Inside Sales / Telemarketing - Multi-Focus - Director (M5),,,,,178653.0,182600.0,192500.0,202136.0
SYN00185,Samuel Nguyen,United States of America,New York,Z3,Job Code: JC100122,Director Customer Support Engineering,CS.FSTS.M5,D1,168245.0,195967.0,252368.0,1.2,235160.4,in_range,0.25,58790.1,293950.5,4.5,2.52,2021-10-07,2023-10-02,5,High,Radford All Country,Yes,exact_us_zone,US row matched using country + zone + Radford job code.,United States - Z3,Z3 US,United States - TS 100M - 1B Rev Z2 US,U.S. Dollars - USD,CS.FSTS.M5,Field Support - Technical Support Engineering - Director (M5),,,,,206532.0,216300.0,219500.0,240000.0
SYN00186,Owen Nguyen,United States of America,North Carolina,Z3,Job Code: JC100123,Director Data Management,TE.DADA.M5,D1,192685.0,240856.0,289027.0,1.0356,249426.93,in_range,0.25,62356.73,311783.66,4.66,2.48,2021-08-08,2023-10-12,4,Strong,Radford All Country,Yes,exact_us_zone,US row matched using country + zone + Radford job code.,United States - Z3,Z3 US,United States - TS 100M - 1B Rev Z2 US,U.S. Dollars - USD,TE.DADA.M5,Data Management & Analytics - Data Analytics - Director (M5),,,,,240206.0,247113.0,258788.0,268000.0
SYN00187,Jack Nguyen,United States of America,California,Z3,Job Code: JC100123,Director Data Management,TE.DADA.M5,D1,192685.0,240856.0,289027.0,1.0379,249977.93,in_range,0.25,62494.48,312472.41,4.31,3.55,2021-12-10,2022-09-20,,,Radford All Country,Yes,exact_us_zone,US row matched using country + zone + Radford job code.,United States - Z3,Z3 US,United States - TS 100M - 1B Rev Z2 US,U.S. Dollars - USD,TE.DADA.M5,Data Management & Analytics - Data Analytics - Director (M5),,,,,240206.0,247113.0,258788.0,268000.0
SYN00188,Julian Nguyen,United States of America,Nevada,Z3,Job Code: JC100123,Director Data Management,TE.DADA.M5,D1,192685.0,240856.0,289027.0,1.047,252170.34,in_range,0.25,63042.58,315212.92,4.79,4.79,2021-06-24,2021-06-19,4,Strong,Radford All Country,Yes,exact_us_zone,US row matched using country + zone + Radford job code.,United States - Z3,Z3 US,United States - TS 100M - 1B Rev Z2 US,U.S. Dollars - USD,TE.DADA.M5,Data Management & Analytics - Data Analytics - Director (M5),,,,,240206.0,247113.0,258788.0,268000.0
SYN00189,Leo Nguyen,United States of America,Washington,Z3,Job Code: JC100124,Director Demand Generation,MK.PIDG.M5,D1,169669.0,197626.5,254504.0,1.1681,230849.67,in_range,0.25,57712.42,288562.08,3.71,2.07,2022-07-20,2024-03-14,5,High,Radford All Country,Yes,exact_us_zone,US row matched using country + zone + Radford job code.,United States - Z3,Z3 US,United States - TS 100M - 1B Rev Z2 US,U.S. Dollars - USD,MK.PIDG.M5,Product Marketing - Demand Generation - Director (M5),,,,,210000.0,221792.0,233604.0,
SYN00190,Isaac Nguyen,United States of America,North Carolina,Z3,Job Code: JC100124,Director Demand Generation,MK.PIDG.M5,D1,169669.0,197626.5,254504.0,1.0331,204159.28,in_range,0.25,51039.82,255199.11,1.71,1.23,2024-07-22,2025-01-12,4,Strong,Radford All Country,Yes,exact_us_zone,US row matched using country + zone + Radford job code.,United States - Z3,Z3 US,United States - TS 100M - 1B Rev Z2 US,U.S. Dollars - USD,MK.PIDG.M5,Product Marketing - Demand Generation - Director (M5),,,,,210000.0,221792.0,233604.0,
SYN00191,Sebastian Nguyen,United States of America,California,Z3,Job Code: JC100127,Director Engineering Programs,TE.PMPI.M5,D1,181029.0,226286.0,271543.0,1.11,251177.46,in_range,0.25,62794.37,313971.83,4.45,2.42,2021-11-01,2023-10-29,3,Solid,Radford All Country,Yes,exact_us_zone,US row matched using country + zone + Radford job code.,United States - Z3,Z3 US,United States - TS 100M - 1B Rev Z2 US,U.S. Dollars - USD,TE.PMPI.M5,Project Management - Project / Program Management - Information Systems - Director (M5),,,,,232907.0,,,
SYN00192,Caleb Nguyen,United States of America,Illinois,Z3,Job Code: JC100128,Director Enterprise Data Architecture,TE.DADA.M5,D1,202334.0,252917.5,303501.0,1.01,255446.67,in_range,0.25,63861.67,319308.34,4.63,3.23,2021-08-14,2023-01-11,3,Solid,Radford All Country,Yes,exact_us_zone,US row matched using country + zone + Radford job code.,United States - Z3,Z3 US,United States - TS 100M - 1B Rev Z2 US,U.S. Dollars - USD,TE.DADA.M5,Data Management & Analytics - Data Analytics - Director (M5),,,,,240206.0,247113.0,258788.0,268000.0
SYN00193,Avery Patel,United States of America,Washington,Z3,Job Code: JC100129,Director Enterprise Sales,SA.FSDS.M5,D1,194312.0,225031.0,291468.0,0.8635,194312.0,in_range,0.25,48578.0,242890.0,4.47,4.47,2021-10-13,2021-10-24,4,Strong,Radford All Country,Yes,exact_us_zone,US row matched using country + zone + Radford job code.,United States - Z3,Z3 US,United States - TS 100M - 1B Rev Z2 US,U.S. Dollars - USD,SA.FSDS.M5,Field Sales - Sales Account Management - Direct Sales - Director (M5),,,,,199699.0,212500.0,220500.0,243126.0
SYN00194,Jordan Patel,United States of America,Pennsylvania,Z3,Job Code: JC100129,Director Enterprise Sales,SA.FSDS.M5,D1,194312.0,225031.0,291468.0,1.1059,248863.31,in_range,0.25,62215.83,311079.14,2.54,2.54,2023-09-24,2023-09-15,3,Solid,Radford All Country,Yes,exact_us_zone,US row matched using country + zone + Radford job code.,United States - Z3,Z3 US,United States - TS 100M - 1B Rev Z2 US,U.S. Dollars - USD,SA.FSDS.M5,Field Sales - Sales Account Management - Direct Sales - Director (M5),,,,,199699.0,212500.0,220500.0,243126.0
SYN00195,Taylor Patel,United States of America,New Jersey,Z3,Job Code: JC100129,Director Enterprise Sales,SA.FSDS.M5,D1,194312.0,225031.0,291468.0,0.9447,212587.8,in_range,0.25,53146.95,265734.75,4.41,4.41,2021-11-03,2021-11-11,3,Solid,Radford All Country,Yes,exact_us_zone,US row matched using country + zone + Radford job code.,United States - Z3,Z3 US,United States - TS 100M - 1B Rev Z2 US,U.S. Dollars - USD,SA.FSDS.M5,Field Sales - Sales Account Management - Direct Sales - Director (M5),,,,,199699.0,212500.0,220500.0,243126.0
SYN00196,Morgan Patel,United States of America,California,Z3,Job Code: JC100129,Director Enterprise Sales,SA.FSDS.M5,D1,194312.0,225031.0,291468.0,0.8635,194312.0,in_range,0.25,48578.0,242890.0,4.27,2.32,2021-12-24,2023-12-08,3,Solid,Radford All Country,Yes,exact_us_zone,US row matched using country + zone + Radford job code.,United States - Z3,Z3 US,United States - TS 100M - 1B Rev Z2 US,U.S. Dollars - USD,SA.FSDS.M5,Field Sales - Sales Account Management - Direct Sales - Director (M5),,,,,199699.0,212500.0,220500.0,243126.0
SYN00197,Cameron Patel,United States of America,California,Z3,Job Code: JC100129,Director Enterprise Sales,SA.FSDS.M5,D1,194312.0,225031.0,291468.0,1.0461,235413.33,in_range,0.25,58853.33,294266.66,5.16,1.43,2021-02-14,2024-11-05,5,High,Radford All Country,Yes,exact_us_zone,US row matched using country + zone + Radford job code.,United States - Z3,Z3 US,United States - TS 100M - 1B Rev Z2 US,U.S. Dollars - USD,SA.FSDS.M5,Field Sales - Sales Account Management - Direct Sales - Director (M5),,,,,199699.0,212500.0,220500.0,243126.0
SYN00198,Riley Patel,United States of America,Oregon,Z3,Job Code: JC100129,Director Enterprise Sales,SA.FSDS.M5,D1,194312.0,225031.0,291468.0,0.8635,194312.0,in_range,0.25,48578.0,242890.0,5.28,3.71,2020-12-30,2022-07-21,4,Strong,Radford All Country,Yes,exact_us_zone,US row matched using country + zone + Radford job code.,United States - Z3,Z3 US,United States - TS 100M - 1B Rev Z2 US,U.S. Dollars - USD,SA.FSDS.M5,Field Sales - Sales Account Management - Direct Sales - Director (M5),,,,,199699.0,212500.0,220500.0,243126.0
SYN00199,Parker Patel,United States of America,New Jersey,Z3,Job Code: JC100129,Director Enterprise Sales,SA.FSDS.M5,D1,194312.0,225031.0,291468.0,0.8635,194312.0,in_range,0.25,48578.0,242890.0,4.25,2.53,2022-01-11,2023-09-29,4,Strong,Radford All Country,Yes,exact_us_zone,US row matched using country + zone + Radford job code.,United States - Z3,Z3 US,United States - TS 100M - 1B Rev Z2 US,U.S. Dollars - USD,SA.FSDS.M5,Field Sales - Sales Account Management - Direct Sales - Director (M5),,,,,199699.0,212500.0,220500.0,243126.0
SYN00200,Quinn Patel,United States of America,California,Z3,Job Code: JC100131,Director Financial Planning/Analysis,FI.ACFP.M5,D1,189223.0,236529.0,283835.0,0.89,210510.81,in_range,0.25,52627.7,263138.51,4.98,3.26,2021-04-08,2022-12-30,5,High,Radford All Country,Yes,exact_us_zone,US row matched using country + zone + Radford job code.,United States - Z3,Z3 US,United States - TS 100M - 1B Rev Z2 US,U.S. Dollars - USD,FI.ACFP.M5,Accounting - Financial Planning & Analysis - Director (M5),,,,,230000.0,246868.0,253142.0,275000.0
SYN00201,Hayden Patel,United States of America,California,Z3,Job Code: JC100132,"Director Governance, Risk and Compliance",CB.BRRC.M5,D1,206663.0,258329.0,309995.0,1.02,263495.58,in_range,0.25,65873.9,329369.48,4.26,2.79,2021-12-30,2023-06-30,4,Strong,Radford All Country,No,unmatched,No match found on expected US country/zone + Radford job code.,,,,,,,,,,,,,,
SYN00202,Rowan Patel,United States of America,California,Z3,Job Code: JC100137,Director IT Management,TE.ISMF.M5,D1,171765.0,214706.0,257647.0,1.13,242617.78,in_range,0.25,60654.44,303272.22,4.69,2.52,2021-07-28,2023-09-30,3,Solid,Radford All Country,Yes,exact_us_zone,US row matched using country + zone + Radford job code.,United States - Z3,Z3 US,United States - TS 100M - 1B Rev Z2 US,U.S. Dollars - USD,TE.ISMF.M5,Information Systems - Multi-Focus - Director (M5),,,,,237250.0,245143.0,250000.0,285635.0
SYN00203,Casey Patel,United States of America,California,Z3,Job Code: JC100141,Director Legal Counsel,LG.ATGC.M5,D1,228140.0,270087.5,342210.0,1.0395,280768.3,in_range,0.25,70192.08,350960.38,2.01,2.01,2024-03-30,2024-04-07,3,Solid,Radford All Country,No,unmatched,No match found on expected US country/zone + Radford job code.,,,,,,,,,,,,,,
SYN00204,Alex Patel,United States of America,California,Z3,Job Code: JC100141,Director Legal Counsel,LG.ATGC.M5,D1,228140.0,270087.5,342210.0,1.09,294390.08,in_range,0.25,73597.52,367987.6,2.04,1.46,2024-03-18,2024-10-28,4,Strong,Radford All Country,No,unmatched,No match found on expected US country/zone + Radford job code.,,,,,,,,,,,,,,
SYN00205,Jamie Patel,United States of America,Colorado,Z3,Job Code: JC100141,Director Legal Counsel,LG.ATGC.M5,D1,228140.0,270087.5,342210.0,0.9668,261110.99,in_range,0.25,65277.75,326388.74,4.29,2.93,2021-12-29,2023-05-03,3,Solid,Radford All Country,No,unmatched,No match found on expected US country/zone + Radford job code.,,,,,,,,,,,,,,
SYN00206,Blake Patel,United States of America,Colorado,Z3,Job Code: JC100141,Director Legal Counsel,LG.ATGC.M5,D1,228140.0,270087.5,342210.0,0.9564,258298.53,in_range,0.25,64574.63,322873.17,3.66,1.49,2022-08-11,2024-10-04,4,Strong,Radford All Country,No,unmatched,No match found on expected US country/zone + Radford job code.,,,,,,,,,,,,,,
SYN00207,Drew Patel,United States of America,Georgia,Z3,Job Code: JC100143,Director Marketing,MK.GLMF.M5,D1,172993.0,201497.5,259490.0,1.08,217617.3,in_range,0.25,54404.33,272021.62,4.53,2.63,2021-10-01,2023-08-27,4,Strong,Radford All Country,Yes,exact_us_zone,US row matched using country + zone + Radford job code.,United States - Z3,Z3 US,United States - TS 100M - 1B Rev Z2 US,U.S. Dollars - USD,MK.GLMF.M5,General - Multi-Focus - Director (M5),,,,,222094.0,232176.0,247200.0,281500.0
SYN00208,Reese Patel,United States of America,California,Z3,Job Code: JC100147,Director Payroll Manager,FI.OPPR.M5,D1,164788.0,191941.0,247183.0,1.07,205376.87,in_range,0.25,51344.22,256721.09,4.91,2.23,2021-05-17,2024-01-06,4,Strong,Radford All Country,Yes,exact_us_zone,US row matched using country + zone + Radford job code.,United States - Z3,Z3 US,United States - TS 100M - 1B Rev Z2 US,U.S. Dollars - USD,FI.OPPR.M5,Finance Operations - Payroll - Director (M5),,,,,212120.0,236136.0,245413.0,
SYN00209,Sydney Patel,United States of America,Virginia,Z3,Job Code: JC100149,Director Product Marketing,MK.PIPM.M5,D1,192725.0,211457.5,289088.0,1.04,219915.8,in_range,0.25,54978.95,274894.75,4.11,2.17,2022-02-20,2024-02-02,3,Solid,Radford All Country,Yes,exact_us_zone,US row matched using country + zone + Radford job code.,United States - Z3,Z3 US,United States - TS 100M - 1B Rev Z2 US,U.S. Dollars - USD,MK.PIPM.M5,Product Marketing - Product Marketing - Director (M5),,,,,240500.0,252924.0,264775.0,309500.0
SYN00210,Emerson Patel,United States of America,California,Z3,Job Code: JC100150,Director Product Management,EN.PGPG.M5,D1,237838.0,297297.0,356756.0,1.1232,333930.66,in_range,0.25,83482.66,417413.32,4.51,2.89,2021-10-01,2023-05-15,5,High,Radford All Country,Yes,exact_us_zone,US row matched using country + zone + Radford job code.,United States - Z3,Z3 US,United States - TS 100M - 1B Rev Z2 US,U.S. Dollars - USD,EN.PGPG.M5,Product Management - Technology Product Management - Director (M5),,,,,254000.0,275000.0,288042.0,315316.0
SYN00211,Logan Patel,United States of America,California,Z3,Job Code: JC100150,Director Product Management,EN.PGPG.M5,D1,237838.0,297297.0,356756.0,1.1053,328595.56,in_range,0.25,82148.89,410744.45,4.26,1.35,2022-01-09,2024-11-28,4,Strong,Radford All Country,Yes,exact_us_zone,US row matched using country + zone + Radford job code.,United States - Z3,Z3 US,United States - TS 100M - 1B Rev Z2 US,U.S. Dollars - USD,EN.PGPG.M5,Product Management - Technology Product Management - Director (M5),,,,,254000.0,275000.0,288042.0,315316.0
SYN00212,Skyler Patel,United States of America,California,Z3,Job Code: JC100152,Director Professional Services,TC.TSMF.M5,D1,217800.0,251635.0,326700.0,1.1,276798.5,in_range,0.25,69199.62,345998.12,4.34,2.68,2021-12-04,2023-07-29,3,Solid,Radford All Country,Yes,exact_us_zone,US row matched using country + zone + Radford job code.,United States - Z3,Z3 US,United States - TS 100M - 1B Rev Z2 US,U.S. Dollars - USD,TC.TSMF.M5,IT Solutions Consulting - Multi-Focus - Director (M5),,,,,217384.0,224988.0,246500.0,298219.0
SYN00213,Finley Patel,United States of America,Illinois,Z3,Job Code: JC100154,"Director, Talent Acquisition",HR.TATA.M5,D1,183222.0,213412.5,274833.0,1.0272,219211.61,in_range,0.25,54802.9,274014.51,2.61,1.22,2023-08-25,2025-01-11,3,Solid,Radford All Country,Yes,exact_us_zone,US row matched using country + zone + Radford job code.,United States - Z3,Z3 US,United States - TS 100M - 1B Rev Z2 US,U.S. Dollars - USD,HR.TATA.M5,Talent Acquisition - Talent Acquisition - Director (M5),,,,,235000.0,244320.0,261594.0,307100.0
SYN00214,Harper Patel,United States of America,Colorado,Z3,Job Code: JC100154,"Director, Talent Acquisition",HR.TATA.M5,D1,183222.0,213412.5,274833.0,1.0123,216033.81,in_range,0.25,54008.45,270042.26,3.44,2.68,2022-10-27,2023-08-04,3,Solid,Radford All Country,Yes,exact_us_zone,US row matched using country + zone + Radford job code.,United States - Z3,Z3 US,United States - TS 100M - 1B Rev Z2 US,U.S. Dollars - USD,HR.TATA.M5,Talent Acquisition - Talent Acquisition - Director (M5),,,,,235000.0,244320.0,261594.0,307100.0
SYN00215,Elliot Patel,United States of America,California,Z3,Job Code: JC100154,"Director, Talent Acquisition",HR.TATA.M5,D1,183222.0,213412.5,274833.0,1.0887,232345.77,in_range,0.25,58086.44,290432.21,3.88,2.92,2022-05-20,2023-04-30,5,High,Radford All Country,Yes,exact_us_zone,US row matched using country + zone + Radford job code.,United States - Z3,Z3 US,United States - TS 100M - 1B Rev Z2 US,U.S. Dollars - USD,HR.TATA.M5,Talent Acquisition - Talent Acquisition - Director (M5),,,,,235000.0,244320.0,261594.0,307100.0
SYN00216,Dakota Patel,United States of America,Colorado,Z3,Job Code: JC100154,"Director, Talent Acquisition",HR.TATA.M5,D1,183222.0,213412.5,274833.0,1.006,214684.89,in_range,0.25,53671.22,268356.12,2.1,1.36,2024-03-07,2024-11-28,3,Solid,Radford All Country,Yes,exact_us_zone,US row matched using country + zone + Radford job code.,United States - Z3,Z3 US,United States - TS 100M - 1B Rev Z2 US,U.S. Dollars - USD,HR.TATA.M5,Talent Acquisition - Talent Acquisition - Director (M5),,,,,235000.0,244320.0,261594.0,307100.0
SYN00217,Kendall Patel,United States of America,California,Z3,Job Code: JC100172,Director Site Reliability Engineering,EN.SODE.M5,D1,227105.0,283881.5,340658.0,1.15,326463.72,in_range,0.25,81615.93,408079.66,4.3,4.3,2021-12-18,2021-12-16,5,High,Radford All Country,Yes,exact_us_zone,US row matched using country + zone + Radford job code.,United States - Z3,Z3 US,United States - TS 100M - 1B Rev Z2 US,U.S. Dollars - USD,EN.SODE.M5,Software - Software Development Engineering - Director (M5),,,,,285000.0,308453.0,325000.0,371261.0
SYN00218,Sage Patel,United States of America,Nevada,Z3,Job Code: JC100173,Director Software Engineering,EN.SODE.M5,D1,227105.0,283881.5,340658.0,1.0777,305933.13,in_range,0.25,76483.28,382416.41,4.3,4.3,2021-12-12,2021-12-16,3,Solid,Radford All Country,Yes,exact_us_zone,US row matched using country + zone + Radford job code.,United States - Z3,Z3 US,United States - TS 100M - 1B Rev Z2 US,U.S. Dollars - USD,EN.SODE.M5,Software - Software Development Engineering - Director (M5),,,,,285000.0,308453.0,325000.0,371261.0
SYN00219,Peyton Patel,United States of America,Florida,Z3,Job Code: JC100173,Director Software Engineering,EN.SODE.M5,D1,227105.0,283881.5,340658.0,1.011,287018.33,in_range,0.25,71754.58,358772.91,3.25,1.45,2023-01-06,2024-10-28,3,Solid,Radford All Country,Yes,exact_us_zone,US row matched using country + zone + Radford job code.,United States - Z3,Z3 US,United States - TS 100M - 1B Rev Z2 US,U.S. Dollars - USD,EN.SODE.M5,Software - Software Development Engineering - Director (M5),,,,,285000.0,308453.0,325000.0,371261.0
SYN00220,Tatum Patel,United States of America,Colorado,Z3,Job Code: JC100173,Director Software Engineering,EN.SODE.M5,D1,227105.0,283881.5,340658.0,1.0762,305512.54,in_range,0.25,76378.14,381890.68,4.92,3.14,2021-05-06,2023-02-11,4,Strong,Radford All Country,Yes,exact_us_zone,US row matched using country + zone + Radford job code.,United States - Z3,Z3 US,United States - TS 100M - 1B Rev Z2 US,U.S. Dollars - USD,EN.SODE.M5,Software - Software Development Engineering - Director (M5),,,,,285000.0,308453.0,325000.0,371261.0
SYN00221,Micah Patel,United States of America,Colorado,Z3,Job Code: JC100173,Director Software Engineering,EN.SODE.M5,D1,227105.0,283881.5,340658.0,1.0835,307588.73,in_range,0.25,76897.18,384485.91,4.56,3.99,2021-09-13,2022-04-17,3,Solid,Radford All Country,Yes,exact_us_zone,US row matched using country + zone + Radford job code.,United States - Z3,Z3 US,United States - TS 100M - 1B Rev Z2 US,U.S. Dollars - USD,EN.SODE.M5,Software - Software Development Engineering - Director (M5),,,,,285000.0,308453.0,325000.0,371261.0
SYN00222,Robin Patel,United States of America,California,Z3,Job Code: JC100175,Director Strategy and Corporate Development,FI.ACFP.M5,D1,188650.0,235812.5,282975.0,1.2,282975.0,in_range,0.25,70743.75,353718.75,2.63,2.63,2023-08-20,2023-08-24,3,Solid,Radford All Country,Yes,exact_us_zone,US row matched using country + zone + Radford job code.,United States - Z3,Z3 US,United States - TS 100M - 1B Rev Z2 US,U.S. Dollars - USD,FI.ACFP.M5,Accounting - Financial Planning & Analysis - Director (M5),,,,,230000.0,246868.0,253142.0,275000.0
SYN00223,Devon Patel,United States of America,California,Z3,Job Code: JC100178,Director Technical Writing,EN.TPTW.M5,D1,173908.0,217385.0,260862.0,1.02,221732.7,in_range,0.25,55433.18,277165.88,3.45,2.13,2022-10-19,2024-02-18,3,Solid,Radford All Country,Yes,exact_us_zone,US row matched using country + zone + Radford job code.,United States - Z3,Z3 US,United States - TS 100M - 1B Rev Z2 US,U.S. Dollars - USD,EN.TPTW.M5,Technical / Product Communication - Technical Writing - Director (M5),,,,,206900.0,224688.0,232239.0,
SYN00224,Sawyer Patel,United States of America,Tennessee,Z3,Job Code: JC100180,Director UI/UX Product Design,EN.UUUD.M5,D1,199583.0,249479.0,299375.0,1.1408,284601.16,in_range,0.25,71150.29,355751.46,3.07,1.83,2023-03-07,2024-06-05,4,Strong,Radford All Country,Yes,exact_us_zone,US row matched using country + zone + Radford job code.,United States - Z3,Z3 US,United States - TS 100M - 1B Rev Z2 US,U.S. Dollars - USD,EN.UUUD.M5,User Interface / User Experience (UI / UX) - UI / UX Design - Director (M5),,,,,261490.0,299415.0,305213.0,334450.0
SYN00225,Charlie Patel,United States of America,California,Z3,Job Code: JC100180,Director UI/UX Product Design,EN.UUUD.M5,D1,199583.0,249479.0,299375.0,1.1162,278473.32,in_range,0.25,69618.33,348091.65,4.79,2.51,2021-06-24,2023-09-30,5,High,Radford All Country,Yes,exact_us_zone,US row matched using country + zone + Radford job code.,United States - Z3,Z3 US,United States - TS 100M - 1B Rev Z2 US,U.S. Dollars - USD,EN.UUUD.M5,User Interface / User Experience (UI / UX) - UI / UX Design - Director (M5),,,,,261490.0,299415.0,305213.0,334450.0
SYN00226,Remy Patel,United States of America,California,Z3,Job Code: JC100184,Engineering Intern,,IC0,43.0,51.0,60.0,1.1765,60.0,in_range,0.0,0.0,60.0,0.41,0.41,2025-11-07,2025-11-03,4,Strong,Radford All Country,No,unmatched,No FJC Radford code available for market join.,,,,,,,,,,,,,,
SYN00227,Shawn Patel,United States of America,California,Z3,Job Code: JC100187,Engineering Program Manager III,TE.PMPI.P3,IC3,139729.0,150808.0,195634.0,0.9302,140282.23,in_range,0.1,14028.22,154310.46,4.14,1.2,2022-02-19,2025-01-23,3,Solid,Radford All Country,Yes,exact_us_zone,US row matched using country + zone + Radford job code.,United States - Z3,Z3 US,United States - TS 100M - 1B Rev Z2 US,U.S. Dollars - USD,TE.PMPI.P3,Project Management - Project / Program Management - Information Systems - Career (P3),,,,,125609.0,143680.0,160000.0,
SYN00228,Noel Patel,United States of America,California,Z3,Job Code: JC100187,Engineering Program Manager III,TE.PMPI.P3,IC3,139729.0,150808.0,195634.0,0.9711,146455.87,in_range,0.1,14645.59,161101.46,3.13,2.51,2023-02-23,2023-09-27,2,Developing,Radford All Country,Yes,exact_us_zone,US row matched using country + zone + Radford job code.,United States - Z3,Z3 US,United States - TS 100M - 1B Rev Z2 US,U.S. Dollars - USD,TE.PMPI.P3,Project Management - Project / Program Management - Information Systems - Career (P3),,,,,125609.0,143680.0,160000.0,
SYN00229,Aubrey Patel,United States of America,Wisconsin,Z3,Job Code: JC100188,Engineering Program Manager IV,TE.PMPI.P4,IC4,158284.0,178286.5,237426.0,1.0221,182233.43,in_range,0.1,18223.34,200456.77,3.2,1.16,2023-01-22,2025-01-31,3,Solid,Radford All Country,Yes,exact_us_zone,US row matched using country + zone + Radford job code.,United States - Z3,Z3 US,United States - TS 100M - 1B Rev Z2 US,U.S. Dollars - USD,TE.PMPI.P4,Project Management - Project / Program Management - Information Systems - Advanced (P4),,,,,187200.0,194900.0,198063.0,203866.0
SYN00230,Bailey Patel,United States of America,Colorado,Z3,Job Code: JC100188,Engineering Program Manager IV,TE.PMPI.P4,IC4,158284.0,178286.5,237426.0,0.9772,174227.71,in_range,0.1,17422.77,191650.48,3.62,2.11,2022-08-29,2024-02-25,3,Solid,Radford All Country,Yes,exact_us_zone,US row matched using country + zone + Radford job code.,United States - Z3,Z3 US,United States - TS 100M - 1B Rev Z2 US,U.S. Dollars - USD,TE.PMPI.P4,Project Management - Project / Program Management - Information Systems - Advanced (P4),,,,,187200.0,194900.0,198063.0,203866.0
SYN00231,Jules Patel,United States of America,California,Z3,Job Code: JC100188,Engineering Program Manager IV,TE.PMPI.P4,IC4,158284.0,178286.5,237426.0,0.9468,168794.8,in_range,0.1,16879.48,185674.28,4.2,2.78,2022-01-23,2023-06-23,4,Strong,Radford All Country,Yes,exact_us_zone,US row matched using country + zone + Radford job code.,United States - Z3,Z3 US,United States - TS 100M - 1B Rev Z2 US,U.S. Dollars - USD,TE.PMPI.P4,Project Management - Project / Program Management - Information Systems - Advanced (P4),,,,,187200.0,194900.0,198063.0,203866.0
SYN00232,Kieran Patel,United States of America,California,Z3,Job Code: JC100189,Engineering Program Manager V,TE.PMPI.P5,IC5,183225.0,229031.0,274837.0,0.9113,208708.8,in_range,0.15,31306.32,240015.12,4.03,2.05,2022-03-31,2024-03-23,4,Strong,Radford All Country,Yes,exact_us_zone,US row matched using country + zone + Radford job code.,United States - Z3,Z3 US,United States - TS 100M - 1B Rev Z2 US,U.S. Dollars - USD,TE.PMPI.P5,Project Management - Project / Program Management - Information Systems - Expert (P5),,,,,211309.0,229170.0,242625.0,
SYN00233,Marlowe Patel,United States of America,California,Z3,Job Code: JC100189,Engineering Program Manager V,TE.PMPI.P5,IC5,183225.0,229031.0,274837.0,0.9127,209034.76,in_range,0.15,31355.21,240389.97,3.31,1.81,2022-12-09,2024-06-17,3,Solid,Radford All Country,Yes,exact_us_zone,US row matched using country + zone + Radford job code.,United States - Z3,Z3 US,United States - TS 100M - 1B Rev Z2 US,U.S. Dollars - USD,TE.PMPI.P5,Project Management - Project / Program Management - Information Systems - Expert (P5),,,,,211309.0,229170.0,242625.0,
SYN00234,Adrian Patel,United States of America,California,Z3,Job Code: JC100189,Engineering Program Manager V,TE.PMPI.P5,IC5,183225.0,229031.0,274837.0,0.8164,186975.58,in_range,0.15,28046.34,215021.92,3.38,1.63,2022-11-23,2024-08-18,4,Strong,Radford All Country,Yes,exact_us_zone,US row matched using country + zone + Radford job code.,United States - Z3,Z3 US,United States - TS 100M - 1B Rev Z2 US,U.S. Dollars - USD,TE.PMPI.P5,Project Management - Project / Program Management - Information Systems - Expert (P5),,,,,211309.0,229170.0,242625.0,
SYN00235,Eden Patel,United States of America,California,Z3,Job Code: JC100194,Enterprise Data Architect IV,TE.DADA.P4,IC4,163886.0,204857.5,245829.0,0.9219,188858.69,in_range,0.1,18885.87,207744.56,3.23,2.08,2023-01-16,2024-03-09,3,Solid,Radford All Country,Yes,exact_us_zone,US row matched using country + zone + Radford job code.,United States - Z3,Z3 US,United States - TS 100M - 1B Rev Z2 US,U.S. Dollars - USD,TE.DADA.P4,Data Management & Analytics - Data Analytics - Advanced (P4),,,,,175000.0,188818.0,191759.0,215400.0
SYN00236,Jesse Patel,United States of America,Massachusetts,Z3,Job Code: JC100194,Enterprise Data Architect IV,TE.DADA.P4,IC4,163886.0,204857.5,245829.0,0.9602,196712.23,in_range,0.1,19671.22,216383.45,1.85,1.59,2024-06-03,2024-08-28,3,Solid,Radford All Country,Yes,exact_us_zone,US row matched using country + zone + Radford job code.,United States - Z3,Z3 US,United States - TS 100M - 1B Rev Z2 US,U.S. Dollars - USD,TE.DADA.P4,Data Management & Analytics - Data Analytics - Advanced (P4),,,,,175000.0,188818.0,191759.0,215400.0
SYN00237,Lane Patel,United States of America,New Jersey,Z3,Job Code: JC100195,Enterprise Data Architect V,TE.DADA.P5,IC5,187434.0,234292.5,281151.0,1.0162,238081.31,in_range,0.15,35712.2,273793.51,2.62,1.89,2023-08-23,2024-05-21,3,Solid,Radford All Country,Yes,exact_us_zone,US row matched using country + zone + Radford job code.,United States - Z3,Z3 US,United States - TS 100M - 1B Rev Z2 US,U.S. Dollars - USD,TE.DADA.P5,Data Management & Analytics - Data Analytics - Expert (P5),,,,,211068.0,229339.0,240000.0,251600.0
SYN00238,Shiloh Patel,United States of America,Colorado,Z3,Job Code: JC100195,Enterprise Data Architect V,TE.DADA.P5,IC5,187434.0,234292.5,281151.0,0.9622,225438.85,in_range,0.15,33815.83,259254.68,3.63,2.11,2022-08-14,2024-02-29,3,Solid,Radford All Country,Yes,exact_us_zone,US row matched using country + zone + Radford job code.,United States - Z3,Z3 US,United States - TS 100M - 1B Rev Z2 US,U.S. Dollars - USD,TE.DADA.P5,Data Management & Analytics - Data Analytics - Expert (P5),,,,,211068.0,229339.0,240000.0,251600.0
SYN00239,Teagan Patel,United States of America,Colorado,Z3,Job Code: JC100199,Enterprise Sales Rep III,SA.FSDN.P3,IC3,123415.0,135907.0,172793.0,0.9671,131435.05,in_range,0.1,13143.51,144578.56,2.44,1.94,2023-10-24,2024-05-01,4,Strong,Radford All Country,Yes,exact_us_zone,US row matched using country + zone + Radford job code.,United States - Z3,Z3 US,United States - TS 100M - 1B Rev Z2 US,U.S. Dollars - USD,SA.FSDN.P3,Field Sales - Sales Account Management - Direct Sales - New Accounts - Career (P3),,,,,112000.0,123875.0,134200.0,150620.0
SYN00240,Ari Patel,United States of America,Florida,Z3,Job Code: JC100199,Enterprise Sales Rep III,SA.FSDN.P3,IC3,123415.0,135907.0,172793.0,0.9152,124379.72,in_range,0.1,12437.97,136817.69,2.89,1.58,2023-05-22,2024-09-01,3,Solid,Radford All Country,Yes,exact_us_zone,US row matched using country + zone + Radford job code.,United States - Z3,Z3 US,United States - TS 100M - 1B Rev Z2 US,U.S. Dollars - USD,SA.FSDN.P3,Field Sales - Sales Account Management - Direct Sales - New Accounts - Career (P3),,,,,112000.0,123875.0,134200.0,150620.0
SYN00241,Milan Patel,United States of America,Colorado,Z3,Job Code: JC100199,Enterprise Sales Rep III,SA.FSDN.P3,IC3,123415.0,135907.0,172793.0,1.0154,138004.09,in_range,0.1,13800.41,151804.5,0.63,0.63,2025-08-20,2025-08-24,3,Solid,Radford All Country,Yes,exact_us_zone,US row matched using country + zone + Radford job code.,United States - Z3,Z3 US,United States - TS 100M - 1B Rev Z2 US,U.S. Dollars - USD,SA.FSDN.P3,Field Sales - Sales Account Management - Direct Sales - New Accounts - Career (P3),,,,,112000.0,123875.0,134200.0,150620.0
SYN00242,Nico Patel,United States of America,California,Z3,Job Code: JC100199,Enterprise Sales Rep III,SA.FSDN.P3,IC3,123415.0,135907.0,172793.0,0.9567,130020.59,in_range,0.1,13002.06,143022.65,3.43,2.23,2022-10-27,2024-01-19,3,Solid,Radford All Country,Yes,exact_us_zone,US row matched using country + zone + Radford job code.,United States - Z3,Z3 US,United States - TS 100M - 1B Rev Z2 US,U.S. Dollars - USD,SA.FSDN.P3,Field Sales - Sales Account Management - Direct Sales - New Accounts - Career (P3),,,,,112000.0,123875.0,134200.0,150620.0
SYN00243,Aisha Patel,United States of America,California,Z3,Job Code: JC100200,Enterprise Sales Rep IV,SA.FSDN.P4,IC4,147924.0,171310.0,221887.0,0.9581,164128.87,in_range,0.1,16412.89,180541.75,4.25,2.88,2022-01-08,2023-05-26,4,Strong,Radford All Country,Yes,exact_us_zone,US row matched using country + zone + Radford job code.,United States - Z3,Z3 US,United States - TS 100M - 1B Rev Z2 US,U.S. Dollars - USD,SA.FSDN.P4,Field Sales - Sales Account Management - Direct Sales - New Accounts - Advanced (P4),,,,,150000.0,160000.0,165000.0,175000.0
SYN00244,Priya Patel,United States of America,California,Z3,Job Code: JC100200,Enterprise Sales Rep IV,SA.FSDN.P4,IC4,147924.0,171310.0,221887.0,0.8635,147924.0,in_range,0.1,14792.4,162716.4,3.81,3.0,2022-06-09,2023-04-09,3,Solid,Radford All Country,Yes,exact_us_zone,US row matched using country + zone + Radford job code.,United States - Z3,Z3 US,United States - TS 100M - 1B Rev Z2 US,U.S. Dollars - USD,SA.FSDN.P4,Field Sales - Sales Account Management - Direct Sales - New Accounts - Advanced (P4),,,,,150000.0,160000.0,165000.0,175000.0
SYN00245,Leah Patel,United States of America,California,Z3,Job Code: JC100200,Enterprise Sales Rep IV,SA.FSDN.P4,IC4,147924.0,171310.0,221887.0,0.9356,160282.39,in_range,0.1,16028.24,176310.63,4.05,2.17,2022-03-27,2024-02-02,4,Strong,Radford All Country,Yes,exact_us_zone,US row matched using country + zone + Radford job code.,United States - Z3,Z3 US,United States - TS 100M - 1B Rev Z2 US,U.S. Dollars - USD,SA.FSDN.P4,Field Sales - Sales Account Management - Direct Sales - New Accounts - Advanced (P4),,,,,150000.0,160000.0,165000.0,175000.0
SYN00246,Sophia Patel,United States of America,Colorado,Z3,Job Code: JC100200,Enterprise Sales Rep IV,SA.FSDN.P4,IC4,147924.0,171310.0,221887.0,0.888,152116.15,in_range,0.1,15211.61,167327.76,4.3,2.54,2021-12-19,2023-09-26,3,Solid,Radford All Country,Yes,exact_us_zone,US row matched using country + zone + Radford job code.,United States - Z3,Z3 US,United States - TS 100M - 1B Rev Z2 US,U.S. Dollars - USD,SA.FSDN.P4,Field Sales - Sales Account Management - Direct Sales - New Accounts - Advanced (P4),,,,,150000.0,160000.0,165000.0,175000.0
SYN00247,Maya Patel,United States of America,Colorado,Z3,Job Code: JC100200,Enterprise Sales Rep IV,SA.FSDN.P4,IC4,147924.0,171310.0,221887.0,0.8862,151814.53,in_range,0.1,15181.45,166995.98,3.36,2.25,2022-11-24,2024-01-05,3,Solid,Radford All Country,Yes,exact_us_zone,US row matched using country + zone + Radford job code.,United States - Z3,Z3 US,United States - TS 100M - 1B Rev Z2 US,U.S. Dollars - USD,SA.FSDN.P4,Field Sales - Sales Account Management - Direct Sales - New Accounts - Advanced (P4),,,,,150000.0,160000.0,165000.0,175000.0
SYN00248,Zoe Patel,United States of America,California,Z3,Job Code: JC100200,Enterprise Sales Rep IV,SA.FSDN.P4,IC4,147924.0,171310.0,221887.0,0.92,157598.69,in_range,0.1,15759.87,173358.56,2.71,2.54,2023-07-15,2023-09-23,3,Solid,Radford All Country,Yes,exact_us_zone,US row matched using country + zone + Radford job code.,United States - Z3,Z3 US,United States - TS 100M - 1B Rev Z2 US,U.S. Dollars - USD,SA.FSDN.P4,Field Sales - Sales Account Management - Direct Sales - New Accounts - Advanced (P4),,,,,150000.0,160000.0,165000.0,175000.0
SYN00249,Olivia Patel,United States of America,Florida,Z3,Job Code: JC100200,Enterprise Sales Rep IV,SA.FSDN.P4,IC4,147924.0,171310.0,221887.0,1.0088,172817.41,in_range,0.1,17281.74,190099.15,3.99,2.92,2022-04-10,2023-05-07,4,Strong,Radford All Country,Yes,exact_us_zone,US row matched using country + zone + Radford job code.,United States - Z3,Z3 US,United States - TS 100M - 1B Rev Z2 US,U.S. Dollars - USD,SA.FSDN.P4,Field Sales - Sales Account Management - Direct Sales - New Accounts - Advanced (P4),,,,,150000.0,160000.0,165000.0,175000.0
SYN00250,Emma Patel,United States of America,California,Z3,Job Code: JC100200,Enterprise Sales Rep IV,SA.FSDN.P4,IC4,147924.0,171310.0,221887.0,0.9202,157646.72,in_range,0.1,15764.67,173411.39,0.56,0.56,2025-09-20,2025-09-15,4,Strong,Radford All Country,Yes,exact_us_zone,US row matched using country + zone + Radford job code.,United States - Z3,Z3 US,United States - TS 100M - 1B Rev Z2 US,U.S. Dollars - USD,SA.FSDN.P4,Field Sales - Sales Account Management - Direct Sales - New Accounts - Advanced (P4),,,,,150000.0,160000.0,165000.0,175000.0
SYN00251,Isabella Patel,United States of America,California,Z3,Job Code: JC100200,Enterprise Sales Rep IV,SA.FSDN.P4,IC4,147924.0,171310.0,221887.0,0.8867,151897.75,in_range,0.1,15189.77,167087.52,2.52,1.33,2023-09-28,2024-12-05,3,Solid,Radford All Country,Yes,exact_us_zone,US row matched using country + zone + Radford job code.,United States - Z3,Z3 US,United States - TS 100M - 1B Rev Z2 US,U.S. Dollars - USD,SA.FSDN.P4,Field Sales - Sales Account Management - Direct Sales - New Accounts - Advanced (P4),,,,,150000.0,160000.0,165000.0,175000.0
SYN00252,Mia Patel,United States of America,California,Z3,Job Code: JC100200,Enterprise Sales Rep IV,SA.FSDN.P4,IC4,147924.0,171310.0,221887.0,0.9902,169634.65,in_range,0.1,16963.46,186598.11,0.8,0.8,2025-06-17,2025-06-23,2,Developing,Radford All Country,Yes,exact_us_zone,US row matched using country + zone + Radford job code.,United States - Z3,Z3 US,United States - TS 100M - 1B Rev Z2 US,U.S. Dollars - USD,SA.FSDN.P4,Field Sales - Sales Account Management - Direct Sales - New Accounts - Advanced (P4),,,,,150000.0,160000.0,165000.0,175000.0
SYN00253,Amelia Patel,United States of America,California,Z3,Job Code: JC100200,Enterprise Sales Rep IV,SA.FSDN.P4,IC4,147924.0,171310.0,221887.0,0.8965,153584.02,in_range,0.1,15358.4,168942.42,3.05,1.2,2023-03-13,2025-01-22,3,Solid,Radford All Country,Yes,exact_us_zone,US row matched using country + zone + Radford job code.,United States - Z3,Z3 US,United States - TS 100M - 1B Rev Z2 US,U.S. Dollars - USD,SA.FSDN.P4,Field Sales - Sales Account Management - Direct Sales - New Accounts - Advanced (P4),,,,,150000.0,160000.0,165000.0,175000.0
SYN00254,Charlotte Patel,United States of America,Washington,Z3,Job Code: JC100200,Enterprise Sales Rep IV,SA.FSDN.P4,IC4,147924.0,171310.0,221887.0,0.9569,163930.58,in_range,0.1,16393.06,180323.64,4.59,2.16,2021-08-28,2024-02-01,3,Solid,Radford All Country,Yes,exact_us_zone,US row matched using country + zone + Radford job code.,United States - Z3,Z3 US,United States - TS 100M - 1B Rev Z2 US,U.S. Dollars - USD,SA.FSDN.P4,Field Sales - Sales Account Management - Direct Sales - New Accounts - Advanced (P4),,,,,150000.0,160000.0,165000.0,175000.0
SYN00255,Lila Patel,United States of America,Colorado,Z3,Job Code: JC100200,Enterprise Sales Rep IV,SA.FSDN.P4,IC4,147924.0,171310.0,221887.0,0.8635,147924.0,in_range,0.1,14792.4,162716.4,4.11,2.44,2022-02-22,2023-10-30,3,Solid,Radford All Country,Yes,exact_us_zone,US row matched using country + zone + Radford job code.,United States - Z3,Z3 US,United States - TS 100M - 1B Rev Z2 US,U.S. Dollars - USD,SA.FSDN.P4,Field Sales - Sales Account Management - Direct Sales - New Accounts - Advanced (P4),,,,,150000.0,160000.0,165000.0,175000.0
SYN00256,Nora Patel,United States of America,Texas,Z3,Job Code: JC100200,Enterprise Sales Rep IV,SA.FSDN.P4,IC4,147924.0,171310.0,221887.0,1.0013,171533.5,in_range,0.1,17153.35,188686.85,3.54,2.08,2022-09-15,2024-03-14,3,Solid,Radford All Country,Yes,exact_us_zone,US row matched using country + zone + Radford job code.,United States - Z3,Z3 US,United States - TS 100M - 1B Rev Z2 US,U.S. Dollars - USD,SA.FSDN.P4,Field Sales - Sales Account Management - Direct Sales - New Accounts - Advanced (P4),,,,,150000.0,160000.0,165000.0,175000.0
SYN00257,Layla Patel,United States of America,North Carolina,Z3,Job Code: JC100200,Enterprise Sales Rep IV,SA.FSDN.P4,IC4,147924.0,171310.0,221887.0,0.91,155892.86,in_range,0.1,15589.29,171482.15,2.86,1.79,2023-06-03,2024-06-17,2,Developing,Radford All Country,Yes,exact_us_zone,US row matched using country + zone + Radford job code.,United States - Z3,Z3 US,United States - TS 100M - 1B Rev Z2 US,U.S. Dollars - USD,SA.FSDN.P4,Field Sales - Sales Account Management - Direct Sales - New Accounts - Advanced (P4),,,,,150000.0,160000.0,165000.0,175000.0
SYN00258,Hazel Patel,United States of America,Colorado,Z3,Job Code: JC100200,Enterprise Sales Rep IV,SA.FSDN.P4,IC4,147924.0,171310.0,221887.0,0.8635,147924.0,in_range,0.1,14792.4,162716.4,2.4,1.87,2023-11-11,2024-05-31,3,Solid,Radford All Country,Yes,exact_us_zone,US row matched using country + zone + Radford job code.,United States - Z3,Z3 US,United States - TS 100M - 1B Rev Z2 US,U.S. Dollars - USD,SA.FSDN.P4,Field Sales - Sales Account Management - Direct Sales - New Accounts - Advanced (P4),,,,,150000.0,160000.0,165000.0,175000.0
SYN00259,Aria Patel,United States of America,Michigan,Z3,Job Code: JC100200,Enterprise Sales Rep IV,SA.FSDN.P4,IC4,147924.0,171310.0,221887.0,0.8635,147924.0,in_range,0.1,14792.4,162716.4,4.07,2.43,2022-03-13,2023-11-08,3,Solid,Radford All Country,Yes,exact_us_zone,US row matched using country + zone + Radford job code.,United States - Z3,Z3 US,United States - TS 100M - 1B Rev Z2 US,U.S. Dollars - USD,SA.FSDN.P4,Field Sales - Sales Account Management - Direct Sales - New Accounts - Advanced (P4),,,,,150000.0,160000.0,165000.0,175000.0
SYN00260,Ivy Patel,United States of America,Florida,Z3,Job Code: JC100201,Enterprise Sales Rep V,SA.FSDN.P5,IC5,163363.0,189189.0,245045.0,0.8635,163363.0,in_range,0.15,24504.45,187867.45,2.02,1.29,2024-03-30,2024-12-22,4,Strong,Radford All Country,Yes,exact_us_zone,US row matched using country + zone + Radford job code.,United States - Z3,Z3 US,United States - TS 100M - 1B Rev Z2 US,U.S. Dollars - USD,SA.FSDN.P5,Field Sales - Sales Account Management - Direct Sales - New Accounts - Expert (P5),,,,,170600.0,179687.0,185000.0,207950.0
SYN00261,Naomi Patel,United States of America,Colorado,Z3,Job Code: JC100201,Enterprise Sales Rep V,SA.FSDN.P5,IC5,163363.0,189189.0,245045.0,0.8836,167175.35,in_range,0.15,25076.3,192251.66,3.34,2.93,2022-12-03,2023-04-29,3,Solid,Radford All Country,Yes,exact_us_zone,US row matched using country + zone + Radford job code.,United States - Z3,Z3 US,United States - TS 100M - 1B Rev Z2 US,U.S. Dollars - USD,SA.FSDN.P5,Field Sales - Sales Account Management - Direct Sales - New Accounts - Expert (P5),,,,,170600.0,179687.0,185000.0,207950.0
SYN00262,Elena Patel,United States of America,Colorado,Z3,Job Code: JC100201,Enterprise Sales Rep V,SA.FSDN.P5,IC5,163363.0,189189.0,245045.0,0.9183,173727.21,in_range,0.15,26059.08,199786.29,3.79,1.4,2022-06-25,2024-11-17,3,Solid,Radford All Country,Yes,exact_us_zone,US row matched using country + zone + Radford job code.,United States - Z3,Z3 US,United States - TS 100M - 1B Rev Z2 US,U.S. Dollars - USD,SA.FSDN.P5,Field Sales - Sales Account Management - Direct Sales - New Accounts - Expert (P5),,,,,170600.0,179687.0,185000.0,207950.0
SYN00263,Lucy Patel,United States of America,New York,Z3,Job Code: JC100201,Enterprise Sales Rep V,SA.FSDN.P5,IC5,163363.0,189189.0,245045.0,0.9651,182588.57,in_range,0.15,27388.29,209976.86,4.53,1.6,2021-09-22,2024-08-28,3,Solid,Radford All Country,Yes,exact_us_zone,US row matched using country + zone + Radford job code.,United States - Z3,Z3 US,United States - TS 100M - 1B Rev Z2 US,U.S. Dollars - USD,SA.FSDN.P5,Field Sales - Sales Account Management - Direct Sales - New Accounts - Expert (P5),,,,,170600.0,179687.0,185000.0,207950.0
SYN00264,Stella Patel,United States of America,California,Z3,Job Code: JC100201,Enterprise Sales Rep V,SA.FSDN.P5,IC5,163363.0,189189.0,245045.0,0.8635,163363.0,in_range,0.15,24504.45,187867.45,4.65,4.13,2021-08-08,2022-02-23,4,Strong,Radford All Country,Yes,exact_us_zone,US row matched using country + zone + Radford job code.,United States - Z3,Z3 US,United States - TS 100M - 1B Rev Z2 US,U.S. Dollars - USD,SA.FSDN.P5,Field Sales - Sales Account Management - Direct Sales - New Accounts - Expert (P5),,,,,170600.0,179687.0,185000.0,207950.0
SYN00265,Grace Patel,United States of America,California,Z3,Job Code: JC100201,Enterprise Sales Rep V,SA.FSDN.P5,IC5,163363.0,189189.0,245045.0,0.9098,172125.91,in_range,0.15,25818.89,197944.8,3.33,1.76,2022-12-12,2024-06-26,3,Solid,Radford All Country,Yes,exact_us_zone,US row matched using country + zone + Radford job code.,United States - Z3,Z3 US,United States - TS 100M - 1B Rev Z2 US,U.S. Dollars - USD,SA.FSDN.P5,Field Sales - Sales Account Management - Direct Sales - New Accounts - Expert (P5),,,,,170600.0,179687.0,185000.0,207950.0
SYN00266,Hannah Patel,United States of America,California,Z3,Job Code: JC100201,Enterprise Sales Rep V,SA.FSDN.P5,IC5,163363.0,189189.0,245045.0,0.9104,172237.94,in_range,0.15,25835.69,198073.63,2.72,2.11,2023-07-21,2024-02-25,3,Solid,Radford All Country,Yes,exact_us_zone,US row matched using country + zone + Radford job code.,United States - Z3,Z3 US,United States - TS 100M - 1B Rev Z2 US,U.S. Dollars - USD,SA.FSDN.P5,Field Sales - Sales Account Management - Direct Sales - New Accounts - Expert (P5),,,,,170600.0,179687.0,185000.0,207950.0
SYN00267,Violet Patel,United States of America,Colorado,Z3,Job Code: JC100201,Enterprise Sales Rep V,SA.FSDN.P5,IC5,163363.0,189189.0,245045.0,0.9665,182854.96,in_range,0.15,27428.24,210283.21,5.58,3.42,2020-09-09,2022-11-10,3,Solid,Radford All Country,Yes,exact_us_zone,US row matched using country + zone + Radford job code.,United States - Z3,Z3 US,United States - TS 100M - 1B Rev Z2 US,U.S. Dollars - USD,SA.FSDN.P5,Field Sales - Sales Account Management - Direct Sales - New Accounts - Expert (P5),,,,,170600.0,179687.0,185000.0,207950.0
SYN00268,Luna Patel,United States of America,Colorado,Z3,Job Code: JC100201,Enterprise Sales Rep V,SA.FSDN.P5,IC5,163363.0,189189.0,245045.0,0.9484,179421.89,in_range,0.15,26913.28,206335.17,2.09,1.26,2024-03-03,2025-01-04,5,High,Radford All Country,Yes,exact_us_zone,US row matched using country + zone + Radford job code.,United States - Z3,Z3 US,United States - TS 100M - 1B Rev Z2 US,U.S. Dollars - USD,SA.FSDN.P5,Field Sales - Sales Account Management - Direct Sales - New Accounts - Expert (P5),,,,,170600.0,179687.0,185000.0,207950.0
SYN00269,Evelyn Patel,United States of America,Colorado,Z3,Job Code: JC100201,Enterprise Sales Rep V,SA.FSDN.P5,IC5,163363.0,189189.0,245045.0,0.9534,180380.36,in_range,0.15,27057.05,207437.41,3.85,2.29,2022-05-30,2023-12-28,3,Solid,Radford All Country,Yes,exact_us_zone,US row matched using country + zone + Radford job code.,United States - Z3,Z3 US,United States - TS 100M - 1B Rev Z2 US,U.S. Dollars - USD,SA.FSDN.P5,Field Sales - Sales Account Management - Direct Sales - New Accounts - Expert (P5),,,,,170600.0,179687.0,185000.0,207950.0
SYN00270,Benjamin Patel,United States of America,Colorado,Z3,Job Code: JC100201,Enterprise Sales Rep V,SA.FSDN.P5,IC5,163363.0,189189.0,245045.0,0.9762,184689.3,in_range,0.15,27703.4,212392.7,3.37,1.4,2022-11-16,2024-11-07,3,Solid,Radford All Country,Yes,exact_us_zone,US row matched using country + zone + Radford job code.,United States - Z3,Z3 US,United States - TS 100M - 1B Rev Z2 US,U.S. Dollars - USD,SA.FSDN.P5,Field Sales - Sales Account Management - Direct Sales - New Accounts - Expert (P5),,,,,170600.0,179687.0,185000.0,207950.0
SYN00271,Liam Patel,United States of America,California,Z3,Job Code: JC100201,Enterprise Sales Rep V,SA.FSDN.P5,IC5,163363.0,189189.0,245045.0,0.9445,178685.52,in_range,0.15,26802.83,205488.35,4.42,3.49,2021-11-03,2022-10-10,3,Solid,Radford All Country,Yes,exact_us_zone,US row matched using country + zone + Radford job code.,United States - Z3,Z3 US,United States - TS 100M - 1B Rev Z2 US,U.S. Dollars - USD,SA.FSDN.P5,Field Sales - Sales Account Management - Direct Sales - New Accounts - Expert (P5),,,,,170600.0,179687.0,185000.0,207950.0
SYN00272,Noah Patel,United States of America,Massachusetts,Z3,Job Code: JC100201,Enterprise Sales Rep V,SA.FSDN.P5,IC5,163363.0,189189.0,245045.0,0.9373,177325.53,in_range,0.15,26598.83,203924.36,3.77,2.34,2022-07-04,2023-12-11,3,Solid,Radford All Country,Yes,exact_us_zone,US row matched using country + zone + Radford job code.,United States - Z3,Z3 US,United States - TS 100M - 1B Rev Z2 US,U.S. Dollars - USD,SA.FSDN.P5,Field Sales - Sales Account Management - Direct Sales - New Accounts - Expert (P5),,,,,170600.0,179687.0,185000.0,207950.0
SYN00273,Ethan Patel,United States of America,Colorado,Z3,Job Code: JC100201,Enterprise Sales Rep V,SA.FSDN.P5,IC5,163363.0,189189.0,245045.0,0.98,185410.16,in_range,0.15,27811.52,213221.68,3.56,2.34,2022-09-17,2023-12-04,3,Solid,Radford All Country,Yes,exact_us_zone,US row matched using country + zone + Radford job code.,United States - Z3,Z3 US,United States - TS 100M - 1B Rev Z2 US,U.S. Dollars - USD,SA.FSDN.P5,Field Sales - Sales Account Management - Direct Sales - New Accounts - Expert (P5),,,,,170600.0,179687.0,185000.0,207950.0
SYN00274,Mason Patel,United States of America,New York,Z3,Job Code: JC100201,Enterprise Sales Rep V,SA.FSDN.P5,IC5,163363.0,189189.0,245045.0,0.8819,166844.9,in_range,0.15,25026.73,191871.63,3.52,2.49,2022-09-27,2023-10-11,3,Solid,Radford All Country,Yes,exact_us_zone,US row matched using country + zone + Radford job code.,United States - Z3,Z3 US,United States - TS 100M - 1B Rev Z2 US,U.S. Dollars - USD,SA.FSDN.P5,Field Sales - Sales Account Management - Direct Sales - New Accounts - Expert (P5),,,,,170600.0,179687.0,185000.0,207950.0
SYN00275,Lucas Patel,United States of America,California,Z3,Job Code: JC100201,Enterprise Sales Rep V,SA.FSDN.P5,IC5,163363.0,189189.0,245045.0,0.8635,163363.0,in_range,0.15,24504.45,187867.45,3.46,2.27,2022-10-18,2023-12-24,3,Solid,Radford All Country,Yes,exact_us_zone,US row matched using country + zone + Radford job code.,United States - Z3,Z3 US,United States - TS 100M - 1B Rev Z2 US,U.S. Dollars - USD,SA.FSDN.P5,Field Sales - Sales Account Management - Direct Sales - New Accounts - Expert (P5),,,,,170600.0,179687.0,185000.0,207950.0
SYN00276,Elijah Patel,United States of America,Florida,Z3,Job Code: JC100201,Enterprise Sales Rep V,SA.FSDN.P5,IC5,163363.0,189189.0,245045.0,0.9756,184571.11,in_range,0.15,27685.67,212256.78,3.49,1.36,2022-10-09,2024-12-03,4,Strong,Radford All Country,Yes,exact_us_zone,US row matched using country + zone + Radford job code.,United States - Z3,Z3 US,United States - TS 100M - 1B Rev Z2 US,U.S. Dollars - USD,SA.FSDN.P5,Field Sales - Sales Account Management - Direct Sales - New Accounts - Expert (P5),,,,,170600.0,179687.0,185000.0,207950.0
SYN00277,James Patel,United States of America,Tennessee,Z3,Job Code: JC100201,Enterprise Sales Rep V,SA.FSDN.P5,IC5,163363.0,189189.0,245045.0,0.9229,174595.5,in_range,0.15,26189.32,200784.82,3.36,2.18,2022-11-29,2024-02-06,3,Solid,Radford All Country,Yes,exact_us_zone,US row matched using country + zone + Radford job code.,United States - Z3,Z3 US,United States - TS 100M - 1B Rev Z2 US,U.S. Dollars - USD,SA.FSDN.P5,Field Sales - Sales Account Management - Direct Sales - New Accounts - Expert (P5),,,,,170600.0,179687.0,185000.0,207950.0
SYN00278,Henry Patel,United States of America,Florida,Z3,Job Code: JC100201,Enterprise Sales Rep V,SA.FSDN.P5,IC5,163363.0,189189.0,245045.0,0.9796,185321.24,in_range,0.15,27798.19,213119.43,3.93,1.48,2022-04-30,2024-10-18,3,Solid,Radford All Country,Yes,exact_us_zone,US row matched using country + zone + Radford job code.,United States - Z3,Z3 US,United States - TS 100M - 1B Rev Z2 US,U.S. Dollars - USD,SA.FSDN.P5,Field Sales - Sales Account Management - Direct Sales - New Accounts - Expert (P5),,,,,170600.0,179687.0,185000.0,207950.0
SYN00279,Alexander Patel,United States of America,Colorado,Z3,Job Code: JC100201,Enterprise Sales Rep V,SA.FSDN.P5,IC5,163363.0,189189.0,245045.0,0.9031,170864.71,in_range,0.15,25629.71,196494.41,3.08,2.3,2023-03-10,2023-12-15,3,Solid,Radford All Country,Yes,exact_us_zone,US row matched using country + zone + Radford job code.,United States - Z3,Z3 US,United States - TS 100M - 1B Rev Z2 US,U.S. Dollars - USD,SA.FSDN.P5,Field Sales - Sales Account Management - Direct Sales - New Accounts - Expert (P5),,,,,170600.0,179687.0,185000.0,207950.0
SYN00280,Daniel Patel,United States of America,California,Z3,Job Code: JC100201,Enterprise Sales Rep V,SA.FSDN.P5,IC5,163363.0,189189.0,245045.0,0.8877,167948.99,in_range,0.15,25192.35,193141.34,3.99,1.87,2022-04-14,2024-05-27,1,Low,Radford All Country,Yes,exact_us_zone,US row matched using country + zone + Radford job code.,United States - Z3,Z3 US,United States - TS 100M - 1B Rev Z2 US,U.S. Dollars - USD,SA.FSDN.P5,Field Sales - Sales Account Management - Direct Sales - New Accounts - Expert (P5),,,,,170600.0,179687.0,185000.0,207950.0
SYN00281,Samuel Patel,United States of America,California,Z3,Job Code: JC100201,Enterprise Sales Rep V,SA.FSDN.P5,IC5,163363.0,189189.0,245045.0,0.8957,169463.01,in_range,0.15,25419.45,194882.46,3.19,1.92,2023-01-29,2024-05-01,3,Solid,Radford All Country,Yes,exact_us_zone,US row matched using country + zone + Radford job code.,United States - Z3,Z3 US,United States - TS 100M - 1B Rev Z2 US,U.S. Dollars - USD,SA.FSDN.P5,Field Sales - Sales Account Management - Direct Sales - New Accounts - Expert (P5),,,,,170600.0,179687.0,185000.0,207950.0
SYN00282,Owen Patel,United States of America,Colorado,Z3,Job Code: JC100201,Enterprise Sales Rep V,SA.FSDN.P5,IC5,163363.0,189189.0,245045.0,0.9732,184122.21,in_range,0.15,27618.33,211740.54,3.01,2.63,2023-04-07,2023-08-18,3,Solid,Radford All Country,Yes,exact_us_zone,US row matched using country + zone + Radford job code.,United States - Z3,Z3 US,United States - TS 100M - 1B Rev Z2 US,U.S. Dollars - USD,SA.FSDN.P5,Field Sales - Sales Account Management - Direct Sales - New Accounts - Expert (P5),,,,,170600.0,179687.0,185000.0,207950.0
SYN00283,Jack Patel,United States of America,California,Z3,Job Code: JC100201,Enterprise Sales Rep V,SA.FSDN.P5,IC5,163363.0,189189.0,245045.0,0.9305,176039.24,in_range,0.15,26405.89,202445.12,3.09,2.03,2023-03-05,2024-04-02,3,Solid,Radford All Country,Yes,exact_us_zone,US row matched using country + zone + Radford job code.,United States - Z3,Z3 US,United States - TS 100M - 1B Rev Z2 US,U.S. Dollars - USD,SA.FSDN.P5,Field Sales - Sales Account Management - Direct Sales - New Accounts - Expert (P5),,,,,170600.0,179687.0,185000.0,207950.0
SYN00284,Julian Patel,United States of America,California,Z3,Job Code: JC100201,Enterprise Sales Rep V,SA.FSDN.P5,IC5,163363.0,189189.0,245045.0,0.9544,180570.04,in_range,0.15,27085.51,207655.54,3.63,1.96,2022-08-22,2024-04-21,3,Solid,Radford All Country,Yes,exact_us_zone,US row matched using country + zone + Radford job code.,United States - Z3,Z3 US,United States - TS 100M - 1B Rev Z2 US,U.S. Dollars - USD,SA.FSDN.P5,Field Sales - Sales Account Management - Direct Sales - New Accounts - Expert (P5),,,,,170600.0,179687.0,185000.0,207950.0
SYN00285,Leo Patel,United States of America,Colorado,Z3,Job Code: JC100201,Enterprise Sales Rep V,SA.FSDN.P5,IC5,163363.0,189189.0,245045.0,0.9777,184970.07,in_range,0.15,27745.51,212715.58,3.8,2.87,2022-06-25,2023-05-26,4,Strong,Radford All Country,Yes,exact_us_zone,US row matched using country + zone + Radford job code.,United States - Z3,Z3 US,United States - TS 100M - 1B Rev Z2 US,U.S. Dollars - USD,SA.FSDN.P5,Field Sales - Sales Account Management - Direct Sales - New Accounts - Expert (P5),,,,,170600.0,179687.0,185000.0,207950.0
SYN00286,Isaac Patel,United States of America,Colorado,Z3,Job Code: JC100201,Enterprise Sales Rep V,SA.FSDN.P5,IC5,163363.0,189189.0,245045.0,0.9789,185195.64,in_range,0.15,27779.35,212974.99,5.3,2.99,2020-12-20,2023-04-10,3,Solid,Radford All Country,Yes,exact_us_zone,US row matched using country + zone + Radford job code.,United States - Z3,Z3 US,United States - TS 100M - 1B Rev Z2 US,U.S. Dollars - USD,SA.FSDN.P5,Field Sales - Sales Account Management - Direct Sales - New Accounts - Expert (P5),,,,,170600.0,179687.0,185000.0,207950.0
SYN00287,Sebastian Patel,United States of America,California,Z3,Job Code: JC100201,Enterprise Sales Rep V,SA.FSDN.P5,IC5,163363.0,189189.0,245045.0,0.9308,176090.65,in_range,0.15,26413.6,202504.25,3.73,1.51,2022-07-15,2024-10-09,3,Solid,Radford All Country,Yes,exact_us_zone,US row matched using country + zone + Radford job code.,United States - Z3,Z3 US,United States - TS 100M - 1B Rev Z2 US,U.S. Dollars - USD,SA.FSDN.P5,Field Sales - Sales Account Management - Direct Sales - New Accounts - Expert (P5),,,,,170600.0,179687.0,185000.0,207950.0
SYN00288,Caleb Patel,United States of America,California,Z3,Job Code: JC100201,Enterprise Sales Rep V,SA.FSDN.P5,IC5,163363.0,189189.0,245045.0,0.901,170459.42,in_range,0.15,25568.91,196028.33,5.5,4.37,2020-10-11,2021-11-26,2,Developing,Radford All Country,Yes,exact_us_zone,US row matched using country + zone + Radford job code.,United States - Z3,Z3 US,United States - TS 100M - 1B Rev Z2 US,U.S. Dollars - USD,SA.FSDN.P5,Field Sales - Sales Account Management - Direct Sales - New Accounts - Expert (P5),,,,,170600.0,179687.0,185000.0,207950.0
SYN00289,Avery Kim,United States of America,California,Z3,Job Code: JC100201,Enterprise Sales Rep V,SA.FSDN.P5,IC5,163363.0,189189.0,245045.0,0.896,169513.04,in_range,0.15,25426.96,194940.0,2.97,1.5,2023-04-24,2024-10-01,2,Developing,Radford All Country,Yes,exact_us_zone,US row matched using country + zone + Radford job code.,United States - Z3,Z3 US,United States - TS 100M - 1B Rev Z2 US,U.S. Dollars - USD,SA.FSDN.P5,Field Sales - Sales Account Management - Direct Sales - New Accounts - Expert (P5),,,,,170600.0,179687.0,185000.0,207950.0
SYN00290,Jordan Kim,United States of America,California,Z3,Job Code: JC100201,Enterprise Sales Rep V,SA.FSDN.P5,IC5,163363.0,189189.0,245045.0,0.8914,168643.8,in_range,0.15,25296.57,193940.37,2.7,1.79,2023-08-01,2024-06-21,4,Strong,Radford All Country,Yes,exact_us_zone,US row matched using country + zone + Radford job code.,United States - Z3,Z3 US,United States - TS 100M - 1B Rev Z2 US,U.S. Dollars - USD,SA.FSDN.P5,Field Sales - Sales Account Management - Direct Sales - New Accounts - Expert (P5),,,,,170600.0,179687.0,185000.0,207950.0
SYN00291,Taylor Kim,United States of America,New York,Z3,Job Code: JC100201,Enterprise Sales Rep V,SA.FSDN.P5,IC5,163363.0,189189.0,245045.0,0.9488,179499.3,in_range,0.15,26924.89,206424.19,3.05,1.85,2023-03-13,2024-06-01,3,Solid,Radford All Country,Yes,exact_us_zone,US row matched using country + zone + Radford job code.,United States - Z3,Z3 US,United States - TS 100M - 1B Rev Z2 US,U.S. Dollars - USD,SA.FSDN.P5,Field Sales - Sales Account Management - Direct Sales - New Accounts - Expert (P5),,,,,170600.0,179687.0,185000.0,207950.0
SYN00292,Morgan Kim,United States of America,Michigan,Z3,Job Code: JC100201,Enterprise Sales Rep V,SA.FSDN.P5,IC5,163363.0,189189.0,245045.0,0.8635,163363.0,in_range,0.15,24504.45,187867.45,4.28,2.01,2022-01-01,2024-03-31,2,Developing,Radford All Country,Yes,exact_us_zone,US row matched using country + zone + Radford job code.,United States - Z3,Z3 US,United States - TS 100M - 1B Rev Z2 US,U.S. Dollars - USD,SA.FSDN.P5,Field Sales - Sales Account Management - Direct Sales - New Accounts - Expert (P5),,,,,170600.0,179687.0,185000.0,207950.0
SYN00293,Cameron Kim,United States of America,California,Z3,Job Code: JC100201,Enterprise Sales Rep V,SA.FSDN.P5,IC5,163363.0,189189.0,245045.0,0.9885,187013.2,in_range,0.15,28051.98,215065.17,5.0,1.93,2021-04-14,2024-05-07,3,Solid,Radford All Country,Yes,exact_us_zone,US row matched using country + zone + Radford job code.,United States - Z3,Z3 US,United States - TS 100M - 1B Rev Z2 US,U.S. Dollars - USD,SA.FSDN.P5,Field Sales - Sales Account Management - Direct Sales - New Accounts - Expert (P5),,,,,170600.0,179687.0,185000.0,207950.0
SYN00294,Riley Kim,United States of America,Colorado,Z3,Job Code: JC100201,Enterprise Sales Rep V,SA.FSDN.P5,IC5,163363.0,189189.0,245045.0,0.931,176129.06,in_range,0.15,26419.36,202548.42,5.0,2.93,2021-04-12,2023-05-08,3,Solid,Radford All Country,Yes,exact_us_zone,US row matched using country + zone + Radford job code.,United States - Z3,Z3 US,United States - TS 100M - 1B Rev Z2 US,U.S. Dollars - USD,SA.FSDN.P5,Field Sales - Sales Account Management - Direct Sales - New Accounts - Expert (P5),,,,,170600.0,179687.0,185000.0,207950.0
SYN00295,Parker Kim,United States of America,Alaska,Z3,Job Code: JC100201,Enterprise Sales Rep V,SA.FSDN.P5,IC5,163363.0,189189.0,245045.0,0.9266,175295.81,in_range,0.15,26294.37,201590.18,3.18,1.64,2023-02-06,2024-08-20,4,Strong,Radford All Country,Yes,exact_us_zone,US row matched using country + zone + Radford job code.,United States - Z3,Z3 US,United States - TS 100M - 1B Rev Z2 US,U.S. Dollars - USD,SA.FSDN.P5,Field Sales - Sales Account Management - Direct Sales - New Accounts - Expert (P5),,,,,170600.0,179687.0,185000.0,207950.0
SYN00296,Quinn Kim,United States of America,New York,Z3,Job Code: JC100209,Executive Assistant IV,CB.ADEA.P4,IC4,134204.0,167755.0,201306.0,0.914,153334.56,in_range,0.1,15333.46,168668.02,2.13,1.43,2024-02-20,2024-11-01,3,Solid,Radford All Country,Yes,exact_us_zone,US row matched using country + zone + Radford job code.,United States - Z3,Z3 US,United States - TS 100M - 1B Rev Z2 US,U.S. Dollars - USD,CB.ADEA.P4,Administrative Support - Executive Assistant - Advanced (P4),,,,,160000.0,169983.0,176738.0,194922.0
SYN00297,Hayden Kim,United States of America,Colorado,Z3,Job Code: JC100209,Executive Assistant IV,CB.ADEA.P4,IC4,134204.0,167755.0,201306.0,0.9718,163022.56,in_range,0.1,16302.26,179324.81,4.55,2.1,2021-09-20,2024-03-08,3,Solid,Radford All Country,Yes,exact_us_zone,US row matched using country + zone + Radford job code.,United States - Z3,Z3 US,United States - TS 100M - 1B Rev Z2 US,U.S. Dollars - USD,CB.ADEA.P4,Administrative Support - Executive Assistant - Advanced (P4),,,,,160000.0,169983.0,176738.0,194922.0
SYN00298,Rowan Kim,United States of America,California,Z3,Job Code: JC100209,Executive Assistant IV,CB.ADEA.P4,IC4,134204.0,167755.0,201306.0,0.9402,157721.25,in_range,0.1,15772.13,173493.38,3.83,2.91,2022-06-03,2023-05-17,3,Solid,Radford All Country,Yes,exact_us_zone,US row matched using country + zone + Radford job code.,United States - Z3,Z3 US,United States - TS 100M - 1B Rev Z2 US,U.S. Dollars - USD,CB.ADEA.P4,Administrative Support - Executive Assistant - Advanced (P4),,,,,160000.0,169983.0,176738.0,194922.0
SYN00299,Casey Kim,United States of America,California,Z3,Job Code: JC100209,Executive Assistant IV,CB.ADEA.P4,IC4,134204.0,167755.0,201306.0,0.8686,145714.86,in_range,0.1,14571.49,160286.35,2.01,1.35,2024-03-29,2024-12-03,2,Developing,Radford All Country,Yes,exact_us_zone,US row matched using country + zone + Radford job code.,United States - Z3,Z3 US,United States - TS 100M - 1B Rev Z2 US,U.S. Dollars - USD,CB.ADEA.P4,Administrative Support - Executive Assistant - Advanced (P4),,,,,160000.0,169983.0,176738.0,194922.0
SYN00300,Alex Kim,United States of America,Colorado,Z3,Job Code: JC100209,Executive Assistant IV,CB.ADEA.P4,IC4,134204.0,167755.0,201306.0,0.9469,158841.15,in_range,0.1,15884.11,174725.26,4.82,2.78,2021-06-04,2023-06-29,5,High,Radford All Country,Yes,exact_us_zone,US row matched using country + zone + Radford job code.,United States - Z3,Z3 US,United States - TS 100M - 1B Rev Z2 US,U.S. Dollars - USD,CB.ADEA.P4,Administrative Support - Executive Assistant - Advanced (P4),,,,,160000.0,169983.0,176738.0,194922.0
SYN00301,Jamie Kim,United States of America,Colorado,Z3,Job Code: JC100209,Executive Assistant IV,CB.ADEA.P4,IC4,134204.0,167755.0,201306.0,0.9505,159443.08,in_range,0.1,15944.31,175387.38,4.86,4.1,2021-05-30,2022-02-24,3,Solid,Radford All Country,Yes,exact_us_zone,US row matched using country + zone + Radford job code.,United States - Z3,Z3 US,United States - TS 100M - 1B Rev Z2 US,U.S. Dollars - USD,CB.ADEA.P4,Administrative Support - Executive Assistant - Advanced (P4),,,,,160000.0,169983.0,176738.0,194922.0
SYN00302,Blake Kim,United States of America,California,Z3,Job Code: JC100213,Financial Analyst III,FI.ACFP.P3,IC3,126220.0,132537.0,176720.0,1.01,133862.37,in_range,0.1,13386.24,147248.61,2.28,1.42,2023-12-31,2024-11-11,3,Solid,Radford All Country,Yes,exact_us_zone,US row matched using country + zone + Radford job code.,United States - Z3,Z3 US,United States - TS 100M - 1B Rev Z2 US,U.S. Dollars - USD,FI.ACFP.P3,Accounting - Financial Planning & Analysis - Career (P3),,,,,133900.0,137250.0,144610.0,161771.0
SYN00303,Drew Kim,United States of America,California,Z3,Job Code: JC100214,Financial Analyst IV,FI.ACFP.P4,IC4,148104.0,161989.0,222156.0,0.9143,148104.0,in_range,0.1,14810.4,162914.4,3.06,2.27,2023-03-13,2023-12-24,3,Solid,Radford All Country,Yes,exact_us_zone,US row matched using country + zone + Radford job code.,United States - Z3,Z3 US,United States - TS 100M - 1B Rev Z2 US,U.S. Dollars - USD,FI.ACFP.P4,Accounting - Financial Planning & Analysis - Advanced (P4),,,,,160161.0,170000.0,176340.0,194825.0
SYN00304,Reese Kim,United States of America,Colorado,Z3,Job Code: JC100214,Financial Analyst IV,FI.ACFP.P4,IC4,148104.0,161989.0,222156.0,0.9143,148104.0,in_range,0.1,14810.4,162914.4,3.58,2.21,2022-09-02,2024-01-17,3,Solid,Radford All Country,Yes,exact_us_zone,US row matched using country + zone + Radford job code.,United States - Z3,Z3 US,United States - TS 100M - 1B Rev Z2 US,U.S. Dollars - USD,FI.ACFP.P4,Accounting - Financial Planning & Analysis - Advanced (P4),,,,,160161.0,170000.0,176340.0,194825.0
SYN00305,Sydney Kim,United States of America,Oregon,Z3,Job Code: JC100214,Financial Analyst IV,FI.ACFP.P4,IC4,148104.0,161989.0,222156.0,0.933,151134.41,in_range,0.1,15113.44,166247.85,0.61,0.61,2025-08-28,2025-08-23,3,Solid,Radford All Country,Yes,exact_us_zone,US row matched using country + zone + Radford job code.,United States - Z3,Z3 US,United States - TS 100M - 1B Rev Z2 US,U.S. Dollars - USD,FI.ACFP.P4,Accounting - Financial Planning & Analysis - Advanced (P4),,,,,160161.0,170000.0,176340.0,194825.0
SYN00306,Emerson Kim,United States of America,Texas,Z3,Job Code: JC100214,Financial Analyst IV,FI.ACFP.P4,IC4,148104.0,161989.0,222156.0,0.9143,148104.0,in_range,0.1,14810.4,162914.4,3.89,1.2,2022-05-14,2025-01-18,3,Solid,Radford All Country,Yes,exact_us_zone,US row matched using country + zone + Radford job code.,United States - Z3,Z3 US,United States - TS 100M - 1B Rev Z2 US,U.S. Dollars - USD,FI.ACFP.P4,Accounting - Financial Planning & Analysis - Advanced (P4),,,,,160161.0,170000.0,176340.0,194825.0
SYN00307,Logan Kim,United States of America,California,Z3,Job Code: JC100214,Financial Analyst IV,FI.ACFP.P4,IC4,148104.0,161989.0,222156.0,0.9428,152717.01,in_range,0.1,15271.7,167988.72,3.36,1.72,2022-11-22,2024-07-12,3,Solid,Radford All Country,Yes,exact_us_zone,US row matched using country + zone + Radford job code.,United States - Z3,Z3 US,United States - TS 100M - 1B Rev Z2 US,U.S. Dollars - USD,FI.ACFP.P4,Accounting - Financial Planning & Analysis - Advanced (P4),,,,,160161.0,170000.0,176340.0,194825.0
SYN00308,Skyler Kim,United States of America,Colorado,Z3,Job Code: JC100214,Financial Analyst IV,FI.ACFP.P4,IC4,148104.0,161989.0,222156.0,0.9409,152422.78,in_range,0.1,15242.28,167665.06,4.12,1.91,2022-02-21,2024-05-03,1,Low,Radford All Country,Yes,exact_us_zone,US row matched using country + zone + Radford job code.,United States - Z3,Z3 US,United States - TS 100M - 1B Rev Z2 US,U.S. Dollars - USD,FI.ACFP.P4,Accounting - Financial Planning & Analysis - Advanced (P4),,,,,160161.0,170000.0,176340.0,194825.0
SYN00309,Finley Kim,United States of America,Texas,Z3,Job Code: JC100215,Financial Analyst V,FI.ACFP.P5,IC5,176204.0,192723.5,264306.0,0.93,179232.86,in_range,0.15,26884.93,206117.78,5.73,3.68,2020-07-11,2022-07-29,3,Solid,Radford All Country,Yes,exact_us_zone,US row matched using country + zone + Radford job code.,United States - Z3,Z3 US,United States - TS 100M - 1B Rev Z2 US,U.S. Dollars - USD,FI.ACFP.P5,Accounting - Financial Planning & Analysis - Expert (P5),,,,,190500.0,202237.0,210000.0,217550.0
SYN00310,Harper Kim,United States of America,California,Z3,Job Code: JC100216,Financial Analyst VI,FI.ACFP.P6,IC6,170194.0,202611.5,255291.0,0.9861,199789.04,in_range,0.2,39957.81,239746.85,2.92,2.15,2023-04-29,2024-02-13,3,Solid,Radford All Country,Yes,exact_us_zone,US row matched using country + zone + Radford job code.,United States - Z3,Z3 US,United States - TS 100M - 1B Rev Z2 US,U.S. Dollars - USD,FI.ACFP.P6,Accounting - Financial Planning & Analysis - Principal (P6),,,,,218490.0,230697.0,237567.0,
SYN00311,Elliot Kim,United States of America,Colorado,Z3,Job Code: JC100216,Financial Analyst VI,FI.ACFP.P6,IC6,170194.0,202611.5,255291.0,1.0194,206536.34,in_range,0.2,41307.27,247843.61,3.85,2.86,2022-05-31,2023-05-25,3,Solid,Radford All Country,Yes,exact_us_zone,US row matched using country + zone + Radford job code.,United States - Z3,Z3 US,United States - TS 100M - 1B Rev Z2 US,U.S. Dollars - USD,FI.ACFP.P6,Accounting - Financial Planning & Analysis - Principal (P6),,,,,218490.0,230697.0,237567.0,
SYN00312,Dakota Kim,United States of America,Colorado,Z3,Job Code: JC100220,"Governance, Risk and Compliance IV",CB.BRRC.P4,IC4,158707.0,198383.5,238060.0,0.9,178545.15,in_range,0.1,17854.51,196399.66,0.66,0.66,2025-08-15,2025-08-04,3,Solid,Radford All Country,No,unmatched,No match found on expected US country/zone + Radford job code.,,,,,,,,,,,,,,
SYN00313,Kendall Kim,United States of America,Tennessee,Z3,Job Code: JC100224,Graphic Designer III,MK.CIDB.P3,IC3,109530.0,131441.5,153353.0,1.0228,134437.96,in_range,0.1,13443.8,147881.76,4.3,2.76,2021-12-14,2023-06-30,3,Solid,Radford All Country,Yes,exact_us_zone,US row matched using country + zone + Radford job code.,United States - Z3,Z3 US,United States - TS 100M - 1B Rev Z2 US,U.S. Dollars - USD,MK.CIDB.P3,Creative Services - Graphic Design - Career (P3),,,,,128856.0,144050.0,153840.0,177200.0
SYN00314,Sage Kim,United States of America,Colorado,Z3,Job Code: JC100224,Graphic Designer III,MK.CIDB.P3,IC3,109530.0,131441.5,153353.0,1.0017,131662.32,in_range,0.1,13166.23,144828.56,3.83,2.03,2022-06-03,2024-03-31,3,Solid,Radford All Country,Yes,exact_us_zone,US row matched using country + zone + Radford job code.,United States - Z3,Z3 US,United States - TS 100M - 1B Rev Z2 US,U.S. Dollars - USD,MK.CIDB.P3,Creative Services - Graphic Design - Career (P3),,,,,128856.0,144050.0,153840.0,177200.0
SYN00315,Peyton Kim,United States of America,California,Z3,Job Code: JC100225,Graphic Designer IV,MK.CIDB.P4,IC4,141495.0,176869.0,212243.0,0.88,155644.72,in_range,0.1,15564.47,171209.19,2.31,1.5,2023-12-09,2024-10-08,3,Solid,Radford All Country,Yes,exact_us_zone,US row matched using country + zone + Radford job code.,United States - Z3,Z3 US,United States - TS 100M - 1B Rev Z2 US,U.S. Dollars - USD,MK.CIDB.P4,Creative Services - Graphic Design - Advanced (P4),,,,,167314.0,181400.0,191345.0,208218.0
SYN00316,Tatum Kim,United States of America,California,Z3,Job Code: JC100237,HR Business Partner VI,HR.GLBP.P6,IC6,183538.0,211705.5,275308.0,1.1074,234438.66,in_range,0.2,46887.73,281326.39,6.93,1.52,2019-05-05,2024-09-24,3,Solid,Radford All Country,Yes,exact_us_zone,US row matched using country + zone + Radford job code.,United States - Z3,Z3 US,United States - TS 100M - 1B Rev Z2 US,U.S. Dollars - USD,HR.GLBP.P6,General - Business Partner - Principal (P6),,,,,238082.0,246950.0,250853.0,269634.0
SYN00317,Micah Kim,United States of America,California,Z3,Job Code: JC100237,HR Business Partner VI,HR.GLBP.P6,IC6,183538.0,211705.5,275308.0,1.0882,230384.19,in_range,0.2,46076.84,276461.03,5.88,3.92,2020-05-19,2022-04-30,5,High,Radford All Country,Yes,exact_us_zone,US row matched using country + zone + Radford job code.,United States - Z3,Z3 US,United States - TS 100M - 1B Rev Z2 US,U.S. Dollars - USD,HR.GLBP.P6,General - Business Partner - Principal (P6),,,,,238082.0,246950.0,250853.0,269634.0
SYN00318,Robin Kim,United States of America,California,Z3,Job Code: JC100241,HR Generalist IV,HR.GLGL.P4,IC4,138046.0,172557.5,207069.0,0.9866,170239.26,in_range,0.1,17023.93,187263.18,3.55,1.35,2022-09-18,2024-12-05,3,Solid,Radford All Country,Yes,exact_us_zone,US row matched using country + zone + Radford job code.,United States - Z3,Z3 US,United States - TS 100M - 1B Rev Z2 US,U.S. Dollars - USD,HR.GLGL.P4,General - HR Generalist - Advanced (P4),,,,,147770.0,150750.0,155039.0,172400.0
SYN00319,Devon Kim,United States of America,Tennessee,Z3,Job Code: JC100241,HR Generalist IV,HR.GLGL.P4,IC4,138046.0,172557.5,207069.0,1.0211,176191.82,in_range,0.1,17619.18,193811.0,0.63,0.63,2025-08-15,2025-08-14,3,Solid,Radford All Country,Yes,exact_us_zone,US row matched using country + zone + Radford job code.,United States - Z3,Z3 US,United States - TS 100M - 1B Rev Z2 US,U.S. Dollars - USD,HR.GLGL.P4,General - HR Generalist - Advanced (P4),,,,,147770.0,150750.0,155039.0,172400.0
SYN00320,Sawyer Kim,United States of America,Texas,Z3,Job Code: JC100241,HR Generalist IV,HR.GLGL.P4,IC4,138046.0,172557.5,207069.0,1.0076,173867.84,in_range,0.1,17386.78,191254.62,4.09,2.57,2022-03-05,2023-09-14,3,Solid,Radford All Country,Yes,exact_us_zone,US row matched using country + zone + Radford job code.,United States - Z3,Z3 US,United States - TS 100M - 1B Rev Z2 US,U.S. Dollars - USD,HR.GLGL.P4,General - HR Generalist - Advanced (P4),,,,,147770.0,150750.0,155039.0,172400.0
SYN00321,Charlie Kim,United States of America,Colorado,Z3,Job Code: JC100252,IT/ Security IV,TE.ICIS.P4,IC4,186082.0,201552.0,279124.0,0.9401,189488.59,in_range,0.1,18948.86,208437.45,5.13,3.1,2021-02-13,2023-03-06,3,Solid,Radford All Country,Yes,exact_us_zone,US row matched using country + zone + Radford job code.,United States - Z3,Z3 US,United States - TS 100M - 1B Rev Z2 US,U.S. Dollars - USD,TE.ICIS.P4,Information / Cyber Security - Information Security Engineering - Advanced (P4),,,,,208000.0,223720.0,227500.0,238500.0
SYN00322,Remy Kim,United States of America,California,Z3,Job Code: JC100252,IT/ Security IV,TE.ICIS.P4,IC4,186082.0,201552.0,279124.0,0.981,197730.58,in_range,0.1,19773.06,217503.63,4.08,1.84,2022-03-10,2024-06-07,4,Strong,Radford All Country,Yes,exact_us_zone,US row matched using country + zone + Radford job code.,United States - Z3,Z3 US,United States - TS 100M - 1B Rev Z2 US,U.S. Dollars - USD,TE.ICIS.P4,Information / Cyber Security - Information Security Engineering - Advanced (P4),,,,,208000.0,223720.0,227500.0,238500.0
SYN00323,Shawn Kim,United States of America,Illinois,Z3,Job Code: JC100264,Leadership & Development IV,HR.LDOD.P4,IC4,146837.0,159043.5,220255.0,1.07,170176.55,in_range,0.1,17017.65,187194.2,4.49,2.44,2021-10-13,2023-11-01,3,Solid,Radford All Country,Yes,exact_us_zone,US row matched using country + zone + Radford job code.,United States - Z3,Z3 US,United States - TS 100M - 1B Rev Z2 US,U.S. Dollars - USD,HR.LDOD.P4,Learning & Development - Organizational Effectiveness - Advanced (P4),,,,,158040.0,191560.0,194700.0,
SYN00324,Noel Kim,United States of America,Texas,Z3,Job Code: JC100265,Leadership & Development V,HR.LDOD.P5,IC5,183110.0,200277.0,274666.0,0.9143,183110.0,in_range,0.15,27466.5,210576.5,4.59,2.17,2021-08-30,2024-01-30,3,Solid,Radford All Country,Yes,exact_us_zone,US row matched using country + zone + Radford job code.,United States - Z3,Z3 US,United States - TS 100M - 1B Rev Z2 US,U.S. Dollars - USD,HR.LDOD.P5,Learning & Development - Organizational Effectiveness - Expert (P5),,,,,219500.0,,,
SYN00325,Aubrey Kim,United States of America,California,Z3,Job Code: JC100268,Legal Counsel / Attorney II,LG.ATMF.P2,IC2,138544.0,145477.5,193976.0,0.97,141113.17,in_range,0.1,14111.32,155224.49,0.79,0.79,2025-06-18,2025-06-25,3,Solid,Radford All Country,Yes,exact_us_zone,US row matched using country + zone + Radford job code.,United States - Z3,Z3 US,United States - TS 100M - 1B Rev Z2 US,U.S. Dollars - USD,LG.ATMF.P2,Attorney - Multi-Focus - Developing (P2),,,,,133900.0,142341.0,155500.0,
SYN00326,Bailey Kim,United States of America,Washington,Z3,Job Code: JC100269,Legal Counsel / Attorney III,LG.ATMF.P3,IC3,186895.0,196248.0,261671.0,0.9523,186895.0,in_range,0.1,18689.5,205584.5,3.31,1.46,2022-12-20,2024-10-25,3,Solid,Radford All Country,Yes,exact_us_zone,US row matched using country + zone + Radford job code.,United States - Z3,Z3 US,United States - TS 100M - 1B Rev Z2 US,U.S. Dollars - USD,LG.ATMF.P3,Attorney - Multi-Focus - Career (P3),,,,,184923.0,193655.0,200000.0,225050.0
SYN00327,Jules Kim,United States of America,Colorado,Z3,Job Code: JC100270,Legal Counsel / Attorney IV,LG.ATMF.P4,IC4,217494.0,237884.5,326241.0,0.9143,217494.0,in_range,0.1,21749.4,239243.4,4.16,1.2,2022-02-02,2025-01-29,4,Strong,Radford All Country,Yes,exact_us_zone,US row matched using country + zone + Radford job code.,United States - Z3,Z3 US,United States - TS 100M - 1B Rev Z2 US,U.S. Dollars - USD,LG.ATMF.P4,Attorney - Multi-Focus - Advanced (P4),,,,,218500.0,235855.0,244600.0,270000.0
SYN00328,Kieran Kim,United States of America,Illinois,Z3,Job Code: JC100270,Legal Counsel / Attorney IV,LG.ATMF.P4,IC4,217494.0,237884.5,326241.0,0.9143,217494.0,in_range,0.1,21749.4,239243.4,3.34,1.75,2022-12-11,2024-07-13,4,Strong,Radford All Country,Yes,exact_us_zone,US row matched using country + zone + Radford job code.,United States - Z3,Z3 US,United States - TS 100M - 1B Rev Z2 US,U.S. Dollars - USD,LG.ATMF.P4,Attorney - Multi-Focus - Advanced (P4),,,,,218500.0,235855.0,244600.0,270000.0
SYN00329,Marlowe Kim,United States of America,California,Z3,Job Code: JC100271,Legal Counsel / Attorney V,LG.ATMF.P5,IC5,245092.0,268070.0,367639.0,0.94,251985.8,in_range,0.15,37797.87,289783.67,4.3,2.75,2021-12-14,2023-07-06,3,Solid,Radford All Country,Yes,exact_us_zone,US row matched using country + zone + Radford job code.,United States - Z3,Z3 US,United States - TS 100M - 1B Rev Z2 US,U.S. Dollars - USD,LG.ATMF.P5,Attorney - Multi-Focus - Expert (P5),,,,,267800.0,273000.0,279078.0,306140.0
SYN00330,Adrian Kim,United States of America,Tennessee,Z3,Job Code: JC100276,Legal Operations III,LG.NAPL.P3,IC3,125562.0,131844.5,175798.0,1.01,133162.95,in_range,0.1,13316.29,146479.24,4.39,2.49,2021-11-13,2023-10-17,3,Solid,Radford All Country,Yes,exact_us_zone,US row matched using country + zone + Radford job code.,United States - Z3,Z3 US,United States - TS 100M - 1B Rev Z2 US,U.S. Dollars - USD,LG.NAPL.P3,Non-Attorney - Paralegal - Career (P3),,,,,135147.0,139375.0,141700.0,
SYN00331,Eden Kim,United States of America,Michigan,Z3,Job Code: JC100277,Legal Operations IV,LG.NAPL.P4,IC4,141854.0,177317.5,212781.0,0.9766,173175.71,in_range,0.1,17317.57,190493.28,3.97,2.16,2022-04-24,2024-02-14,2,Developing,Radford All Country,Yes,exact_us_zone,US row matched using country + zone + Radford job code.,United States - Z3,Z3 US,United States - TS 100M - 1B Rev Z2 US,U.S. Dollars - USD,LG.NAPL.P4,Non-Attorney - Paralegal - Advanced (P4),,,,,155863.0,160898.0,165600.0,174280.0
SYN00332,Jesse Kim,United States of America,California,Z3,Job Code: JC100277,Legal Operations IV,LG.NAPL.P4,IC4,141854.0,177317.5,212781.0,1.076,190798.38,in_range,0.1,19079.84,209878.22,3.62,3.25,2022-08-22,2023-01-06,3,Solid,Radford All Country,Yes,exact_us_zone,US row matched using country + zone + Radford job code.,United States - Z3,Z3 US,United States - TS 100M - 1B Rev Z2 US,U.S. Dollars - USD,LG.NAPL.P4,Non-Attorney - Paralegal - Advanced (P4),,,,,155863.0,160898.0,165600.0,174280.0
SYN00333,Lane Kim,United States of America,California,Z3,Job Code: JC100278,Legal Operations V,LG.NAPL.P5,IC5,163546.0,178879.0,245319.0,0.9143,163546.0,in_range,0.15,24531.9,188077.9,4.92,1.88,2021-05-04,2024-05-25,4,Strong,Radford All Country,Yes,exact_us_zone,US row matched using country + zone + Radford job code.,United States - Z3,Z3 US,United States - TS 100M - 1B Rev Z2 US,U.S. Dollars - USD,LG.NAPL.P5,Non-Attorney - Paralegal - Expert (P5),,,,,201208.0,,,
SYN00334,Shiloh Kim,United States of America,Colorado,Z3,Job Code: JC100279,Manager Accounting,FI.ACGA.M3,M1,133428.0,153904.5,200142.0,0.96,147748.32,in_range,0.2,29549.66,177297.98,3.34,1.37,2022-11-29,2024-11-22,3,Solid,Radford All Country,Yes,exact_us_zone,US row matched using country + zone + Radford job code.,United States - Z3,Z3 US,United States - TS 100M - 1B Rev Z2 US,U.S. Dollars - USD,FI.ACGA.M3,Accounting - General Accounting - Manager (M3),,,,,150000.0,157979.0,166815.0,181189.0
SYN00335,Teagan Kim,United States of America,California,Z3,Job Code: JC100282,Manager Business Development,SA.ISMF.M3,M1,127324.0,141815.0,190986.0,0.98,138978.7,in_range,0.2,27795.74,166774.44,4.29,3.49,2021-12-19,2022-10-03,3,Solid,Radford All Country,Yes,exact_us_zone,US row matched using country + zone + Radford job code.,United States - Z3,Z3 US,United States - TS 100M - 1B Rev Z2 US,U.S. Dollars - USD,SA.ISMF.M3,Inside Sales / Telemarketing - Multi-Focus - Manager (M3),,,,,125124.0,128000.0,136000.0,148093.0
SYN00336,Ari Kim,United States of America,California,Z3,Job Code: JC100283,Manager Commercial Sales,SA.FSDS.M3,M1,106970.0,120447.5,160455.0,1.03,124060.93,in_range,0.2,24812.19,148873.11,3.4,3.29,2022-11-14,2022-12-28,4,Strong,Radford All Country,Yes,exact_us_zone,US row matched using country + zone + Radford job code.,United States - Z3,Z3 US,United States - TS 100M - 1B Rev Z2 US,U.S. Dollars - USD,SA.FSDS.M3,Field Sales - Sales Account Management - Direct Sales - Manager (M3),,,,,146581.0,151885.0,160575.0,187500.0
SYN00337,Milan Kim,United States of America,Tennessee,Z3,Job Code: JC100283,Manager Commercial Sales,SA.FSDS.M3,M1,106970.0,120447.5,160455.0,1.03,124060.93,in_range,0.2,24812.19,148873.11,4.38,2.26,2021-11-18,2024-01-08,4,Strong,Radford All Country,Yes,exact_us_zone,US row matched using country + zone + Radford job code.,United States - Z3,Z3 US,United States - TS 100M - 1B Rev Z2 US,U.S. Dollars - USD,SA.FSDS.M3,Field Sales - Sales Account Management - Direct Sales - Manager (M3),,,,,146581.0,151885.0,160575.0,187500.0
SYN00338,Nico Kim,United States of America,California,Z3,Job Code: JC100291,Manager Customer Support Engineering,CS.FSTS.M3,M1,135317.0,157614.0,202976.0,1.0556,166379.16,in_range,0.2,33275.83,199655.0,4.05,2.04,2022-03-17,2024-03-22,3,Solid,Radford All Country,Yes,exact_us_zone,US row matched using country + zone + Radford job code.,United States - Z3,Z3 US,United States - TS 100M - 1B Rev Z2 US,U.S. Dollars - USD,CS.FSTS.M3,Field Support - Technical Support Engineering - Manager (M3),,,,,155000.0,165500.0,171940.0,195200.0
SYN00339,Aisha Kim,United States of America,California,Z3,Job Code: JC100291,Manager Customer Support Engineering,CS.FSTS.M3,M1,135317.0,157614.0,202976.0,1.0037,158201.29,in_range,0.2,31640.26,189841.54,4.44,2.82,2021-11-01,2023-06-08,4,Strong,Radford All Country,Yes,exact_us_zone,US row matched using country + zone + Radford job code.,United States - Z3,Z3 US,United States - TS 100M - 1B Rev Z2 US,U.S. Dollars - USD,CS.FSTS.M3,Field Support - Technical Support Engineering - Manager (M3),,,,,155000.0,165500.0,171940.0,195200.0
SYN00340,Priya Kim,United States of America,North Carolina,Z3,Job Code: JC100292,Manager Data Management,TE.DADA.M3,M1,164220.0,205275.0,246330.0,0.97,199116.75,in_range,0.2,39823.35,238940.1,3.34,1.37,2022-12-02,2024-11-22,3,Solid,Radford All Country,Yes,exact_us_zone,US row matched using country + zone + Radford job code.,United States - Z3,Z3 US,United States - TS 100M - 1B Rev Z2 US,U.S. Dollars - USD,TE.DADA.M3,Data Management & Analytics - Data Analytics - Manager (M3),,,,,170000.0,189758.0,205500.0,221000.0
SYN00341,Leah Kim,United States of America,Colorado,Z3,Job Code: JC100295,Manager Engineering Programs,TE.PMPI.M3,M1,160532.0,200665.0,240798.0,1.01,202671.65,in_range,0.2,40534.33,243205.98,3.43,2.53,2022-10-25,2023-10-01,4,Strong,Radford All Country,Yes,exact_us_zone,US row matched using country + zone + Radford job code.,United States - Z3,Z3 US,United States - TS 100M - 1B Rev Z2 US,U.S. Dollars - USD,TE.PMPI.M3,Project Management - Project / Program Management - Information Systems - Manager (M3),,,,,,,,
SYN00342,Sophia Kim,United States of America,California,Z3,Job Code: JC100319,Manager Product Management,EN.PGPG.M3,M1,216403.0,270504.0,324605.0,1.09,294849.36,in_range,0.2,58969.87,353819.23,4.01,1.65,2022-04-02,2024-08-16,5,High,Radford All Country,Yes,exact_us_zone,US row matched using country + zone + Radford job code.,United States - Z3,Z3 US,United States - TS 100M - 1B Rev Z2 US,U.S. Dollars - USD,EN.PGPG.M3,Product Management - Technology Product Management - Manager (M3),,,,,225000.0,235820.0,244720.0,270424.0
SYN00343,Maya Kim,United States of America,California,Z3,Job Code: JC100321,Manager Professional Services,TC.TSMF.M3,M1,195536.0,244420.0,293304.0,1.01,246864.2,in_range,0.2,49372.84,296237.04,5.09,3.5,2021-02-27,2022-10-06,4,Strong,Radford All Country,Yes,exact_us_zone,US row matched using country + zone + Radford job code.,United States - Z3,Z3 US,United States - TS 100M - 1B Rev Z2 US,U.S. Dollars - USD,TC.TSMF.M3,IT Solutions Consulting - Multi-Focus - Manager (M3),,,,,174113.0,198814.0,200722.0,210700.0
SYN00344,Zoe Kim,United States of America,Texas,Z3,Job Code: JC100326,Manager SDET Engineering,EN.SODE.M3,M1,200540.0,250675.5,300811.0,1.05,263209.28,in_range,0.2,52641.86,315851.13,4.32,3.58,2021-12-17,2022-09-10,4,Strong,Radford All Country,Yes,exact_us_zone,US row matched using country + zone + Radford job code.,United States - Z3,Z3 US,United States - TS 100M - 1B Rev Z2 US,U.S. Dollars - USD,EN.SODE.M3,Software - Software Development Engineering - Manager (M3),,,,,231650.0,245000.0,253800.0,272441.0
SYN00345,Olivia Kim,United States of America,California,Z3,Job Code: JC100328,Manager SE Commercial,,M1,161564.0,242765.0,242346.0,0.86,208777.9,in_range,0.2,41755.58,250533.48,4.24,1.7,2022-01-12,2024-07-30,3,Solid,Radford All Country,No,unmatched,No FJC Radford code available for market join.,,,,,,,,,,,,,,
SYN00346,Emma Kim,United States of America,Colorado,Z3,Job Code: JC100334,Manager Sales Engineering Enterprise,SA.ASRS.M3,M1,176671.0,198755.0,265007.0,1.219,242285.47,in_range,0.2,48457.09,290742.56,4.69,2.63,2021-07-22,2023-08-26,4,Strong,Radford All Country,Yes,exact_us_zone,US row matched using country + zone + Radford job code.,United States - Z3,Z3 US,United States - TS 100M - 1B Rev Z2 US,U.S. Dollars - USD,SA.ASRS.M3,Applications / Systems Engineering - Pre-Sales - Sales Plan - Manager (M3),,,,,196000.0,199625.0,201801.0,210316.0
SYN00347,Isabella Kim,United States of America,Colorado,Z3,Job Code: JC100334,Manager Sales Engineering Enterprise,SA.ASRS.M3,M1,176671.0,198755.0,265007.0,0.9456,187933.27,in_range,0.2,37586.65,225519.92,3.84,2.78,2022-05-29,2023-06-30,4,Strong,Radford All Country,Yes,exact_us_zone,US row matched using country + zone + Radford job code.,United States - Z3,Z3 US,United States - TS 100M - 1B Rev Z2 US,U.S. Dollars - USD,SA.ASRS.M3,Applications / Systems Engineering - Pre-Sales - Sales Plan - Manager (M3),,,,,196000.0,199625.0,201801.0,210316.0
SYN00348,Mia Kim,United States of America,Colorado,Z3,Job Code: JC100340,Manager Software Engineering,EN.SODE.M3,M1,211513.0,233376.0,317269.0,1.0312,240661.13,in_range,0.2,48132.23,288793.35,4.25,3.19,2022-01-07,2023-02-02,3,Solid,Radford All Country,Yes,exact_us_zone,US row matched using country + zone + Radford job code.,United States - Z3,Z3 US,United States - TS 100M - 1B Rev Z2 US,U.S. Dollars - USD,EN.SODE.M3,Software - Software Development Engineering - Manager (M3),,,,,231650.0,245000.0,253800.0,272441.0
SYN00349,Amelia Kim,United States of America,California,Z3,Job Code: JC100340,Manager Software Engineering,EN.SODE.M3,M1,211513.0,233376.0,317269.0,0.9495,221592.38,in_range,0.2,44318.48,265910.86,4.94,2.13,2021-05-04,2024-02-22,4,Strong,Radford All Country,Yes,exact_us_zone,US row matched using country + zone + Radford job code.,United States - Z3,Z3 US,United States - TS 100M - 1B Rev Z2 US,U.S. Dollars - USD,EN.SODE.M3,Software - Software Development Engineering - Manager (M3),,,,,231650.0,245000.0,253800.0,272441.0
SYN00350,Charlotte Kim,United States of America,California,Z3,Job Code: JC100340,Manager Software Engineering,EN.SODE.M3,M1,211513.0,233376.0,317269.0,1.0304,240474.43,in_range,0.2,48094.89,288569.32,2.87,2.25,2023-05-21,2024-01-09,5,High,Radford All Country,Yes,exact_us_zone,US row matched using country + zone + Radford job code.,United States - Z3,Z3 US,United States - TS 100M - 1B Rev Z2 US,U.S. Dollars - USD,EN.SODE.M3,Software - Software Development Engineering - Manager (M3),,,,,231650.0,245000.0,253800.0,272441.0
SYN00351,Lila Kim,United States of America,Colorado,Z3,Job Code: JC100340,Manager Software Engineering,EN.SODE.M3,M1,211513.0,233376.0,317269.0,1.0128,236362.31,in_range,0.2,47272.46,283634.77,4.96,3.03,2021-04-26,2023-03-27,4,Strong,Radford All Country,Yes,exact_us_zone,US row matched using country + zone + Radford job code.,United States - Z3,Z3 US,United States - TS 100M - 1B Rev Z2 US,U.S. Dollars - USD,EN.SODE.M3,Software - Software Development Engineering - Manager (M3),,,,,231650.0,245000.0,253800.0,272441.0
SYN00352,Nora Kim,United States of America,Colorado,Z3,Job Code: JC100340,Manager Software Engineering,EN.SODE.M3,M1,211513.0,233376.0,317269.0,0.9915,231398.09,in_range,0.2,46279.62,277677.7,5.02,3.88,2021-03-26,2022-05-14,4,Strong,Radford All Country,Yes,exact_us_zone,US row matched using country + zone + Radford job code.,United States - Z3,Z3 US,United States - TS 100M - 1B Rev Z2 US,U.S. Dollars - USD,EN.SODE.M3,Software - Software Development Engineering - Manager (M3),,,,,231650.0,245000.0,253800.0,272441.0
SYN00353,Layla Kim,United States of America,Colorado,Z3,Job Code: JC100358,Marketing Communications Specialist V,MK.PIMC.P5,IC5,171868.0,214835.0,257802.0,0.99,212686.65,in_range,0.15,31903.0,244589.65,4.42,1.43,2021-11-02,2024-11-07,3,Solid,Radford All Country,Yes,exact_us_zone,US row matched using country + zone + Radford job code.,United States - Z3,Z3 US,United States - TS 100M - 1B Rev Z2 US,U.S. Dollars - USD,MK.PIMC.P5,Product Marketing - Marketing Communications - Expert (P5),,,,,183434.0,189168.0,207400.0,
SYN00354,Hazel Kim,United States of America,California,Z3,Job Code: JC100367,Marketing Specialist II,MK.GLMF.P2,IC2,90980.0,95532.5,127380.0,0.9523,90980.0,in_range,0.1,9098.0,100078.0,0.37,0.37,2025-11-27,2025-11-29,3,Solid,Radford All Country,Yes,exact_us_zone,US row matched using country + zone + Radford job code.,United States - Z3,Z3 US,United States - TS 100M - 1B Rev Z2 US,U.S. Dollars - USD,MK.GLMF.P2,General - Multi-Focus - Developing (P2),,,,,99432.0,102523.0,105791.0,114410.0
SYN00355,Aria Kim,United States of America,Colorado,Z3,Job Code: JC100367,Marketing Specialist II,MK.GLMF.P2,IC2,90980.0,95532.5,127380.0,1.0417,99514.93,in_range,0.1,9951.49,109466.42,0.74,0.74,2025-07-10,2025-07-04,3,Solid,Radford All Country,Yes,exact_us_zone,US row matched using country + zone + Radford job code.,United States - Z3,Z3 US,United States - TS 100M - 1B Rev Z2 US,U.S. Dollars - USD,MK.GLMF.P2,General - Multi-Focus - Developing (P2),,,,,99432.0,102523.0,105791.0,114410.0
SYN00356,Ivy Kim,United States of America,California,Z3,Job Code: JC100367,Marketing Specialist II,MK.GLMF.P2,IC2,90980.0,95532.5,127380.0,1.0058,96083.64,in_range,0.1,9608.36,105692.0,0.64,0.64,2025-08-10,2025-08-23,4,Strong,Radford All Country,Yes,exact_us_zone,US row matched using country + zone + Radford job code.,United States - Z3,Z3 US,United States - TS 100M - 1B Rev Z2 US,U.S. Dollars - USD,MK.GLMF.P2,General - Multi-Focus - Developing (P2),,,,,99432.0,102523.0,105791.0,114410.0
SYN00357,Naomi Kim,United States of America,California,Z3,Job Code: JC100368,Marketing Specialist III,MK.GLMF.P3,IC3,122403.0,146889.0,171375.0,1.0139,148931.03,in_range,0.1,14893.1,163824.13,3.41,2.37,2022-11-01,2023-11-22,3,Solid,Radford All Country,Yes,exact_us_zone,US row matched using country + zone + Radford job code.,United States - Z3,Z3 US,United States - TS 100M - 1B Rev Z2 US,U.S. Dollars - USD,MK.GLMF.P3,General - Multi-Focus - Career (P3),,,,,131174.0,140000.0,148400.0,160292.0
SYN00358,Elena Kim,United States of America,New York,Z3,Job Code: JC100368,Marketing Specialist III,MK.GLMF.P3,IC3,122403.0,146889.0,171375.0,1.0254,150615.31,in_range,0.1,15061.53,165676.84,3.76,1.53,2022-06-30,2024-09-26,3,Solid,Radford All Country,Yes,exact_us_zone,US row matched using country + zone + Radford job code.,United States - Z3,Z3 US,United States - TS 100M - 1B Rev Z2 US,U.S. Dollars - USD,MK.GLMF.P3,General - Multi-Focus - Career (P3),,,,,131174.0,140000.0,148400.0,160292.0
SYN00359,Lucy Kim,United States of America,California,Z3,Job Code: JC100368,Marketing Specialist III,MK.GLMF.P3,IC3,122403.0,146889.0,171375.0,1.0208,149947.37,in_range,0.1,14994.74,164942.1,2.79,1.73,2023-06-22,2024-07-11,3,Solid,Radford All Country,Yes,exact_us_zone,US row matched using country + zone + Radford job code.,United States - Z3,Z3 US,United States - TS 100M - 1B Rev Z2 US,U.S. Dollars - USD,MK.GLMF.P3,General - Multi-Focus - Career (P3),,,,,131174.0,140000.0,148400.0,160292.0
SYN00360,Stella Kim,United States of America,Illinois,Z3,Job Code: JC100369,Marketing Specialist IV,MK.GLMF.P4,IC4,145495.0,181868.5,218242.0,0.9608,174733.04,in_range,0.1,17473.3,192206.34,3.88,2.22,2022-05-20,2024-01-10,3,Solid,Radford All Country,Yes,exact_us_zone,US row matched using country + zone + Radford job code.,United States - Z3,Z3 US,United States - TS 100M - 1B Rev Z2 US,U.S. Dollars - USD,MK.GLMF.P4,General - Multi-Focus - Advanced (P4),,,,,164024.0,172000.0,178600.0,192970.0
SYN00361,Grace Kim,United States of America,Indiana,Z3,Job Code: JC100369,Marketing Specialist IV,MK.GLMF.P4,IC4,145495.0,181868.5,218242.0,1.043,189681.18,in_range,0.1,18968.12,208649.29,4.46,2.7,2021-10-23,2023-08-01,4,Strong,Radford All Country,Yes,exact_us_zone,US row matched using country + zone + Radford job code.,United States - Z3,Z3 US,United States - TS 100M - 1B Rev Z2 US,U.S. Dollars - USD,MK.GLMF.P4,General - Multi-Focus - Advanced (P4),,,,,164024.0,172000.0,178600.0,192970.0
SYN00362,Hannah Kim,United States of America,California,Z3,Job Code: JC100369,Marketing Specialist IV,MK.GLMF.P4,IC4,145495.0,181868.5,218242.0,0.8634,157023.2,in_range,0.1,15702.32,172725.52,3.23,1.79,2023-01-16,2024-06-25,3,Solid,Radford All Country,Yes,exact_us_zone,US row matched using country + zone + Radford job code.,United States - Z3,Z3 US,United States - TS 100M - 1B Rev Z2 US,U.S. Dollars - USD,MK.GLMF.P4,General - Multi-Focus - Advanced (P4),,,,,164024.0,172000.0,178600.0,192970.0
SYN00363,Violet Kim,United States of America,California,Z3,Job Code: JC100369,Marketing Specialist IV,MK.GLMF.P4,IC4,145495.0,181868.5,218242.0,0.9266,168526.35,in_range,0.1,16852.64,185378.99,1.5,1.13,2024-10-03,2025-02-17,3,Solid,Radford All Country,Yes,exact_us_zone,US row matched using country + zone + Radford job code.,United States - Z3,Z3 US,United States - TS 100M - 1B Rev Z2 US,U.S. Dollars - USD,MK.GLMF.P4,General - Multi-Focus - Advanced (P4),,,,,164024.0,172000.0,178600.0,192970.0
SYN00364,Luna Kim,United States of America,California,Z3,Job Code: JC100369,Marketing Specialist IV,MK.GLMF.P4,IC4,145495.0,181868.5,218242.0,0.9466,172153.06,in_range,0.1,17215.31,189368.37,4.41,1.38,2021-11-10,2024-11-26,3,Solid,Radford All Country,Yes,exact_us_zone,US row matched using country + zone + Radford job code.,United States - Z3,Z3 US,United States - TS 100M - 1B Rev Z2 US,U.S. Dollars - USD,MK.GLMF.P4,General - Multi-Focus - Advanced (P4),,,,,164024.0,172000.0,178600.0,192970.0
SYN00365,Evelyn Kim,United States of America,Colorado,Z3,Job Code: JC100369,Marketing Specialist IV,MK.GLMF.P4,IC4,145495.0,181868.5,218242.0,0.9962,181183.32,in_range,0.1,18118.33,199301.65,3.28,1.23,2023-01-01,2025-01-14,3,Solid,Radford All Country,Yes,exact_us_zone,US row matched using country + zone + Radford job code.,United States - Z3,Z3 US,United States - TS 100M - 1B Rev Z2 US,U.S. Dollars - USD,MK.GLMF.P4,General - Multi-Focus - Advanced (P4),,,,,164024.0,172000.0,178600.0,192970.0
SYN00366,Benjamin Kim,United States of America,Colorado,Z3,Job Code: JC100370,Marketing Specialist V,MK.GLMF.P5,IC5,174359.0,217948.5,261538.0,0.886,193108.14,in_range,0.15,28966.22,222074.36,4.05,2.05,2022-03-20,2024-03-26,4,Strong,Radford All Country,Yes,exact_us_zone,US row matched using country + zone + Radford job code.,United States - Z3,Z3 US,United States - TS 100M - 1B Rev Z2 US,U.S. Dollars - USD,MK.GLMF.P5,General - Multi-Focus - Expert (P5),,,,,186467.0,204560.0,210000.0,235931.0
SYN00367,Liam Kim,United States of America,Colorado,Z3,Job Code: JC100370,Marketing Specialist V,MK.GLMF.P5,IC5,174359.0,217948.5,261538.0,0.9533,207767.69,in_range,0.15,31165.15,238932.84,3.28,1.98,2022-12-21,2024-04-17,4,Strong,Radford All Country,Yes,exact_us_zone,US row matched using country + zone + Radford job code.,United States - Z3,Z3 US,United States - TS 100M - 1B Rev Z2 US,U.S. Dollars - USD,MK.GLMF.P5,General - Multi-Focus - Expert (P5),,,,,186467.0,204560.0,210000.0,235931.0
SYN00368,Noah Kim,United States of America,Colorado,Z3,Job Code: JC100370,Marketing Specialist V,MK.GLMF.P5,IC5,174359.0,217948.5,261538.0,0.9258,201774.54,in_range,0.15,30266.18,232040.72,2.79,2.07,2023-06-24,2024-03-19,3,Solid,Radford All Country,Yes,exact_us_zone,US row matched using country + zone + Radford job code.,United States - Z3,Z3 US,United States - TS 100M - 1B Rev Z2 US,U.S. Dollars - USD,MK.GLMF.P5,General - Multi-Focus - Expert (P5),,,,,186467.0,204560.0,210000.0,235931.0
SYN00369,Ethan Kim,United States of America,Minnesota,Z3,Job Code: JC100370,Marketing Specialist V,MK.GLMF.P5,IC5,174359.0,217948.5,261538.0,0.9263,201883.32,in_range,0.15,30282.5,232165.81,3.18,1.7,2023-01-25,2024-08-01,4,Strong,Radford All Country,Yes,exact_us_zone,US row matched using country + zone + Radford job code.,United States - Z3,Z3 US,United States - TS 100M - 1B Rev Z2 US,U.S. Dollars - USD,MK.GLMF.P5,General - Multi-Focus - Expert (P5),,,,,186467.0,204560.0,210000.0,235931.0
SYN00370,Mason Kim,United States of America,Colorado,Z3,Job Code: JC100391,Payroll Manager V,FI.OPPR.P5,IC5,168607.0,210758.5,252910.0,0.86,181252.31,in_range,0.15,27187.85,208440.16,3.03,1.46,2023-03-28,2024-10-21,1,Low,Radford All Country,Yes,exact_us_zone,US row matched using country + zone + Radford job code.,United States - Z3,Z3 US,United States - TS 100M - 1B Rev Z2 US,U.S. Dollars - USD,FI.OPPR.P5,Finance Operations - Payroll - Expert (P5),,,,,,,,
SYN00371,Lucas Kim,United States of America,California,Z3,Job Code: JC100400,Product Manager III,EN.PGPG.P3,IC3,185304.0,222374.0,259444.0,0.8333,185304.0,in_range,0.1,18530.4,203834.4,3.79,1.44,2022-06-24,2024-11-02,3,Solid,Radford All Country,Yes,exact_us_zone,US row matched using country + zone + Radford job code.,United States - Z3,Z3 US,United States - TS 100M - 1B Rev Z2 US,U.S. Dollars - USD,EN.PGPG.P3,Product Management - Technology Product Management - Career (P3),,,,,176696.0,187698.0,195688.0,213320.0
SYN00372,Elijah Kim,United States of America,California,Z3,Job Code: JC100400,Product Manager III,EN.PGPG.P3,IC3,185304.0,222374.0,259444.0,0.9053,201306.91,in_range,0.1,20130.69,221437.61,2.33,1.22,2023-12-05,2025-01-10,2,Developing,Radford All Country,Yes,exact_us_zone,US row matched using country + zone + Radford job code.,United States - Z3,Z3 US,United States - TS 100M - 1B Rev Z2 US,U.S. Dollars - USD,EN.PGPG.P3,Product Management - Technology Product Management - Career (P3),,,,,176696.0,187698.0,195688.0,213320.0
SYN00373,James Kim,United States of America,Oregon,Z3,Job Code: JC100400,Product Manager III,EN.PGPG.P3,IC3,185304.0,222374.0,259444.0,0.9549,212341.17,in_range,0.1,21234.12,233575.29,3.83,2.2,2022-06-12,2024-01-22,5,High,Radford All Country,Yes,exact_us_zone,US row matched using country + zone + Radford job code.,United States - Z3,Z3 US,United States - TS 100M - 1B Rev Z2 US,U.S. Dollars - USD,EN.PGPG.P3,Product Management - Technology Product Management - Career (P3),,,,,176696.0,187698.0,195688.0,213320.0
SYN00374,Henry Kim,United States of America,California,Z3,Job Code: JC100401,Product Manager IV,EN.PGPG.P4,IC4,215424.0,235620.0,323136.0,0.9143,215424.0,in_range,0.1,21542.4,236966.4,2.61,1.53,2023-08-24,2024-09-29,3,Solid,Radford All Country,Yes,exact_us_zone,US row matched using country + zone + Radford job code.,United States - Z3,Z3 US,United States - TS 100M - 1B Rev Z2 US,U.S. Dollars - USD,EN.PGPG.P4,Product Management - Technology Product Management - Advanced (P4),,,,,209950.0,220000.0,228000.0,242621.0
SYN00375,Alexander Kim,United States of America,California,Z3,Job Code: JC100401,Product Manager IV,EN.PGPG.P4,IC4,215424.0,235620.0,323136.0,0.9458,222849.48,in_range,0.1,22284.95,245134.42,3.58,2.86,2022-09-04,2023-05-25,3,Solid,Radford All Country,Yes,exact_us_zone,US row matched using country + zone + Radford job code.,United States - Z3,Z3 US,United States - TS 100M - 1B Rev Z2 US,U.S. Dollars - USD,EN.PGPG.P4,Product Management - Technology Product Management - Advanced (P4),,,,,209950.0,220000.0,228000.0,242621.0
SYN00376,Daniel Kim,United States of America,California,Z3,Job Code: JC100401,Product Manager IV,EN.PGPG.P4,IC4,215424.0,235620.0,323136.0,0.9168,216012.47,in_range,0.1,21601.25,237613.72,2.6,1.5,2023-09-05,2024-10-07,3,Solid,Radford All Country,Yes,exact_us_zone,US row matched using country + zone + Radford job code.,United States - Z3,Z3 US,United States - TS 100M - 1B Rev Z2 US,U.S. Dollars - USD,EN.PGPG.P4,Product Management - Technology Product Management - Advanced (P4),,,,,209950.0,220000.0,228000.0,242621.0
SYN00377,Samuel Kim,United States of America,Idaho,Z3,Job Code: JC100401,Product Manager IV,EN.PGPG.P4,IC4,215424.0,235620.0,323136.0,0.9143,215424.0,in_range,0.1,21542.4,236966.4,4.54,2.08,2021-09-26,2024-03-10,3,Solid,Radford All Country,Yes,exact_us_zone,US row matched using country + zone + Radford job code.,United States - Z3,Z3 US,United States - TS 100M - 1B Rev Z2 US,U.S. Dollars - USD,EN.PGPG.P4,Product Management - Technology Product Management - Advanced (P4),,,,,209950.0,220000.0,228000.0,242621.0
SYN00378,Owen Kim,United States of America,California,Z3,Job Code: JC100401,Product Manager IV,EN.PGPG.P4,IC4,215424.0,235620.0,323136.0,0.9143,215424.0,in_range,0.1,21542.4,236966.4,3.46,2.06,2022-10-23,2024-03-19,4,Strong,Radford All Country,Yes,exact_us_zone,US row matched using country + zone + Radford job code.,United States - Z3,Z3 US,United States - TS 100M - 1B Rev Z2 US,U.S. Dollars - USD,EN.PGPG.P4,Product Management - Technology Product Management - Advanced (P4),,,,,209950.0,220000.0,228000.0,242621.0
SYN00379,Jack Kim,United States of America,New Jersey,Z3,Job Code: JC100401,Product Manager IV,EN.PGPG.P4,IC4,215424.0,235620.0,323136.0,0.9143,215424.0,in_range,0.1,21542.4,236966.4,2.96,1.05,2023-04-25,2025-03-12,3,Solid,Radford All Country,Yes,exact_us_zone,US row matched using country + zone + Radford job code.,United States - Z3,Z3 US,United States - TS 100M - 1B Rev Z2 US,U.S. Dollars - USD,EN.PGPG.P4,Product Management - Technology Product Management - Advanced (P4),,,,,209950.0,220000.0,228000.0,242621.0
SYN00380,Julian Kim,United States of America,California,Z3,Job Code: JC100401,Product Manager IV,EN.PGPG.P4,IC4,215424.0,235620.0,323136.0,0.9143,215424.0,in_range,0.1,21542.4,236966.4,3.87,2.2,2022-05-30,2024-01-30,3,Solid,Radford All Country,Yes,exact_us_zone,US row matched using country + zone + Radford job code.,United States - Z3,Z3 US,United States - TS 100M - 1B Rev Z2 US,U.S. Dollars - USD,EN.PGPG.P4,Product Management - Technology Product Management - Advanced (P4),,,,,209950.0,220000.0,228000.0,242621.0
SYN00381,Leo Kim,United States of America,California,Z3,Job Code: JC100401,Product Manager IV,EN.PGPG.P4,IC4,215424.0,235620.0,323136.0,0.9143,215424.0,in_range,0.1,21542.4,236966.4,4.25,1.46,2022-01-04,2024-10-20,3,Solid,Radford All Country,Yes,exact_us_zone,US row matched using country + zone + Radford job code.,United States - Z3,Z3 US,United States - TS 100M - 1B Rev Z2 US,U.S. Dollars - USD,EN.PGPG.P4,Product Management - Technology Product Management - Advanced (P4),,,,,209950.0,220000.0,228000.0,242621.0
SYN00382,Isaac Kim,United States of America,Pennsylvania,Z3,Job Code: JC100402,Product Manager V,EN.PGPG.P5,IC5,243936.0,304920.0,365904.0,0.9254,282169.27,in_range,0.15,42325.39,324494.66,4.33,1.93,2021-12-13,2024-05-07,3,Solid,Radford All Country,Yes,exact_us_zone,US row matched using country + zone + Radford job code.,United States - Z3,Z3 US,United States - TS 100M - 1B Rev Z2 US,U.S. Dollars - USD,EN.PGPG.P5,Product Management - Technology Product Management - Expert (P5),,,,,240000.0,252700.0,260000.0,280400.0
SYN00383,Sebastian Kim,United States of America,Colorado,Z3,Job Code: JC100402,Product Manager V,EN.PGPG.P5,IC5,243936.0,304920.0,365904.0,1.053,321088.18,in_range,0.15,48163.23,369251.41,2.36,1.7,2023-11-22,2024-07-29,3,Solid,Radford All Country,Yes,exact_us_zone,US row matched using country + zone + Radford job code.,United States - Z3,Z3 US,United States - TS 100M - 1B Rev Z2 US,U.S. Dollars - USD,EN.PGPG.P5,Product Management - Technology Product Management - Expert (P5),,,,,240000.0,252700.0,260000.0,280400.0
SYN00384,Caleb Kim,United States of America,Colorado,Z3,Job Code: JC100402,Product Manager V,EN.PGPG.P5,IC5,243936.0,304920.0,365904.0,0.9382,286083.56,in_range,0.15,42912.53,328996.1,4.15,1.9,2022-02-04,2024-05-06,3,Solid,Radford All Country,Yes,exact_us_zone,US row matched using country + zone + Radford job code.,United States - Z3,Z3 US,United States - TS 100M - 1B Rev Z2 US,U.S. Dollars - USD,EN.PGPG.P5,Product Management - Technology Product Management - Expert (P5),,,,,240000.0,252700.0,260000.0,280400.0
SYN00385,Avery Lopez,United States of America,California,Z3,Job Code: JC100402,Product Manager V,EN.PGPG.P5,IC5,243936.0,304920.0,365904.0,0.9258,282306.99,in_range,0.15,42346.05,324653.04,4.22,2.03,2022-01-18,2024-04-02,2,Developing,Radford All Country,Yes,exact_us_zone,US row matched using country + zone + Radford job code.,United States - Z3,Z3 US,United States - TS 100M - 1B Rev Z2 US,U.S. Dollars - USD,EN.PGPG.P5,Product Management - Technology Product Management - Expert (P5),,,,,240000.0,252700.0,260000.0,280400.0
SYN00386,Jordan Lopez,United States of America,California,Z3,Job Code: JC100402,Product Manager V,EN.PGPG.P5,IC5,243936.0,304920.0,365904.0,0.8,243936.0,in_range,0.15,36590.4,280526.4,4.03,2.73,2022-03-30,2023-07-22,3,Solid,Radford All Country,Yes,exact_us_zone,US row matched using country + zone + Radford job code.,United States - Z3,Z3 US,United States - TS 100M - 1B Rev Z2 US,U.S. Dollars - USD,EN.PGPG.P5,Product Management - Technology Product Management - Expert (P5),,,,,240000.0,252700.0,260000.0,280400.0
SYN00387,Taylor Lopez,United States of America,California,Z3,Job Code: JC100402,Product Manager V,EN.PGPG.P5,IC5,243936.0,304920.0,365904.0,0.9055,276091.56,in_range,0.15,41413.73,317505.29,5.88,2.38,2020-05-19,2023-11-26,3,Solid,Radford All Country,Yes,exact_us_zone,US row matched using country + zone + Radford job code.,United States - Z3,Z3 US,United States - TS 100M - 1B Rev Z2 US,U.S. Dollars - USD,EN.PGPG.P5,Product Management - Technology Product Management - Expert (P5),,,,,240000.0,252700.0,260000.0,280400.0
SYN00388,Morgan Lopez,United States of America,California,Z3,Job Code: JC100402,Product Manager V,EN.PGPG.P5,IC5,243936.0,304920.0,365904.0,0.8823,269035.82,in_range,0.15,40355.37,309391.2,3.05,1.92,2023-03-23,2024-05-10,3,Solid,Radford All Country,Yes,exact_us_zone,US row matched using country + zone + Radford job code.,United States - Z3,Z3 US,United States - TS 100M - 1B Rev Z2 US,U.S. Dollars - USD,EN.PGPG.P5,Product Management - Technology Product Management - Expert (P5),,,,,240000.0,252700.0,260000.0,280400.0
SYN00389,Cameron Lopez,United States of America,Colorado,Z3,Job Code: JC100402,Product Manager V,EN.PGPG.P5,IC5,243936.0,304920.0,365904.0,1.0837,330449.26,in_range,0.15,49567.39,380016.65,3.25,1.92,2023-01-02,2024-05-02,4,Strong,Radford All Country,Yes,exact_us_zone,US row matched using country + zone + Radford job code.,United States - Z3,Z3 US,United States - TS 100M - 1B Rev Z2 US,U.S. Dollars - USD,EN.PGPG.P5,Product Management - Technology Product Management - Expert (P5),,,,,240000.0,252700.0,260000.0,280400.0
SYN00390,Riley Lopez,United States of America,California,Z3,Job Code: JC100403,Product Manager VI,EN.PGPG.P6,IC6,219952.0,256194.0,329928.0,1.21,309994.74,in_range,0.2,61998.95,371993.69,4.82,2.01,2021-06-16,2024-04-07,4,Strong,Radford All Country,Yes,exact_us_zone,US row matched using country + zone + Radford job code.,United States - Z3,Z3 US,United States - TS 100M - 1B Rev Z2 US,U.S. Dollars - USD,EN.PGPG.P6,Product Management - Technology Product Management - Principal (P6),,,,,254276.0,270195.0,288000.0,316800.0
SYN00391,Parker Lopez,United States of America,California,Z3,Job Code: JC100406,Product Marketing Manager III,MK.PIPM.P3,IC3,144283.0,151503.5,202010.0,0.9523,144283.0,in_range,0.1,14428.3,158711.3,0.22,0.22,2026-01-22,2026-01-10,,,Radford All Country,Yes,exact_us_zone,US row matched using country + zone + Radford job code.,United States - Z3,Z3 US,United States - TS 100M - 1B Rev Z2 US,U.S. Dollars - USD,MK.PIPM.P3,Product Marketing - Product Marketing - Career (P3),,,,,147908.0,155460.0,165789.0,180360.0
SYN00392,Quinn Lopez,United States of America,Colorado,Z3,Job Code: JC100407,Product Marketing Manager IV,MK.PIPM.P4,IC4,170494.0,186477.5,255741.0,0.9265,172766.67,in_range,0.1,17276.67,190043.34,3.06,2.11,2023-03-10,2024-03-01,3,Solid,Radford All Country,Yes,exact_us_zone,US row matched using country + zone + Radford job code.,United States - Z3,Z3 US,United States - TS 100M - 1B Rev Z2 US,U.S. Dollars - USD,MK.PIPM.P4,Product Marketing - Product Marketing - Advanced (P4),,,,,190000.0,200000.0,205000.0,220000.0
SYN00393,Hayden Lopez,United States of America,Colorado,Z3,Job Code: JC100407,Product Marketing Manager IV,MK.PIPM.P4,IC4,170494.0,186477.5,255741.0,0.9143,170494.0,in_range,0.1,17049.4,187543.4,3.26,2.69,2023-01-01,2023-08-01,3,Solid,Radford All Country,Yes,exact_us_zone,US row matched using country + zone + Radford job code.,United States - Z3,Z3 US,United States - TS 100M - 1B Rev Z2 US,U.S. Dollars - USD,MK.PIPM.P4,Product Marketing - Product Marketing - Advanced (P4),,,,,190000.0,200000.0,205000.0,220000.0
SYN00394,Rowan Lopez,United States of America,Wyoming,Z3,Job Code: JC100407,Product Marketing Manager IV,MK.PIPM.P4,IC4,170494.0,186477.5,255741.0,0.9143,170494.0,in_range,0.1,17049.4,187543.4,4.13,2.52,2022-02-13,2023-10-07,3,Solid,Radford All Country,Yes,exact_us_zone,US row matched using country + zone + Radford job code.,United States - Z3,Z3 US,United States - TS 100M - 1B Rev Z2 US,U.S. Dollars - USD,MK.PIPM.P4,Product Marketing - Product Marketing - Advanced (P4),,,,,190000.0,200000.0,205000.0,220000.0
SYN00395,Casey Lopez,United States of America,Colorado,Z3,Job Code: JC100407,Product Marketing Manager IV,MK.PIPM.P4,IC4,170494.0,186477.5,255741.0,0.9514,177421.22,in_range,0.1,17742.12,195163.34,5.01,2.04,2021-03-29,2024-03-18,3,Solid,Radford All Country,Yes,exact_us_zone,US row matched using country + zone + Radford job code.,United States - Z3,Z3 US,United States - TS 100M - 1B Rev Z2 US,U.S. Dollars - USD,MK.PIPM.P4,Product Marketing - Product Marketing - Advanced (P4),,,,,190000.0,200000.0,205000.0,220000.0
SYN00396,Alex Lopez,United States of America,Georgia,Z3,Job Code: JC100408,Product Marketing Manager V,MK.PIPM.P5,IC5,195103.0,243878.5,292654.0,0.8454,206186.36,in_range,0.15,30927.95,237114.31,4.28,2.68,2021-12-30,2023-07-27,3,Solid,Radford All Country,Yes,exact_us_zone,US row matched using country + zone + Radford job code.,United States - Z3,Z3 US,United States - TS 100M - 1B Rev Z2 US,U.S. Dollars - USD,MK.PIPM.P5,Product Marketing - Product Marketing - Expert (P5),,,,,210000.0,223014.0,230450.0,248815.0
SYN00397,Jamie Lopez,United States of America,Colorado,Z3,Job Code: JC100408,Product Marketing Manager V,MK.PIPM.P5,IC5,195103.0,243878.5,292654.0,0.8543,208346.53,in_range,0.15,31251.98,239598.51,3.2,2.24,2023-01-20,2024-01-06,3,Solid,Radford All Country,Yes,exact_us_zone,US row matched using country + zone + Radford job code.,United States - Z3,Z3 US,United States - TS 100M - 1B Rev Z2 US,U.S. Dollars - USD,MK.PIPM.P5,Product Marketing - Product Marketing - Expert (P5),,,,,210000.0,223014.0,230450.0,248815.0
SYN00398,Blake Lopez,United States of America,Arizona,Z3,Job Code: JC100408,Product Marketing Manager V,MK.PIPM.P5,IC5,195103.0,243878.5,292654.0,0.9157,223317.25,in_range,0.15,33497.59,256814.84,3.91,1.74,2022-05-04,2024-07-04,3,Solid,Radford All Country,Yes,exact_us_zone,US row matched using country + zone + Radford job code.,United States - Z3,Z3 US,United States - TS 100M - 1B Rev Z2 US,U.S. Dollars - USD,MK.PIPM.P5,Product Marketing - Product Marketing - Expert (P5),,,,,210000.0,223014.0,230450.0,248815.0
SYN00399,Drew Lopez,United States of America,California,Z3,Job Code: JC100408,Product Marketing Manager V,MK.PIPM.P5,IC5,195103.0,243878.5,292654.0,0.9015,219853.75,in_range,0.15,32978.06,252831.82,5.64,2.63,2020-08-10,2023-08-21,4,Strong,Radford All Country,Yes,exact_us_zone,US row matched using country + zone + Radford job code.,United States - Z3,Z3 US,United States - TS 100M - 1B Rev Z2 US,U.S. Dollars - USD,MK.PIPM.P5,Product Marketing - Product Marketing - Expert (P5),,,,,210000.0,223014.0,230450.0,248815.0
SYN00400,Reese Lopez,United States of America,California,Z3,Job Code: JC100409,Product Marketing Manager VI,MK.PIPM.P6,IC6,188788.0,235985.0,283182.0,1.1028,260249.89,in_range,0.2,52049.98,312299.87,5.4,2.35,2020-11-09,2023-12-02,4,Strong,Radford All Country,Yes,exact_us_zone,US row matched using country + zone + Radford job code.,United States - Z3,Z3 US,United States - TS 100M - 1B Rev Z2 US,U.S. Dollars - USD,MK.PIPM.P6,Product Marketing - Product Marketing - Principal (P6),,,,,244400.0,252426.0,255000.0,
SYN00401,Sydney Lopez,United States of America,California,Z3,Job Code: JC100409,Product Marketing Manager VI,MK.PIPM.P6,IC6,188788.0,235985.0,283182.0,1.1244,265352.76,in_range,0.2,53070.55,318423.31,5.56,4.1,2020-09-08,2022-03-08,4,Strong,Radford All Country,Yes,exact_us_zone,US row matched using country + zone + Radford job code.,United States - Z3,Z3 US,United States - TS 100M - 1B Rev Z2 US,U.S. Dollars - USD,MK.PIPM.P6,Product Marketing - Product Marketing - Principal (P6),,,,,244400.0,252426.0,255000.0,
SYN00402,Emerson Lopez,United States of America,California,Z3,Job Code: JC100418,Professional Services III,TC.TSMF.P3,IC3,163135.0,171299.5,228405.0,0.99,169586.51,in_range,0.1,16958.65,186545.16,3.88,2.85,2022-05-26,2023-05-29,3,Solid,Radford All Country,Yes,exact_us_zone,US row matched using country + zone + Radford job code.,United States - Z3,Z3 US,United States - TS 100M - 1B Rev Z2 US,U.S. Dollars - USD,TC.TSMF.P3,IT Solutions Consulting - Multi-Focus - Career (P3),,,,,125613.0,144000.0,147162.0,165000.0
SYN00403,Logan Lopez,United States of America,Colorado,Z3,Job Code: JC100419,Professional Services IV,TC.TSMF.P4,IC4,191981.0,209979.0,287971.0,0.9143,191981.0,in_range,0.1,19198.1,211179.1,1.66,1.3,2024-08-15,2024-12-22,3,Solid,Radford All Country,Yes,exact_us_zone,US row matched using country + zone + Radford job code.,United States - Z3,Z3 US,United States - TS 100M - 1B Rev Z2 US,U.S. Dollars - USD,TC.TSMF.P4,IT Solutions Consulting - Multi-Focus - Advanced (P4),,,,,156457.0,173834.0,182750.0,204168.0
SYN00404,Skyler Lopez,United States of America,Colorado,Z3,Job Code: JC100419,Professional Services IV,TC.TSMF.P4,IC4,191981.0,209979.0,287971.0,0.9143,191981.0,in_range,0.1,19198.1,211179.1,2.56,1.67,2023-09-15,2024-08-10,3,Solid,Radford All Country,Yes,exact_us_zone,US row matched using country + zone + Radford job code.,United States - Z3,Z3 US,United States - TS 100M - 1B Rev Z2 US,U.S. Dollars - USD,TC.TSMF.P4,IT Solutions Consulting - Multi-Focus - Advanced (P4),,,,,156457.0,173834.0,182750.0,204168.0
SYN00405,Finley Lopez,United States of America,Colorado,Z3,Job Code: JC100419,Professional Services IV,TC.TSMF.P4,IC4,191981.0,209979.0,287971.0,0.9143,191981.0,in_range,0.1,19198.1,211179.1,3.02,2.58,2023-04-06,2023-09-07,4,Strong,Radford All Country,Yes,exact_us_zone,US row matched using country + zone + Radford job code.,United States - Z3,Z3 US,United States - TS 100M - 1B Rev Z2 US,U.S. Dollars - USD,TC.TSMF.P4,IT Solutions Consulting - Multi-Focus - Advanced (P4),,,,,156457.0,173834.0,182750.0,204168.0
SYN00406,Harper Lopez,United States of America,California,Z3,Job Code: JC100419,Professional Services IV,TC.TSMF.P4,IC4,191981.0,209979.0,287971.0,0.9669,203028.09,in_range,0.1,20302.81,223330.9,4.62,2.26,2021-08-27,2024-01-07,4,Strong,Radford All Country,Yes,exact_us_zone,US row matched using country + zone + Radford job code.,United States - Z3,Z3 US,United States - TS 100M - 1B Rev Z2 US,U.S. Dollars - USD,TC.TSMF.P4,IT Solutions Consulting - Multi-Focus - Advanced (P4),,,,,156457.0,173834.0,182750.0,204168.0
SYN00407,Elliot Lopez,United States of America,California,Z3,Job Code: JC100419,Professional Services IV,TC.TSMF.P4,IC4,191981.0,209979.0,287971.0,0.9597,201515.59,in_range,0.1,20151.56,221667.15,4.05,2.73,2022-03-24,2023-07-21,3,Solid,Radford All Country,Yes,exact_us_zone,US row matched using country + zone + Radford job code.,United States - Z3,Z3 US,United States - TS 100M - 1B Rev Z2 US,U.S. Dollars - USD,TC.TSMF.P4,IT Solutions Consulting - Multi-Focus - Advanced (P4),,,,,156457.0,173834.0,182750.0,204168.0
SYN00408,Dakota Lopez,United States of America,Texas,Z3,Job Code: JC100419,Professional Services IV,TC.TSMF.P4,IC4,191981.0,209979.0,287971.0,0.9507,199627.84,in_range,0.1,19962.78,219590.63,4.95,2.62,2021-04-18,2023-08-17,3,Solid,Radford All Country,Yes,exact_us_zone,US row matched using country + zone + Radford job code.,United States - Z3,Z3 US,United States - TS 100M - 1B Rev Z2 US,U.S. Dollars - USD,TC.TSMF.P4,IT Solutions Consulting - Multi-Focus - Advanced (P4),,,,,156457.0,173834.0,182750.0,204168.0
SYN00409,Kendall Lopez,United States of America,Michigan,Z3,Job Code: JC100419,Professional Services IV,TC.TSMF.P4,IC4,191981.0,209979.0,287971.0,0.9791,205580.41,in_range,0.1,20558.04,226138.45,2.61,1.93,2023-08-21,2024-04-29,3,Solid,Radford All Country,Yes,exact_us_zone,US row matched using country + zone + Radford job code.,United States - Z3,Z3 US,United States - TS 100M - 1B Rev Z2 US,U.S. Dollars - USD,TC.TSMF.P4,IT Solutions Consulting - Multi-Focus - Advanced (P4),,,,,156457.0,173834.0,182750.0,204168.0
SYN00410,Sage Lopez,United States of America,Alaska,Z3,Job Code: JC100419,Professional Services IV,TC.TSMF.P4,IC4,191981.0,209979.0,287971.0,0.9143,191981.0,in_range,0.1,19198.1,211179.1,4.05,2.57,2022-03-23,2023-09-06,4,Strong,Radford All Country,Yes,exact_us_zone,US row matched using country + zone + Radford job code.,United States - Z3,Z3 US,United States - TS 100M - 1B Rev Z2 US,U.S. Dollars - USD,TC.TSMF.P4,IT Solutions Consulting - Multi-Focus - Advanced (P4),,,,,156457.0,173834.0,182750.0,204168.0
SYN00411,Peyton Lopez,United States of America,Colorado,Z3,Job Code: JC100419,Professional Services IV,TC.TSMF.P4,IC4,191981.0,209979.0,287971.0,0.9143,191981.0,in_range,0.1,19198.1,211179.1,0.69,0.69,2025-07-23,2025-07-22,3,Solid,Radford All Country,Yes,exact_us_zone,US row matched using country + zone + Radford job code.,United States - Z3,Z3 US,United States - TS 100M - 1B Rev Z2 US,U.S. Dollars - USD,TC.TSMF.P4,IT Solutions Consulting - Multi-Focus - Advanced (P4),,,,,156457.0,173834.0,182750.0,204168.0
SYN00412,Tatum Lopez,United States of America,Florida,Z3,Job Code: JC100419,Professional Services IV,TC.TSMF.P4,IC4,191981.0,209979.0,287971.0,0.9485,199166.03,in_range,0.1,19916.6,219082.64,5.1,1.63,2021-02-23,2024-08-26,4,Strong,Radford All Country,Yes,exact_us_zone,US row matched using country + zone + Radford job code.,United States - Z3,Z3 US,United States - TS 100M - 1B Rev Z2 US,U.S. Dollars - USD,TC.TSMF.P4,IT Solutions Consulting - Multi-Focus - Advanced (P4),,,,,156457.0,173834.0,182750.0,204168.0
SYN00413,Micah Lopez,United States of America,Colorado,Z3,Job Code: JC100419,Professional Services IV,TC.TSMF.P4,IC4,191981.0,209979.0,287971.0,0.9692,203501.19,in_range,0.1,20350.12,223851.31,0.66,0.66,2025-08-14,2025-08-15,3,Solid,Radford All Country,Yes,exact_us_zone,US row matched using country + zone + Radford job code.,United States - Z3,Z3 US,United States - TS 100M - 1B Rev Z2 US,U.S. Dollars - USD,TC.TSMF.P4,IT Solutions Consulting - Multi-Focus - Advanced (P4),,,,,156457.0,173834.0,182750.0,204168.0
SYN00414,Robin Lopez,United States of America,California,Z3,Job Code: JC100419,Professional Services IV,TC.TSMF.P4,IC4,191981.0,209979.0,287971.0,0.9143,191981.0,in_range,0.1,19198.1,211179.1,3.19,1.63,2023-01-28,2024-08-16,4,Strong,Radford All Country,Yes,exact_us_zone,US row matched using country + zone + Radford job code.,United States - Z3,Z3 US,United States - TS 100M - 1B Rev Z2 US,U.S. Dollars - USD,TC.TSMF.P4,IT Solutions Consulting - Multi-Focus - Advanced (P4),,,,,156457.0,173834.0,182750.0,204168.0
SYN00415,Devon Lopez,United States of America,Colorado,Z3,Job Code: JC100419,Professional Services IV,TC.TSMF.P4,IC4,191981.0,209979.0,287971.0,0.9143,191981.0,in_range,0.1,19198.1,211179.1,3.94,1.67,2022-04-29,2024-08-04,3,Solid,Radford All Country,Yes,exact_us_zone,US row matched using country + zone + Radford job code.,United States - Z3,Z3 US,United States - TS 100M - 1B Rev Z2 US,U.S. Dollars - USD,TC.TSMF.P4,IT Solutions Consulting - Multi-Focus - Advanced (P4),,,,,156457.0,173834.0,182750.0,204168.0
SYN00416,Sawyer Lopez,United States of America,California,Z3,Job Code: JC100420,Professional Services V,TC.TSMF.P5,IC5,219407.0,239976.0,329110.0,0.9143,219407.0,in_range,0.15,32911.05,252318.05,4.16,1.72,2022-02-03,2024-07-14,3,Solid,Radford All Country,Yes,exact_us_zone,US row matched using country + zone + Radford job code.,United States - Z3,Z3 US,United States - TS 100M - 1B Rev Z2 US,U.S. Dollars - USD,TC.TSMF.P5,IT Solutions Consulting - Multi-Focus - Expert (P5),,,,,195810.0,203050.0,215150.0,251152.0
SYN00417,Charlie Lopez,United States of America,California,Z3,Job Code: JC100420,Professional Services V,TC.TSMF.P5,IC5,219407.0,239976.0,329110.0,0.9143,219407.0,in_range,0.15,32911.05,252318.05,2.67,1.65,2023-08-12,2024-08-19,3,Solid,Radford All Country,Yes,exact_us_zone,US row matched using country + zone + Radford job code.,United States - Z3,Z3 US,United States - TS 100M - 1B Rev Z2 US,U.S. Dollars - USD,TC.TSMF.P5,IT Solutions Consulting - Multi-Focus - Expert (P5),,,,,195810.0,203050.0,215150.0,251152.0
SYN00418,Remy Lopez,United States of America,Ohio,Z3,Job Code: JC100420,Professional Services V,TC.TSMF.P5,IC5,219407.0,239976.0,329110.0,0.9143,219407.0,in_range,0.15,32911.05,252318.05,5.44,2.76,2020-10-27,2023-06-27,4,Strong,Radford All Country,Yes,exact_us_zone,US row matched using country + zone + Radford job code.,United States - Z3,Z3 US,United States - TS 100M - 1B Rev Z2 US,U.S. Dollars - USD,TC.TSMF.P5,IT Solutions Consulting - Multi-Focus - Expert (P5),,,,,195810.0,203050.0,215150.0,251152.0
SYN00419,Shawn Lopez,United States of America,California,Z3,Job Code: JC100420,Professional Services V,TC.TSMF.P5,IC5,219407.0,239976.0,329110.0,1.0604,254462.91,in_range,0.15,38169.44,292632.35,5.05,1.79,2021-03-20,2024-06-24,3,Solid,Radford All Country,Yes,exact_us_zone,US row matched using country + zone + Radford job code.,United States - Z3,Z3 US,United States - TS 100M - 1B Rev Z2 US,U.S. Dollars - USD,TC.TSMF.P5,IT Solutions Consulting - Multi-Focus - Expert (P5),,,,,195810.0,203050.0,215150.0,251152.0
SYN00420,Noel Lopez,United States of America,Texas,Z3,Job Code: JC100420,Professional Services V,TC.TSMF.P5,IC5,219407.0,239976.0,329110.0,0.9179,220277.22,in_range,0.15,33041.58,253318.8,2.46,1.33,2023-10-26,2024-12-14,3,Solid,Radford All Country,Yes,exact_us_zone,US row matched using country + zone + Radford job code.,United States - Z3,Z3 US,United States - TS 100M - 1B Rev Z2 US,U.S. Dollars - USD,TC.TSMF.P5,IT Solutions Consulting - Multi-Focus - Expert (P5),,,,,195810.0,203050.0,215150.0,251152.0
SYN00421,Aubrey Lopez,United States of America,Washington,Z3,Job Code: JC100420,Professional Services V,TC.TSMF.P5,IC5,219407.0,239976.0,329110.0,0.9143,219407.0,in_range,0.15,32911.05,252318.05,3.35,1.22,2022-11-30,2025-01-12,3,Solid,Radford All Country,Yes,exact_us_zone,US row matched using country + zone + Radford job code.,United States - Z3,Z3 US,United States - TS 100M - 1B Rev Z2 US,U.S. Dollars - USD,TC.TSMF.P5,IT Solutions Consulting - Multi-Focus - Expert (P5),,,,,195810.0,203050.0,215150.0,251152.0
SYN00422,Bailey Lopez,United States of America,California,Z3,Job Code: JC100420,Professional Services V,TC.TSMF.P5,IC5,219407.0,239976.0,329110.0,0.9143,219407.0,in_range,0.15,32911.05,252318.05,2.94,1.92,2023-04-29,2024-05-01,3,Solid,Radford All Country,Yes,exact_us_zone,US row matched using country + zone + Radford job code.,United States - Z3,Z3 US,United States - TS 100M - 1B Rev Z2 US,U.S. Dollars - USD,TC.TSMF.P5,IT Solutions Consulting - Multi-Focus - Expert (P5),,,,,195810.0,203050.0,215150.0,251152.0
SYN00423,Jules Lopez,United States of America,California,Z3,Job Code: JC100420,Professional Services V,TC.TSMF.P5,IC5,219407.0,239976.0,329110.0,0.9143,219407.0,in_range,0.15,32911.05,252318.05,2.8,1.26,2023-06-24,2025-01-09,3,Solid,Radford All Country,Yes,exact_us_zone,US row matched using country + zone + Radford job code.,United States - Z3,Z3 US,United States - TS 100M - 1B Rev Z2 US,U.S. Dollars - USD,TC.TSMF.P5,IT Solutions Consulting - Multi-Focus - Expert (P5),,,,,195810.0,203050.0,215150.0,251152.0
SYN00424,Kieran Lopez,United States of America,Virginia,Z3,Job Code: JC100421,Professional Services VI,TC.TSMF.P6,IC6,200200.0,225225.0,300300.0,1.16,261261.0,in_range,0.2,52252.2,313513.2,4.4,2.47,2021-11-15,2023-10-11,3,Solid,Radford All Country,Yes,exact_us_zone,US row matched using country + zone + Radford job code.,United States - Z3,Z3 US,United States - TS 100M - 1B Rev Z2 US,U.S. Dollars - USD,TC.TSMF.P6,IT Solutions Consulting - Multi-Focus - Principal (P6),,,,,213075.0,,,
SYN00425,Marlowe Lopez,United States of America,California,Z3,Job Code: JC100425,Project/Program (Admin) Manager IV,CB.PMPM.P4,IC4,155038.0,155153.0,232556.0,0.9993,155038.0,in_range,0.1,15503.8,170541.8,2.89,1.44,2023-05-18,2024-11-02,3,Solid,Radford All Country,Yes,exact_us_zone,US row matched using country + zone + Radford job code.,United States - Z3,Z3 US,United States - TS 100M - 1B Rev Z2 US,U.S. Dollars - USD,CB.PMPM.P4,Project Management - Project / Program Management - Advanced (P4),,,,,168200.0,182875.0,190000.0,206003.0
SYN00426,Adrian Lopez,United States of America,Colorado,Z3,Job Code: JC100426,Project/Program (Admin) Manager V,CB.PMPM.P5,IC5,179667.0,224583.5,269500.0,0.8716,195757.45,in_range,0.15,29363.62,225121.07,5.03,1.79,2021-03-28,2024-06-16,3,Solid,Radford All Country,Yes,exact_us_zone,US row matched using country + zone + Radford job code.,United States - Z3,Z3 US,United States - TS 100M - 1B Rev Z2 US,U.S. Dollars - USD,CB.PMPM.P5,Project Management - Project / Program Management - Expert (P5),,,,,190000.0,208580.0,216450.0,244590.0
SYN00427,Eden Lopez,United States of America,Colorado,Z3,Job Code: JC100426,Project/Program (Admin) Manager V,CB.PMPM.P5,IC5,179667.0,224583.5,269500.0,0.9488,213095.48,in_range,0.15,31964.32,245059.81,3.74,2.77,2022-07-06,2023-06-24,3,Solid,Radford All Country,Yes,exact_us_zone,US row matched using country + zone + Radford job code.,United States - Z3,Z3 US,United States - TS 100M - 1B Rev Z2 US,U.S. Dollars - USD,CB.PMPM.P5,Project Management - Project / Program Management - Expert (P5),,,,,190000.0,208580.0,216450.0,244590.0
SYN00428,Jesse Lopez,United States of America,California,Z3,Job Code: JC100426,Project/Program (Admin) Manager V,CB.PMPM.P5,IC5,179667.0,224583.5,269500.0,0.9409,211302.13,in_range,0.15,31695.32,242997.44,3.64,2.43,2022-08-23,2023-10-27,3,Solid,Radford All Country,Yes,exact_us_zone,US row matched using country + zone + Radford job code.,United States - Z3,Z3 US,United States - TS 100M - 1B Rev Z2 US,U.S. Dollars - USD,CB.PMPM.P5,Project Management - Project / Program Management - Expert (P5),,,,,190000.0,208580.0,216450.0,244590.0
SYN00429,Lane Lopez,United States of America,Florida,Z3,Job Code: JC100429,Quality Engineer II,EN.QAQA.P2,IC2,116090.0,125382.0,162537.0,1.07,134158.74,in_range,0.1,13415.87,147574.61,0.48,0.48,2025-10-07,2025-10-21,3,Solid,Radford All Country,Yes,exact_us_zone,US row matched using country + zone + Radford job code.,United States - Z3,Z3 US,United States - TS 100M - 1B Rev Z2 US,U.S. Dollars - USD,EN.QAQA.P2,Quality Assurance - Quality Assurance Engineering - Developing (P2),,,,,111617.0,123530.0,128282.0,143180.0
SYN00430,Shiloh Lopez,United States of America,Colorado,Z3,Job Code: JC100437,Talent Acquisition Partner IV,HR.TATA.P4,IC4,150156.0,164232.5,225234.0,0.9694,159199.27,in_range,0.1,15919.93,175119.19,2.94,1.95,2023-04-29,2024-05-02,3,Solid,Radford All Country,Yes,exact_us_zone,US row matched using country + zone + Radford job code.,United States - Z3,Z3 US,United States - TS 100M - 1B Rev Z2 US,U.S. Dollars - USD,HR.TATA.P4,Talent Acquisition - Talent Acquisition - Advanced (P4),,,,,168500.0,178220.0,182050.0,200893.0
SYN00431,Teagan Lopez,United States of America,Colorado,Z3,Job Code: JC100437,Talent Acquisition Partner IV,HR.TATA.P4,IC4,150156.0,164232.5,225234.0,0.9542,156710.25,in_range,0.1,15671.03,172381.28,3.15,1.9,2023-02-08,2024-05-19,3,Solid,Radford All Country,Yes,exact_us_zone,US row matched using country + zone + Radford job code.,United States - Z3,Z3 US,United States - TS 100M - 1B Rev Z2 US,U.S. Dollars - USD,HR.TATA.P4,Talent Acquisition - Talent Acquisition - Advanced (P4),,,,,168500.0,178220.0,182050.0,200893.0
SYN00432,Ari Lopez,United States of America,Nevada,Z3,Job Code: JC100437,Talent Acquisition Partner IV,HR.TATA.P4,IC4,150156.0,164232.5,225234.0,0.917,150607.31,in_range,0.1,15060.73,165668.04,3.21,2.8,2023-01-21,2023-06-17,3,Solid,Radford All Country,Yes,exact_us_zone,US row matched using country + zone + Radford job code.,United States - Z3,Z3 US,United States - TS 100M - 1B Rev Z2 US,U.S. Dollars - USD,HR.TATA.P4,Talent Acquisition - Talent Acquisition - Advanced (P4),,,,,168500.0,178220.0,182050.0,200893.0
SYN00433,Milan Lopez,United States of America,California,Z3,Job Code: JC100437,Talent Acquisition Partner IV,HR.TATA.P4,IC4,150156.0,164232.5,225234.0,0.9143,150156.0,in_range,0.1,15015.6,165171.6,2.65,1.81,2023-08-17,2024-06-08,3,Solid,Radford All Country,Yes,exact_us_zone,US row matched using country + zone + Radford job code.,United States - Z3,Z3 US,United States - TS 100M - 1B Rev Z2 US,U.S. Dollars - USD,HR.TATA.P4,Talent Acquisition - Talent Acquisition - Advanced (P4),,,,,168500.0,178220.0,182050.0,200893.0
SYN00434,Nico Lopez,United States of America,Virginia,Z3,Job Code: JC100437,Talent Acquisition Partner IV,HR.TATA.P4,IC4,150156.0,164232.5,225234.0,0.9825,161353.71,in_range,0.1,16135.37,177489.08,2.85,1.82,2023-05-31,2024-06-10,4,Strong,Radford All Country,Yes,exact_us_zone,US row matched using country + zone + Radford job code.,United States - Z3,Z3 US,United States - TS 100M - 1B Rev Z2 US,U.S. Dollars - USD,HR.TATA.P4,Talent Acquisition - Talent Acquisition - Advanced (P4),,,,,168500.0,178220.0,182050.0,200893.0
SYN00435,Aisha Lopez,United States of America,Colorado,Z3,Job Code: JC100438,Talent Acquisition Partner V,HR.TATA.P5,IC5,178844.0,223555.0,268266.0,0.98,219083.9,in_range,0.15,32862.58,251946.48,4.13,3.43,2022-02-17,2022-10-26,3,Solid,Radford All Country,Yes,exact_us_zone,US row matched using country + zone + Radford job code.,United States - Z3,Z3 US,United States - TS 100M - 1B Rev Z2 US,U.S. Dollars - USD,HR.TATA.P5,Talent Acquisition - Talent Acquisition - Expert (P5),,,,,201400.0,212000.0,215650.0,225500.0
SYN00436,Priya Lopez,United States of America,California,Z3,Job Code: JC100449,SA/Enterprise IV,SA.ASPS.P4,IC4,194832.0,213097.5,292248.0,0.9143,194832.0,in_range,0.1,19483.2,214315.2,4.86,1.4,2021-05-26,2024-11-10,3,Solid,Radford All Country,Yes,exact_us_zone,US row matched using country + zone + Radford job code.,United States - Z3,Z3 US,United States - TS 100M - 1B Rev Z2 US,U.S. Dollars - USD,SA.ASPS.P4,Applications / Systems Engineering - Post-Sales - Sales Plan - Advanced (P4),,,,,147575.0,,,
SYN00437,Leah Lopez,United States of America,Colorado,Z3,Job Code: JC100454,SDET Engineer III,EN.SODE.P3,IC3,165257.0,173385.5,231376.0,0.9958,172657.77,in_range,0.1,17265.78,189923.55,3.64,2.7,2022-08-15,2023-07-20,3,Solid,Radford All Country,Yes,exact_us_zone,US row matched using country + zone + Radford job code.,United States - Z3,Z3 US,United States - TS 100M - 1B Rev Z2 US,U.S. Dollars - USD,EN.SODE.P3,Software - Software Development Engineering - Career (P3),,,,,185500.0,195700.0,203700.0,220000.0
SYN00438,Sophia Lopez,United States of America,California,Z3,Job Code: JC100454,SDET Engineer III,EN.SODE.P3,IC3,165257.0,173385.5,231376.0,1.0134,175702.42,in_range,0.1,17570.24,193272.66,4.46,1.98,2021-10-27,2024-04-20,4,Strong,Radford All Country,Yes,exact_us_zone,US row matched using country + zone + Radford job code.,United States - Z3,Z3 US,United States - TS 100M - 1B Rev Z2 US,U.S. Dollars - USD,EN.SODE.P3,Software - Software Development Engineering - Career (P3),,,,,185500.0,195700.0,203700.0,220000.0
SYN00439,Maya Lopez,United States of America,California,Z3,Job Code: JC100454,SDET Engineer III,EN.SODE.P3,IC3,165257.0,173385.5,231376.0,1.0674,185066.3,in_range,0.1,18506.63,203572.93,2.83,1.45,2023-06-13,2024-10-30,5,High,Radford All Country,Yes,exact_us_zone,US row matched using country + zone + Radford job code.,United States - Z3,Z3 US,United States - TS 100M - 1B Rev Z2 US,U.S. Dollars - USD,EN.SODE.P3,Software - Software Development Engineering - Career (P3),,,,,185500.0,195700.0,203700.0,220000.0
SYN00440,Zoe Lopez,United States of America,California,Z3,Job Code: JC100455,SDET Engineer IV,EN.SODE.P4,IC4,186717.0,233396.5,280076.0,0.9389,219141.92,in_range,0.1,21914.19,241056.11,5.05,3.21,2021-03-17,2023-01-14,3,Solid,Radford All Country,Yes,exact_us_zone,US row matched using country + zone + Radford job code.,United States - Z3,Z3 US,United States - TS 100M - 1B Rev Z2 US,U.S. Dollars - USD,EN.SODE.P4,Software - Software Development Engineering - Advanced (P4),,,,,214795.0,226800.0,235000.0,251619.0
SYN00441,Olivia Lopez,United States of America,Colorado,Z3,Job Code: JC100455,SDET Engineer IV,EN.SODE.P4,IC4,186717.0,233396.5,280076.0,0.9458,220745.72,in_range,0.1,22074.57,242820.29,3.67,3.02,2022-08-06,2023-04-03,3,Solid,Radford All Country,Yes,exact_us_zone,US row matched using country + zone + Radford job code.,United States - Z3,Z3 US,United States - TS 100M - 1B Rev Z2 US,U.S. Dollars - USD,EN.SODE.P4,Software - Software Development Engineering - Advanced (P4),,,,,214795.0,226800.0,235000.0,251619.0
SYN00442,Emma Lopez,United States of America,Colorado,Z3,Job Code: JC100465,SE Commercial III,,IC3,138464.0,166163.5,193863.0,0.9081,150886.09,in_range,0.1,15088.61,165974.7,4.14,2.85,2022-02-21,2023-06-04,,,Radford All Country,No,unmatched,No FJC Radford code available for market join.,,,,,,,,,,,,,,
SYN00443,Isabella Lopez,United States of America,Indiana,Z3,Job Code: JC100465,SE Commercial III,,IC3,138464.0,166163.5,193863.0,0.9204,152934.48,in_range,0.1,15293.45,168227.93,0.7,0.7,2025-07-29,2025-07-26,3,Solid,Radford All Country,No,unmatched,No FJC Radford code available for market join.,,,,,,,,,,,,,,
SYN00444,Mia Lopez,United States of America,California,Z3,Job Code: JC100465,SE Commercial III,,IC3,138464.0,166163.5,193863.0,0.9561,158873.12,in_range,0.1,15887.31,174760.43,4.13,2.73,2022-02-13,2023-07-15,3,Solid,Radford All Country,No,unmatched,No FJC Radford code available for market join.,,,,,,,,,,,,,,
SYN00445,Amelia Lopez,United States of America,Wyoming,Z3,Job Code: JC100465,SE Commercial III,,IC3,138464.0,166163.5,193863.0,0.9095,151130.04,in_range,0.1,15113.0,166243.04,2.32,1.93,2023-12-10,2024-05-02,3,Solid,Radford All Country,No,unmatched,No FJC Radford code available for market join.,,,,,,,,,,,,,,
SYN00446,Charlotte Lopez,United States of America,Colorado,Z3,Job Code: JC100466,SE Commercial IV,,IC4,158878.0,198597.0,238316.0,0.9742,193468.05,in_range,0.1,19346.81,212814.86,2.84,2.05,2023-06-03,2024-03-14,2,Developing,Radford All Country,No,unmatched,No FJC Radford code available for market join.,,,,,,,,,,,,,,
SYN00447,Lila Lopez,United States of America,California,Z3,Job Code: JC100466,SE Commercial IV,,IC4,158878.0,198597.0,238316.0,1.0071,200013.97,in_range,0.1,20001.4,220015.36,3.3,2.65,2022-12-14,2023-08-10,5,High,Radford All Country,No,unmatched,No FJC Radford code available for market join.,,,,,,,,,,,,,,
SYN00448,Nora Lopez,United States of America,New Jersey,Z3,Job Code: JC100466,SE Commercial IV,,IC4,158878.0,198597.0,238316.0,0.9543,189521.44,in_range,0.1,18952.14,208473.58,3.46,2.26,2022-10-27,2024-01-06,4,Strong,Radford All Country,No,unmatched,No FJC Radford code available for market join.,,,,,,,,,,,,,,
SYN00449,Layla Lopez,United States of America,Colorado,Z3,Job Code: JC100466,SE Commercial IV,,IC4,158878.0,198597.0,238316.0,0.9424,187165.12,in_range,0.1,18716.51,205881.63,3.45,2.11,2022-10-18,2024-02-19,3,Solid,Radford All Country,No,unmatched,No FJC Radford code available for market join.,,,,,,,,,,,,,,
SYN00450,Hazel Lopez,United States of America,Oregon,Z3,Job Code: JC100467,SE Commercial V,,IC5,174484.0,190842.0,261727.0,1.01,192750.42,in_range,0.15,28912.56,221662.98,3.89,1.85,2022-05-12,2024-06-05,4,Strong,Radford All Country,No,unmatched,No FJC Radford code available for market join.,,,,,,,,,,,,,,
SYN00451,Aria Lopez,United States of America,California,Z3,Job Code: JC100490,SI Alliance / Partnership Specialist IV,SA.APAP.P4,IC4,131952.0,158161.0,197929.0,0.95,150252.95,in_range,0.1,15025.29,165278.24,4.73,2.71,2021-07-18,2023-07-28,3,Solid,Radford All Country,Yes,exact_us_zone,US row matched using country + zone + Radford job code.,United States - Z3,Z3 US,United States - TS 100M - 1B Rev Z2 US,U.S. Dollars - USD,SA.APAP.P4,Alliance Partnership - Alliance Partnership - Advanced (P4),,,,,154500.0,165387.0,175000.0,199434.0
SYN00452,Ivy Lopez,United States of America,California,Z3,Job Code: JC100491,SI Alliance / Partnership Specialist V,SA.APAP.P5,IC5,158971.0,177966.0,238457.0,0.9375,166849.63,in_range,0.15,25027.44,191877.07,4.67,2.52,2021-08-01,2023-09-26,4,Strong,Radford All Country,Yes,exact_us_zone,US row matched using country + zone + Radford job code.,United States - Z3,Z3 US,United States - TS 100M - 1B Rev Z2 US,U.S. Dollars - USD,SA.APAP.P5,Alliance Partnership - Alliance Partnership - Expert (P5),,,,,193879.0,208172.0,216993.0,238234.0
SYN00453,Naomi Lopez,United States of America,Colorado,Z3,Job Code: JC100491,SI Alliance / Partnership Specialist V,SA.APAP.P5,IC5,158971.0,177966.0,238457.0,0.8933,158971.0,in_range,0.15,23845.65,182816.65,2.07,1.76,2024-03-07,2024-06-30,2,Developing,Radford All Country,Yes,exact_us_zone,US row matched using country + zone + Radford job code.,United States - Z3,Z3 US,United States - TS 100M - 1B Rev Z2 US,U.S. Dollars - USD,SA.APAP.P5,Alliance Partnership - Alliance Partnership - Expert (P5),,,,,193879.0,208172.0,216993.0,238234.0
SYN00454,Elena Lopez,United States of America,California,Z3,Job Code: JC100500,Sales Engineer Enterprise III,SA.ASRS.P3,IC3,148180.0,160040.5,207466.0,0.9259,148180.0,in_range,0.1,14818.0,162998.0,3.2,2.06,2023-01-29,2024-03-13,1,Low,Radford All Country,Yes,exact_us_zone,US row matched using country + zone + Radford job code.,United States - Z3,Z3 US,United States - TS 100M - 1B Rev Z2 US,U.S. Dollars - USD,SA.ASRS.P3,Applications / Systems Engineering - Pre-Sales - Sales Plan - Career (P3),,,,,136925.0,147061.0,152610.0,166600.0
SYN00455,Lucy Lopez,United States of America,Colorado,Z3,Job Code: JC100500,Sales Engineer Enterprise III,SA.ASRS.P3,IC3,148180.0,160040.5,207466.0,0.9259,148180.0,in_range,0.1,14818.0,162998.0,2.27,1.42,2024-01-04,2024-11-02,3,Solid,Radford All Country,Yes,exact_us_zone,US row matched using country + zone + Radford job code.,United States - Z3,Z3 US,United States - TS 100M - 1B Rev Z2 US,U.S. Dollars - USD,SA.ASRS.P3,Applications / Systems Engineering - Pre-Sales - Sales Plan - Career (P3),,,,,136925.0,147061.0,152610.0,166600.0
SYN00456,Stella Lopez,United States of America,Colorado,Z3,Job Code: JC100501,Sales Engineer Enterprise IV,SA.ASRS.P4,IC4,175567.0,219459.0,263351.0,0.9753,214042.91,in_range,0.1,21404.29,235447.2,3.34,2.87,2022-12-11,2023-05-28,4,Strong,Radford All Country,Yes,exact_us_zone,US row matched using country + zone + Radford job code.,United States - Z3,Z3 US,United States - TS 100M - 1B Rev Z2 US,U.S. Dollars - USD,SA.ASRS.P4,Applications / Systems Engineering - Pre-Sales - Sales Plan - Advanced (P4),,,,,168613.0,175000.0,181247.0,191729.0
SYN00457,Grace Lopez,United States of America,California,Z3,Job Code: JC100501,Sales Engineer Enterprise IV,SA.ASRS.P4,IC4,175567.0,219459.0,263351.0,0.9432,206986.75,in_range,0.1,20698.67,227685.42,4.55,3.04,2021-09-20,2023-03-18,3,Solid,Radford All Country,Yes,exact_us_zone,US row matched using country + zone + Radford job code.,United States - Z3,Z3 US,United States - TS 100M - 1B Rev Z2 US,U.S. Dollars - USD,SA.ASRS.P4,Applications / Systems Engineering - Pre-Sales - Sales Plan - Advanced (P4),,,,,168613.0,175000.0,181247.0,191729.0
SYN00458,Hannah Lopez,United States of America,Colorado,Z3,Job Code: JC100501,Sales Engineer Enterprise IV,SA.ASRS.P4,IC4,175567.0,219459.0,263351.0,0.9992,219283.89,in_range,0.1,21928.39,241212.28,3.74,2.87,2022-07-12,2023-05-27,4,Strong,Radford All Country,Yes,exact_us_zone,US row matched using country + zone + Radford job code.,United States - Z3,Z3 US,United States - TS 100M - 1B Rev Z2 US,U.S. Dollars - USD,SA.ASRS.P4,Applications / Systems Engineering - Pre-Sales - Sales Plan - Advanced (P4),,,,,168613.0,175000.0,181247.0,191729.0
SYN00459,Violet Lopez,United States of America,New York,Z3,Job Code: JC100501,Sales Engineer Enterprise IV,SA.ASRS.P4,IC4,175567.0,219459.0,263351.0,0.9529,209132.66,in_range,0.1,20913.27,230045.92,3.74,1.85,2022-07-14,2024-05-27,4,Strong,Radford All Country,Yes,exact_us_zone,US row matched using country + zone + Radford job code.,United States - Z3,Z3 US,United States - TS 100M - 1B Rev Z2 US,U.S. Dollars - USD,SA.ASRS.P4,Applications / Systems Engineering - Pre-Sales - Sales Plan - Advanced (P4),,,,,168613.0,175000.0,181247.0,191729.0
SYN00460,Luna Lopez,United States of America,California,Z3,Job Code: JC100501,Sales Engineer Enterprise IV,SA.ASRS.P4,IC4,175567.0,219459.0,263351.0,0.9703,212947.96,in_range,0.1,21294.8,234242.75,3.9,3.57,2022-05-12,2022-09-04,3,Solid,Radford All Country,Yes,exact_us_zone,US row matched using country + zone + Radford job code.,United States - Z3,Z3 US,United States - TS 100M - 1B Rev Z2 US,U.S. Dollars - USD,SA.ASRS.P4,Applications / Systems Engineering - Pre-Sales - Sales Plan - Advanced (P4),,,,,168613.0,175000.0,181247.0,191729.0
SYN00461,Evelyn Lopez,United States of America,Washington,Z3,Job Code: JC100501,Sales Engineer Enterprise IV,SA.ASRS.P4,IC4,175567.0,219459.0,263351.0,0.984,215946.76,in_range,0.1,21594.68,237541.43,4.21,3.46,2022-01-21,2022-10-25,4,Strong,Radford All Country,Yes,exact_us_zone,US row matched using country + zone + Radford job code.,United States - Z3,Z3 US,United States - TS 100M - 1B Rev Z2 US,U.S. Dollars - USD,SA.ASRS.P4,Applications / Systems Engineering - Pre-Sales - Sales Plan - Advanced (P4),,,,,168613.0,175000.0,181247.0,191729.0
SYN00462,Benjamin Lopez,United States of America,California,Z3,Job Code: JC100501,Sales Engineer Enterprise IV,SA.ASRS.P4,IC4,175567.0,219459.0,263351.0,0.9064,198921.45,in_range,0.1,19892.14,218813.59,2.88,2.1,2023-05-27,2024-03-03,5,High,Radford All Country,Yes,exact_us_zone,US row matched using country + zone + Radford job code.,United States - Z3,Z3 US,United States - TS 100M - 1B Rev Z2 US,U.S. Dollars - USD,SA.ASRS.P4,Applications / Systems Engineering - Pre-Sales - Sales Plan - Advanced (P4),,,,,168613.0,175000.0,181247.0,191729.0
SYN00463,Liam Lopez,United States of America,Indiana,Z3,Job Code: JC100501,Sales Engineer Enterprise IV,SA.ASRS.P4,IC4,175567.0,219459.0,263351.0,0.9375,205744.45,in_range,0.1,20574.44,226318.89,3.43,2.68,2022-11-04,2023-08-05,3,Solid,Radford All Country,Yes,exact_us_zone,US row matched using country + zone + Radford job code.,United States - Z3,Z3 US,United States - TS 100M - 1B Rev Z2 US,U.S. Dollars - USD,SA.ASRS.P4,Applications / Systems Engineering - Pre-Sales - Sales Plan - Advanced (P4),,,,,168613.0,175000.0,181247.0,191729.0
SYN00464,Noah Lopez,United States of America,Colorado,Z3,Job Code: JC100501,Sales Engineer Enterprise IV,SA.ASRS.P4,IC4,175567.0,219459.0,263351.0,0.9051,198628.93,in_range,0.1,19862.89,218491.82,4.59,1.75,2021-09-08,2024-07-14,4,Strong,Radford All Country,Yes,exact_us_zone,US row matched using country + zone + Radford job code.,United States - Z3,Z3 US,United States - TS 100M - 1B Rev Z2 US,U.S. Dollars - USD,SA.ASRS.P4,Applications / Systems Engineering - Pre-Sales - Sales Plan - Advanced (P4),,,,,168613.0,175000.0,181247.0,191729.0
SYN00465,Ethan Lopez,United States of America,Colorado,Z3,Job Code: JC100501,Sales Engineer Enterprise IV,SA.ASRS.P4,IC4,175567.0,219459.0,263351.0,1.0457,229491.83,in_range,0.1,22949.18,252441.02,1.75,1.11,2024-07-05,2025-02-28,3,Solid,Radford All Country,Yes,exact_us_zone,US row matched using country + zone + Radford job code.,United States - Z3,Z3 US,United States - TS 100M - 1B Rev Z2 US,U.S. Dollars - USD,SA.ASRS.P4,Applications / Systems Engineering - Pre-Sales - Sales Plan - Advanced (P4),,,,,168613.0,175000.0,181247.0,191729.0
SYN00466,Mason Lopez,United States of America,Nebraska,Z3,Job Code: JC100501,Sales Engineer Enterprise IV,SA.ASRS.P4,IC4,175567.0,219459.0,263351.0,1.0007,219602.71,in_range,0.1,21960.27,241562.98,3.22,2.94,2023-01-21,2023-04-27,3,Solid,Radford All Country,Yes,exact_us_zone,US row matched using country + zone + Radford job code.,United States - Z3,Z3 US,United States - TS 100M - 1B Rev Z2 US,U.S. Dollars - USD,SA.ASRS.P4,Applications / Systems Engineering - Pre-Sales - Sales Plan - Advanced (P4),,,,,168613.0,175000.0,181247.0,191729.0
SYN00467,Lucas Lopez,United States of America,Colorado,Z3,Job Code: JC100501,Sales Engineer Enterprise IV,SA.ASRS.P4,IC4,175567.0,219459.0,263351.0,1.0256,225077.53,in_range,0.1,22507.75,247585.28,4.34,2.43,2021-12-09,2023-11-02,3,Solid,Radford All Country,Yes,exact_us_zone,US row matched using country + zone + Radford job code.,United States - Z3,Z3 US,United States - TS 100M - 1B Rev Z2 US,U.S. Dollars - USD,SA.ASRS.P4,Applications / Systems Engineering - Pre-Sales - Sales Plan - Advanced (P4),,,,,168613.0,175000.0,181247.0,191729.0
SYN00468,Elijah Lopez,United States of America,California,Z3,Job Code: JC100502,Sales Engineer Enterprise V,SA.ASRS.P5,IC5,194212.0,218488.0,291318.0,0.9766,213378.03,in_range,0.15,32006.7,245384.74,5.4,4.05,2020-11-11,2022-03-26,3,Solid,Radford All Country,Yes,exact_us_zone,US row matched using country + zone + Radford job code.,United States - Z3,Z3 US,United States - TS 100M - 1B Rev Z2 US,U.S. Dollars - USD,SA.ASRS.P5,Applications / Systems Engineering - Pre-Sales - Sales Plan - Expert (P5),,,,,190460.0,198770.0,202800.0,215374.0
SYN00469,James Lopez,United States of America,Colorado,Z3,Job Code: JC100502,Sales Engineer Enterprise V,SA.ASRS.P5,IC5,194212.0,218488.0,291318.0,0.9936,217096.98,in_range,0.15,32564.55,249661.53,5.11,3.02,2021-03-02,2023-04-06,3,Solid,Radford All Country,Yes,exact_us_zone,US row matched using country + zone + Radford job code.,United States - Z3,Z3 US,United States - TS 100M - 1B Rev Z2 US,U.S. Dollars - USD,SA.ASRS.P5,Applications / Systems Engineering - Pre-Sales - Sales Plan - Expert (P5),,,,,190460.0,198770.0,202800.0,215374.0
SYN00470,Henry Lopez,United States of America,California,Z3,Job Code: JC100502,Sales Engineer Enterprise V,SA.ASRS.P5,IC5,194212.0,218488.0,291318.0,0.9695,211822.87,in_range,0.15,31773.43,243596.3,2.71,1.64,2023-07-18,2024-08-15,3,Solid,Radford All Country,Yes,exact_us_zone,US row matched using country + zone + Radford job code.,United States - Z3,Z3 US,United States - TS 100M - 1B Rev Z2 US,U.S. Dollars - USD,SA.ASRS.P5,Applications / Systems Engineering - Pre-Sales - Sales Plan - Expert (P5),,,,,190460.0,198770.0,202800.0,215374.0
SYN00471,Alexander Lopez,United States of America,California,Z3,Job Code: JC100502,Sales Engineer Enterprise V,SA.ASRS.P5,IC5,194212.0,218488.0,291318.0,0.9239,201853.79,in_range,0.15,30278.07,232131.86,3.77,2.36,2022-06-23,2023-12-01,3,Solid,Radford All Country,Yes,exact_us_zone,US row matched using country + zone + Radford job code.,United States - Z3,Z3 US,United States - TS 100M - 1B Rev Z2 US,U.S. Dollars - USD,SA.ASRS.P5,Applications / Systems Engineering - Pre-Sales - Sales Plan - Expert (P5),,,,,190460.0,198770.0,202800.0,215374.0
SYN00472,Daniel Lopez,United States of America,Colorado,Z3,Job Code: JC100502,Sales Engineer Enterprise V,SA.ASRS.P5,IC5,194212.0,218488.0,291318.0,1.0133,221390.24,in_range,0.15,33208.54,254598.78,3.52,1.84,2022-09-24,2024-06-07,3,Solid,Radford All Country,Yes,exact_us_zone,US row matched using country + zone + Radford job code.,United States - Z3,Z3 US,United States - TS 100M - 1B Rev Z2 US,U.S. Dollars - USD,SA.ASRS.P5,Applications / Systems Engineering - Pre-Sales - Sales Plan - Expert (P5),,,,,190460.0,198770.0,202800.0,215374.0
SYN00473,Samuel Lopez,United States of America,Tennessee,Z3,Job Code: JC100502,Sales Engineer Enterprise V,SA.ASRS.P5,IC5,194212.0,218488.0,291318.0,0.9655,210949.49,in_range,0.15,31642.42,242591.92,5.58,3.2,2020-09-07,2023-01-17,3,Solid,Radford All Country,Yes,exact_us_zone,US row matched using country + zone + Radford job code.,United States - Z3,Z3 US,United States - TS 100M - 1B Rev Z2 US,U.S. Dollars - USD,SA.ASRS.P5,Applications / Systems Engineering - Pre-Sales - Sales Plan - Expert (P5),,,,,190460.0,198770.0,202800.0,215374.0
SYN00474,Owen Lopez,United States of America,Pennsylvania,Z3,Job Code: JC100502,Sales Engineer Enterprise V,SA.ASRS.P5,IC5,194212.0,218488.0,291318.0,0.9531,208236.48,in_range,0.15,31235.47,239471.96,4.31,1.73,2021-12-09,2024-07-18,3,Solid,Radford All Country,Yes,exact_us_zone,US row matched using country + zone + Radford job code.,United States - Z3,Z3 US,United States - TS 100M - 1B Rev Z2 US,U.S. Dollars - USD,SA.ASRS.P5,Applications / Systems Engineering - Pre-Sales - Sales Plan - Expert (P5),,,,,190460.0,198770.0,202800.0,215374.0
SYN00475,Jack Lopez,United States of America,Colorado,Z3,Job Code: JC100502,Sales Engineer Enterprise V,SA.ASRS.P5,IC5,194212.0,218488.0,291318.0,0.9804,214196.14,in_range,0.15,32129.42,246325.57,2.17,1.48,2024-02-05,2024-10-06,4,Strong,Radford All Country,Yes,exact_us_zone,US row matched using country + zone + Radford job code.,United States - Z3,Z3 US,United States - TS 100M - 1B Rev Z2 US,U.S. Dollars - USD,SA.ASRS.P5,Applications / Systems Engineering - Pre-Sales - Sales Plan - Expert (P5),,,,,190460.0,198770.0,202800.0,215374.0
SYN00476,Julian Lopez,United States of America,New York,Z3,Job Code: JC100503,Sales Engineer Enterprise VI,SA.ASRS.P6,IC6,212836.0,266045.0,319254.0,1.0172,270617.22,in_range,0.2,54123.44,324740.66,4.09,3.59,2022-03-03,2022-08-29,5,High,Radford All Country,Yes,exact_us_zone,US row matched using country + zone + Radford job code.,United States - Z3,Z3 US,United States - TS 100M - 1B Rev Z2 US,U.S. Dollars - USD,SA.ASRS.P6,Applications / Systems Engineering - Pre-Sales - Sales Plan - Principal (P6),,,,,200363.0,225950.0,239505.0,284735.0
SYN00477,Leo Lopez,United States of America,California,Z3,Job Code: JC100503,Sales Engineer Enterprise VI,SA.ASRS.P6,IC6,212836.0,266045.0,319254.0,0.9831,261559.64,in_range,0.2,52311.93,313871.57,7.53,3.75,2018-09-22,2022-07-10,4,Strong,Radford All Country,Yes,exact_us_zone,US row matched using country + zone + Radford job code.,United States - Z3,Z3 US,United States - TS 100M - 1B Rev Z2 US,U.S. Dollars - USD,SA.ASRS.P6,Applications / Systems Engineering - Pre-Sales - Sales Plan - Principal (P6),,,,,200363.0,225950.0,239505.0,284735.0
SYN00478,Isaac Lopez,United States of America,Colorado,Z3,Job Code: JC100503,Sales Engineer Enterprise VI,SA.ASRS.P6,IC6,212836.0,266045.0,319254.0,0.9513,253098.3,in_range,0.2,50619.66,303717.95,6.68,2.19,2019-08-08,2024-01-21,3,Solid,Radford All Country,Yes,exact_us_zone,US row matched using country + zone + Radford job code.,United States - Z3,Z3 US,United States - TS 100M - 1B Rev Z2 US,U.S. Dollars - USD,SA.ASRS.P6,Applications / Systems Engineering - Pre-Sales - Sales Plan - Principal (P6),,,,,200363.0,225950.0,239505.0,284735.0
SYN00479,Sebastian Lopez,United States of America,Florida,Z3,Job Code: JC100503,Sales Engineer Enterprise VI,SA.ASRS.P6,IC6,212836.0,266045.0,319254.0,1.2,319254.0,in_range,0.2,63850.8,383104.8,3.68,2.82,2022-08-08,2023-06-14,5,High,Radford All Country,Yes,exact_us_zone,US row matched using country + zone + Radford job code.,United States - Z3,Z3 US,United States - TS 100M - 1B Rev Z2 US,U.S. Dollars - USD,SA.ASRS.P6,Applications / Systems Engineering - Pre-Sales - Sales Plan - Principal (P6),,,,,200363.0,225950.0,239505.0,284735.0
SYN00480,Caleb Lopez,United States of America,California,Z3,Job Code: JC100505,Sales Operations Analyst II,SA.OPSO.P2,IC2,93496.0,98226.0,130904.0,1.07,105101.82,in_range,0.1,10510.18,115612.0,0.73,0.73,2025-07-11,2025-07-17,2,Developing,Radford All Country,Yes,exact_us_zone,US row matched using country + zone + Radford job code.,United States - Z3,Z3 US,United States - TS 100M - 1B Rev Z2 US,U.S. Dollars - USD,SA.OPSO.P2,Operations / Sales Support - Sales Operations - Developing (P2),,,,,93485.0,100250.0,110154.0,123768.0
SYN00481,Avery Garcia,United States of America,California,Z3,Job Code: JC100507,Sales Operations Analyst IV,SA.OPSO.P4,IC4,150573.0,164689.0,225859.0,0.9143,150573.0,in_range,0.1,15057.3,165630.3,3.49,1.45,2022-10-11,2024-10-30,3,Solid,Radford All Country,Yes,exact_us_zone,US row matched using country + zone + Radford job code.,United States - Z3,Z3 US,United States - TS 100M - 1B Rev Z2 US,U.S. Dollars - USD,SA.OPSO.P4,Operations / Sales Support - Sales Operations - Advanced (P4),,,,,161300.0,175000.0,184151.0,201160.0
SYN00482,Jordan Garcia,United States of America,California,Z3,Job Code: JC100507,Sales Operations Analyst IV,SA.OPSO.P4,IC4,150573.0,164689.0,225859.0,0.9143,150573.0,in_range,0.1,15057.3,165630.3,3.83,2.27,2022-06-08,2023-12-31,4,Strong,Radford All Country,Yes,exact_us_zone,US row matched using country + zone + Radford job code.,United States - Z3,Z3 US,United States - TS 100M - 1B Rev Z2 US,U.S. Dollars - USD,SA.OPSO.P4,Operations / Sales Support - Sales Operations - Advanced (P4),,,,,161300.0,175000.0,184151.0,201160.0
SYN00483,Taylor Garcia,United States of America,Colorado,Z3,Job Code: JC100507,Sales Operations Analyst IV,SA.OPSO.P4,IC4,150573.0,164689.0,225859.0,0.9143,150573.0,in_range,0.1,15057.3,165630.3,4.19,2.88,2022-01-26,2023-05-23,3,Solid,Radford All Country,Yes,exact_us_zone,US row matched using country + zone + Radford job code.,United States - Z3,Z3 US,United States - TS 100M - 1B Rev Z2 US,U.S. Dollars - USD,SA.OPSO.P4,Operations / Sales Support - Sales Operations - Advanced (P4),,,,,161300.0,175000.0,184151.0,201160.0
SYN00484,Morgan Garcia,United States of America,New Jersey,Z3,Job Code: JC100507,Sales Operations Analyst IV,SA.OPSO.P4,IC4,150573.0,164689.0,225859.0,0.9644,158832.14,in_range,0.1,15883.21,174715.35,3.33,2.6,2022-12-07,2023-09-03,3,Solid,Radford All Country,Yes,exact_us_zone,US row matched using country + zone + Radford job code.,United States - Z3,Z3 US,United States - TS 100M - 1B Rev Z2 US,U.S. Dollars - USD,SA.OPSO.P4,Operations / Sales Support - Sales Operations - Advanced (P4),,,,,161300.0,175000.0,184151.0,201160.0
SYN00485,Cameron Garcia,United States of America,California,Z3,Job Code: JC100508,Sales Operations Analyst V,SA.OPSO.P5,IC5,193901.0,214144.0,290851.0,0.9324,199661.98,in_range,0.15,29949.3,229611.28,5.04,3.39,2021-03-28,2022-11-11,3,Solid,Radford All Country,Yes,exact_us_zone,US row matched using country + zone + Radford job code.,United States - Z3,Z3 US,United States - TS 100M - 1B Rev Z2 US,U.S. Dollars - USD,SA.OPSO.P5,Operations / Sales Support - Sales Operations - Expert (P5),,,,,180000.0,195016.0,204566.0,265000.0
SYN00486,Riley Garcia,United States of America,Colorado,Z3,Job Code: JC100508,Sales Operations Analyst V,SA.OPSO.P5,IC5,193901.0,214144.0,290851.0,0.9227,197596.73,in_range,0.15,29639.51,227236.24,3.6,3.17,2022-09-02,2023-02-09,3,Solid,Radford All Country,Yes,exact_us_zone,US row matched using country + zone + Radford job code.,United States - Z3,Z3 US,United States - TS 100M - 1B Rev Z2 US,U.S. Dollars - USD,SA.OPSO.P5,Operations / Sales Support - Sales Operations - Expert (P5),,,,,180000.0,195016.0,204566.0,265000.0
SYN00487,Parker Garcia,United States of America,Colorado,Z3,Job Code: JC100508,Sales Operations Analyst V,SA.OPSO.P5,IC5,193901.0,214144.0,290851.0,0.9573,205001.39,in_range,0.15,30750.21,235751.59,3.59,1.21,2022-08-28,2025-01-24,3,Solid,Radford All Country,Yes,exact_us_zone,US row matched using country + zone + Radford job code.,United States - Z3,Z3 US,United States - TS 100M - 1B Rev Z2 US,U.S. Dollars - USD,SA.OPSO.P5,Operations / Sales Support - Sales Operations - Expert (P5),,,,,180000.0,195016.0,204566.0,265000.0
SYN00488,Quinn Garcia,United States of America,California,Z3,Job Code: JC100508,Sales Operations Analyst V,SA.OPSO.P5,IC5,193901.0,214144.0,290851.0,0.947,202799.56,in_range,0.15,30419.93,233219.49,4.22,2.23,2022-01-20,2024-01-09,3,Solid,Radford All Country,Yes,exact_us_zone,US row matched using country + zone + Radford job code.,United States - Z3,Z3 US,United States - TS 100M - 1B Rev Z2 US,U.S. Dollars - USD,SA.OPSO.P5,Operations / Sales Support - Sales Operations - Expert (P5),,,,,180000.0,195016.0,204566.0,265000.0
SYN00489,Hayden Garcia,United States of America,Nebraska,Z3,Job Code: JC100508,Sales Operations Analyst V,SA.OPSO.P5,IC5,193901.0,214144.0,290851.0,0.9143,195799.58,in_range,0.15,29369.94,225169.52,5.19,1.87,2021-01-29,2024-05-18,3,Solid,Radford All Country,Yes,exact_us_zone,US row matched using country + zone + Radford job code.,United States - Z3,Z3 US,United States - TS 100M - 1B Rev Z2 US,U.S. Dollars - USD,SA.OPSO.P5,Operations / Sales Support - Sales Operations - Expert (P5),,,,,180000.0,195016.0,204566.0,265000.0
SYN00490,Rowan Garcia,United States of America,Arizona,Z3,Job Code: JC100508,Sales Operations Analyst V,SA.OPSO.P5,IC5,193901.0,214144.0,290851.0,0.9164,196235.58,in_range,0.15,29435.34,225670.92,3.59,1.74,2022-09-05,2024-07-16,3,Solid,Radford All Country,Yes,exact_us_zone,US row matched using country + zone + Radford job code.,United States - Z3,Z3 US,United States - TS 100M - 1B Rev Z2 US,U.S. Dollars - USD,SA.OPSO.P5,Operations / Sales Support - Sales Operations - Expert (P5),,,,,180000.0,195016.0,204566.0,265000.0
SYN00491,Casey Garcia,United States of America,California,Z3,Job Code: JC100513,Sales Trainer IV,SA.OPSE.P4,IC4,158696.0,198370.0,238044.0,0.9472,187905.75,in_range,0.1,18790.57,206696.32,3.2,2.08,2023-01-18,2024-03-06,3,Solid,Radford All Country,Yes,exact_us_zone,US row matched using country + zone + Radford job code.,United States - Z3,Z3 US,United States - TS 100M - 1B Rev Z2 US,U.S. Dollars - USD,SA.OPSE.P4,Operations / Sales Support - Sales Enablement - Advanced (P4),,,,,157000.0,165000.0,175014.0,187203.0
SYN00492,Alex Garcia,United States of America,California,Z3,Job Code: JC100513,Sales Trainer IV,SA.OPSE.P4,IC4,158696.0,198370.0,238044.0,0.939,186269.74,in_range,0.1,18626.97,204896.72,5.2,4.83,2021-01-30,2021-06-08,5,High,Radford All Country,Yes,exact_us_zone,US row matched using country + zone + Radford job code.,United States - Z3,Z3 US,United States - TS 100M - 1B Rev Z2 US,U.S. Dollars - USD,SA.OPSE.P4,Operations / Sales Support - Sales Enablement - Advanced (P4),,,,,157000.0,165000.0,175014.0,187203.0
SYN00493,Jamie Garcia,United States of America,California,Z3,Job Code: JC100514,Sales Trainer V,SA.OPSE.P5,IC5,182659.0,201742.0,273989.0,1.0019,202115.25,in_range,0.15,30317.29,232432.53,4.68,2.38,2021-08-04,2023-11-20,4,Strong,Radford All Country,Yes,exact_us_zone,US row matched using country + zone + Radford job code.,United States - Z3,Z3 US,United States - TS 100M - 1B Rev Z2 US,U.S. Dollars - USD,SA.OPSE.P5,Operations / Sales Support - Sales Enablement - Expert (P5),,,,,182475.0,206100.0,207794.0,
SYN00494,Blake Garcia,United States of America,Colorado,Z3,Job Code: JC100514,Sales Trainer V,SA.OPSE.P5,IC5,182659.0,201742.0,273989.0,1.0072,203202.95,in_range,0.15,30480.44,233683.4,4.35,2.39,2021-11-23,2023-11-22,4,Strong,Radford All Country,Yes,exact_us_zone,US row matched using country + zone + Radford job code.,United States - Z3,Z3 US,United States - TS 100M - 1B Rev Z2 US,U.S. Dollars - USD,SA.OPSE.P5,Operations / Sales Support - Sales Enablement - Expert (P5),,,,,182475.0,206100.0,207794.0,
SYN00495,Drew Garcia,United States of America,California,Z3,Job Code: JC100518,Security Engineer III,EN.SOPS.P3,IC3,174915.0,183518.5,244898.0,1.05,192694.43,in_range,0.1,19269.44,211963.87,2.29,1.64,2023-12-17,2024-08-12,,,Radford All Country,Yes,exact_us_zone,US row matched using country + zone + Radford job code.,United States - Z3,Z3 US,United States - TS 100M - 1B Rev Z2 US,U.S. Dollars - USD,EN.SOPS.P3,Software - Product / Application Security Engineering - Career (P3),,,,,189222.0,199330.0,212046.0,221500.0
SYN00496,Reese Garcia,United States of America,California,Z3,Job Code: JC100519,Security Engineer IV,EN.SOPS.P4,IC4,196033.0,214236.0,294050.0,0.915,196033.0,in_range,0.1,19603.3,215636.3,4.14,1.69,2022-02-09,2024-07-22,3,Solid,Radford All Country,Yes,exact_us_zone,US row matched using country + zone + Radford job code.,United States - Z3,Z3 US,United States - TS 100M - 1B Rev Z2 US,U.S. Dollars - USD,EN.SOPS.P4,Software - Product / Application Security Engineering - Advanced (P4),,,,,230000.0,239817.0,247285.0,259880.0
SYN00497,Sydney Garcia,United States of America,California,Z3,Job Code: JC100520,Security Engineer V,EN.SOPS.P5,IC5,232338.0,258841.5,348506.0,0.8976,232338.0,in_range,0.15,34850.7,267188.7,4.57,1.77,2021-09-07,2024-06-28,3,Solid,Radford All Country,Yes,exact_us_zone,US row matched using country + zone + Radford job code.,United States - Z3,Z3 US,United States - TS 100M - 1B Rev Z2 US,U.S. Dollars - USD,EN.SOPS.P5,Software - Product / Application Security Engineering - Expert (P5),,,,,251060.0,268830.0,280000.0,318270.0
SYN00498,Emerson Garcia,United States of America,California,Z3,Job Code: JC100520,Security Engineer V,EN.SOPS.P5,IC5,232338.0,258841.5,348506.0,0.8978,232396.43,in_range,0.15,34859.46,267255.89,4.91,3.38,2021-05-15,2022-11-14,2,Developing,Radford All Country,Yes,exact_us_zone,US row matched using country + zone + Radford job code.,United States - Z3,Z3 US,United States - TS 100M - 1B Rev Z2 US,U.S. Dollars - USD,EN.SOPS.P5,Software - Product / Application Security Engineering - Expert (P5),,,,,251060.0,268830.0,280000.0,318270.0
SYN00499,Logan Garcia,United States of America,California,Z3,Job Code: JC100522,Senior Director Accounting,FI.ACGA.M6,D2,207157.0,258946.5,310736.0,1.1,284841.15,in_range,0.3,85452.35,370293.49,5.03,5.03,2021-03-24,2021-03-27,3,Solid,Radford All Country,Yes,exact_us_zone,US row matched using country + zone + Radford job code.,United States - Z3,Z3 US,United States - TS 100M - 1B Rev Z2 US,U.S. Dollars - USD,FI.ACGA.M6,Accounting - General Accounting - Senior Director (M6),,,,,259250.0,270713.0,278600.0,291606.0
SYN00500,Skyler Garcia,United States of America,Tennessee,Z3,Job Code: JC100526,Senior Director Commercial Sales,SA.FSDS.M6,D2,160393.0,179968.5,240589.0,0.98,176369.13,in_range,0.3,52910.74,229279.87,4.19,4.19,2022-01-27,2022-01-27,3,Solid,Radford All Country,Yes,exact_us_zone,US row matched using country + zone + Radford job code.,United States - Z3,Z3 US,United States - TS 100M - 1B Rev Z2 US,U.S. Dollars - USD,SA.FSDS.M6,Field Sales - Sales Account Management - Direct Sales - Senior Director (M6),,,,,219746.0,231707.0,253125.0,275000.0
SYN00501,Finley Garcia,United States of America,California,Z3,Job Code: JC100534,Senior Director Customer Support Engineering,CS.FSTS.M6,D2,195858.0,228130.5,293788.0,1.13,257787.46,in_range,0.3,77336.24,335123.7,3.72,3.72,2022-07-21,2022-07-20,5,High,Radford All Country,Yes,exact_us_zone,US row matched using country + zone + Radford job code.,United States - Z3,Z3 US,United States - TS 100M - 1B Rev Z2 US,U.S. Dollars - USD,CS.FSTS.M6,Field Support - Technical Support Engineering - Senior Director (M6),,,,,225900.0,246345.0,252561.0,
SYN00502,Harper Garcia,United States of America,California,Z3,Job Code: JC100534,Senior Director Customer Support Engineering,CS.FSTS.M6,D2,195858.0,228130.5,293788.0,1.13,257787.46,in_range,0.3,77336.24,335123.7,4.52,4.52,2021-09-29,2021-10-03,5,High,Radford All Country,Yes,exact_us_zone,US row matched using country + zone + Radford job code.,United States - Z3,Z3 US,United States - TS 100M - 1B Rev Z2 US,U.S. Dollars - USD,CS.FSTS.M6,Field Support - Technical Support Engineering - Senior Director (M6),,,,,225900.0,246345.0,252561.0,
SYN00503,Elliot Garcia,United States of America,Colorado,Z3,Job Code: JC100535,Senior Director Data Management,TE.DADA.M6,D2,225099.0,262258.5,337649.0,0.9827,257716.81,in_range,0.3,77315.04,335031.85,4.32,4.32,2021-12-13,2021-12-10,4,Strong,Radford All Country,Yes,exact_us_zone,US row matched using country + zone + Radford job code.,United States - Z3,Z3 US,United States - TS 100M - 1B Rev Z2 US,U.S. Dollars - USD,TE.DADA.M6,Data Management & Analytics - Data Analytics - Senior Director (M6),,,,,262500.0,290469.0,297979.0,321511.0
SYN00504,Dakota Garcia,United States of America,Colorado,Z3,Job Code: JC100535,Senior Director Data Management,TE.DADA.M6,D2,225099.0,262258.5,337649.0,1.0252,268875.36,in_range,0.3,80662.61,349537.97,4.76,4.76,2021-07-07,2021-06-30,3,Solid,Radford All Country,Yes,exact_us_zone,US row matched using country + zone + Radford job code.,United States - Z3,Z3 US,United States - TS 100M - 1B Rev Z2 US,U.S. Dollars - USD,TE.DADA.M6,Data Management & Analytics - Data Analytics - Senior Director (M6),,,,,262500.0,290469.0,297979.0,321511.0
SYN00505,Kendall Garcia,United States of America,Idaho,Z3,Job Code: JC100536,Senior Director Demand Generation,MK.PIDG.M6,D2,194409.0,226442.0,291613.0,1.1664,264125.23,in_range,0.3,79237.57,343362.8,4.27,4.27,2022-01-04,2021-12-29,3,Solid,Radford All Country,Yes,exact_us_zone,US row matched using country + zone + Radford job code.,United States - Z3,Z3 US,United States - TS 100M - 1B Rev Z2 US,U.S. Dollars - USD,MK.PIDG.M6,Product Marketing - Demand Generation - Senior Director (M6),,,,,268195.0,286000.0,297500.0,
SYN00506,Sage Garcia,United States of America,Colorado,Z3,Job Code: JC100536,Senior Director Demand Generation,MK.PIDG.M6,D2,194409.0,226442.0,291613.0,1.0524,238309.31,in_range,0.3,71492.79,309802.1,2.17,2.17,2024-02-11,2024-02-01,4,Strong,Radford All Country,Yes,exact_us_zone,US row matched using country + zone + Radford job code.,United States - Z3,Z3 US,United States - TS 100M - 1B Rev Z2 US,U.S. Dollars - USD,MK.PIDG.M6,Product Marketing - Demand Generation - Senior Director (M6),,,,,268195.0,286000.0,297500.0,
SYN00507,Peyton Garcia,United States of America,California,Z3,Job Code: JC100539,Senior Director Engineering Programs,TE.PMPI.M6,D2,204135.0,255169.0,306203.0,1.06,270479.14,in_range,0.3,81143.74,351622.88,2.81,2.81,2023-06-22,2023-06-18,5,High,Radford All Country,Yes,exact_us_zone,US row matched using country + zone + Radford job code.,United States - Z3,Z3 US,United States - TS 100M - 1B Rev Z2 US,U.S. Dollars - USD,TE.PMPI.M6,Project Management - Project / Program Management - Information Systems - Senior Director (M6),,,,,,,,
SYN00508,Tatum Garcia,United States of America,Colorado,Z3,Job Code: JC100541,Senior Director Enterprise Sales,SA.FSDS.M6,D2,214706.0,248648.5,322059.0,1.01,251134.99,in_range,0.3,75340.5,326475.48,2.89,2.89,2023-05-15,2023-05-12,3,Solid,Radford All Country,Yes,exact_us_zone,US row matched using country + zone + Radford job code.,United States - Z3,Z3 US,United States - TS 100M - 1B Rev Z2 US,U.S. Dollars - USD,SA.FSDS.M6,Field Sales - Sales Account Management - Direct Sales - Senior Director (M6),,,,,219746.0,231707.0,253125.0,275000.0
SYN00509,Micah Garcia,United States of America,Colorado,Z3,Job Code: JC100541,Senior Director Enterprise Sales,SA.FSDS.M6,D2,214706.0,248648.5,322059.0,1.01,251134.99,in_range,0.3,75340.5,326475.48,4.48,4.48,2021-10-17,2021-10-10,3,Solid,Radford All Country,Yes,exact_us_zone,US row matched using country + zone + Radford job code.,United States - Z3,Z3 US,United States - TS 100M - 1B Rev Z2 US,U.S. Dollars - USD,SA.FSDS.M6,Field Sales - Sales Account Management - Direct Sales - Senior Director (M6),,,,,219746.0,231707.0,253125.0,275000.0
SYN00510,Robin Garcia,United States of America,Florida,Z3,Job Code: JC100543,Senior Director Financial Planning/Analysis,FI.ACFP.M6,D2,221116.0,276395.0,331674.0,1.0283,284204.77,in_range,0.3,85261.43,369466.2,3.63,3.63,2022-08-25,2022-08-14,2,Developing,Radford All Country,Yes,exact_us_zone,US row matched using country + zone + Radford job code.,United States - Z3,Z3 US,United States - TS 100M - 1B Rev Z2 US,U.S. Dollars - USD,FI.ACFP.M6,Accounting - Financial Planning & Analysis - Senior Director (M6),,,,,269000.0,282650.0,290350.0,304160.0
SYN00511,Devon Garcia,United States of America,Colorado,Z3,Job Code: JC100543,Senior Director Financial Planning/Analysis,FI.ACFP.M6,D2,221116.0,276395.0,331674.0,1.0215,282339.26,in_range,0.3,84701.78,367041.03,2.93,2.93,2023-05-05,2023-05-04,3,Solid,Radford All Country,Yes,exact_us_zone,US row matched using country + zone + Radford job code.,United States - Z3,Z3 US,United States - TS 100M - 1B Rev Z2 US,U.S. Dollars - USD,FI.ACFP.M6,Accounting - Financial Planning & Analysis - Senior Director (M6),,,,,269000.0,282650.0,290350.0,304160.0
SYN00512,Sawyer Garcia,United States of America,Massachusetts,Z3,Job Code: JC100547,Senior Director HR Generalist,HR.GLGL.M6,D2,201993.0,252491.5,302990.0,1.0,252491.5,in_range,0.3,75747.45,328238.95,5.58,5.58,2020-09-01,2020-09-05,3,Solid,Radford All Country,Yes,exact_us_zone,US row matched using country + zone + Radford job code.,United States - Z3,Z3 US,United States - TS 100M - 1B Rev Z2 US,U.S. Dollars - USD,HR.GLGL.M6,General - HR Generalist - Senior Director (M6),,,,,264092.0,272300.0,291237.0,327000.0
SYN00513,Charlie Garcia,United States of America,California,Z3,Job Code: JC100550,Senior Director IT/ Security Management,TE.ICIS.M6,D2,228994.0,254931.5,343491.0,1.08,275326.02,in_range,0.3,82597.81,357923.83,2.81,2.81,2023-06-19,2023-06-17,3,Solid,Radford All Country,Yes,exact_us_zone,US row matched using country + zone + Radford job code.,United States - Z3,Z3 US,United States - TS 100M - 1B Rev Z2 US,U.S. Dollars - USD,TE.ICIS.M6,Information / Cyber Security - Information Security Engineering - Senior Director (M6),,,,,,,,
SYN00514,Remy Garcia,United States of America,New Jersey,Z3,Job Code: JC100552,Senior Director Leadership & Development,HR.LDOD.M6,D2,215960.0,253986.5,323940.0,1.07,271765.55,in_range,0.3,81529.67,353295.22,2.71,2.71,2023-07-25,2023-07-16,3,Solid,Radford All Country,Yes,exact_us_zone,US row matched using country + zone + Radford job code.,United States - Z3,Z3 US,United States - TS 100M - 1B Rev Z2 US,U.S. Dollars - USD,HR.LDOD.M6,Learning & Development - Organizational Effectiveness - Senior Director (M6),,,,,261600.0,,,
SYN00515,Shawn Garcia,United States of America,Colorado,Z3,Job Code: JC100553,Senior Director Legal Counsel,LG.ATMF.M6,D2,240845.0,301056.0,361267.0,1.1524,346944.65,in_range,0.3,104083.4,451028.05,3.65,3.65,2022-08-19,2022-08-09,4,Strong,Radford All Country,Yes,exact_us_zone,US row matched using country + zone + Radford job code.,United States - Z3,Z3 US,United States - TS 100M - 1B Rev Z2 US,U.S. Dollars - USD,LG.ATMF.M6,Attorney - Multi-Focus - Senior Director (M6),,,,,318000.0,327000.0,342400.0,367543.0
SYN00516,Noel Garcia,United States of America,Colorado,Z3,Job Code: JC100553,Senior Director Legal Counsel,LG.ATMF.M6,D2,240845.0,301056.0,361267.0,1.1144,335499.38,in_range,0.3,100649.81,436149.2,2.46,2.46,2023-10-28,2023-10-14,3,Solid,Radford All Country,Yes,exact_us_zone,US row matched using country + zone + Radford job code.,United States - Z3,Z3 US,United States - TS 100M - 1B Rev Z2 US,U.S. Dollars - USD,LG.ATMF.M6,Attorney - Multi-Focus - Senior Director (M6),,,,,318000.0,327000.0,342400.0,367543.0
SYN00517,Aubrey Garcia,United States of America,Colorado,Z3,Job Code: JC100554,Senior Director Legal Operations,LG.NALO.M6,D2,201555.0,234766.0,302333.0,1.04,244156.64,in_range,0.3,73246.99,317403.63,3.69,3.69,2022-07-28,2022-07-29,4,Strong,Radford All Country,No,unmatched,No match found on expected US country/zone + Radford job code.,,,,,,,,,,,,,,
SYN00518,Bailey Garcia,United States of America,Colorado,Z3,Job Code: JC100561,Senior Director Product Marketing,MK.PIPM.M6,D2,211592.0,235589.0,317389.0,1.14,268571.46,in_range,0.3,80571.44,349142.9,3.36,3.36,2022-12-03,2022-11-20,3,Solid,Radford All Country,Yes,exact_us_zone,US row matched using country + zone + Radford job code.,United States - Z3,Z3 US,United States - TS 100M - 1B Rev Z2 US,U.S. Dollars - USD,MK.PIPM.M6,Product Marketing - Product Marketing - Senior Director (M6),,,,,282000.0,300000.0,321360.0,335000.0
SYN00519,Jules Garcia,United States of America,Colorado,Z3,Job Code: JC100562,Senior Director Product Management,EN.PGPG.M6,D2,259794.0,324743.0,389692.0,1.1104,360598.35,in_range,0.3,108179.5,468777.85,2.9,2.9,2023-05-15,2023-05-13,3,Solid,Radford All Country,Yes,exact_us_zone,US row matched using country + zone + Radford job code.,United States - Z3,Z3 US,United States - TS 100M - 1B Rev Z2 US,U.S. Dollars - USD,EN.PGPG.M6,Product Management - Technology Product Management - Senior Director (M6),,,,,286730.0,306781.0,320000.0,354697.0
SYN00520,Kieran Garcia,United States of America,Massachusetts,Z3,Job Code: JC100562,Senior Director Product Management,EN.PGPG.M6,D2,259794.0,324743.0,389692.0,1.0806,350917.56,in_range,0.3,105275.27,456192.82,3.57,3.57,2022-09-13,2022-09-18,3,Solid,Radford All Country,Yes,exact_us_zone,US row matched using country + zone + Radford job code.,United States - Z3,Z3 US,United States - TS 100M - 1B Rev Z2 US,U.S. Dollars - USD,EN.PGPG.M6,Product Management - Technology Product Management - Senior Director (M6),,,,,286730.0,306781.0,320000.0,354697.0
SYN00521,Marlowe Garcia,United States of America,Colorado,Z3,Job Code: JC100564,Senior Director Professional Services,TC.TSMF.M6,D2,244429.0,305536.0,366643.0,1.11,339144.96,in_range,0.3,101743.49,440888.45,2.08,2.08,2024-03-09,2024-03-04,4,Strong,Radford All Country,Yes,exact_us_zone,US row matched using country + zone + Radford job code.,United States - Z3,Z3 US,United States - TS 100M - 1B Rev Z2 US,U.S. Dollars - USD,TC.TSMF.M6,IT Solutions Consulting - Multi-Focus - Senior Director (M6),,,,,230025.0,232704.0,249018.0,
SYN00522,Adrian Garcia,United States of America,California,Z3,Job Code: JC100571,Senior Director SE Commercial,,D2,221755.0,258293.5,332632.0,0.94,242795.89,in_range,0.3,72838.77,315634.66,5.21,5.21,2021-01-24,2021-01-23,4,Strong,Radford All Country,No,unmatched,No FJC Radford code available for market join.,,,,,,,,,,,,,,
SYN00523,Eden Garcia,United States of America,California,Z3,Job Code: JC100575,Senior Director SI Alliance Partnership,SA.APAP.M6,D2,209317.0,220813.5,313976.0,1.2,264976.2,in_range,0.3,79492.86,344469.06,3.12,3.12,2023-02-20,2023-02-22,4,Strong,Radford All Country,Yes,exact_us_zone,US row matched using country + zone + Radford job code.,United States - Z3,Z3 US,United States - TS 100M - 1B Rev Z2 US,U.S. Dollars - USD,SA.APAP.M6,Alliance Partnership - Alliance Partnership - Senior Director (M6),,,,,245000.0,269267.0,275350.0,331070.0
SYN00524,Jesse Garcia,United States of America,Colorado,Z3,Job Code: JC100577,Senior Director Sales Engineering Enterprise,SA.ASRS.M6,D2,245698.0,276410.0,368547.0,0.8889,245698.0,in_range,0.3,73709.4,319407.4,3.79,3.79,2022-06-29,2022-06-20,4,Strong,Radford All Country,Yes,exact_us_zone,US row matched using country + zone + Radford job code.,United States - Z3,Z3 US,United States - TS 100M - 1B Rev Z2 US,U.S. Dollars - USD,SA.ASRS.M6,Applications / Systems Engineering - Pre-Sales - Sales Plan - Senior Director (M6),,,,,262500.0,276316.0,279320.0,298599.0
SYN00525,Lane Garcia,United States of America,California,Z3,Job Code: JC100577,Senior Director Sales Engineering Enterprise,SA.ASRS.M6,D2,245698.0,276410.0,368547.0,0.9666,267187.49,in_range,0.3,80156.25,347343.74,2.47,2.47,2023-10-24,2023-10-25,3,Solid,Radford All Country,Yes,exact_us_zone,US row matched using country + zone + Radford job code.,United States - Z3,Z3 US,United States - TS 100M - 1B Rev Z2 US,U.S. Dollars - USD,SA.ASRS.M6,Applications / Systems Engineering - Pre-Sales - Sales Plan - Senior Director (M6),,,,,262500.0,276316.0,279320.0,298599.0
SYN00526,Shiloh Garcia,United States of America,Florida,Z3,Job Code: JC100579,Senior Director Sales Operations,SA.OPSO.M6,D2,212322.0,265402.5,318483.0,1.0568,280478.0,in_range,0.3,84143.4,364621.4,5.03,5.03,2021-03-25,2021-03-30,4,Strong,Radford All Country,Yes,exact_us_zone,US row matched using country + zone + Radford job code.,United States - Z3,Z3 US,United States - TS 100M - 1B Rev Z2 US,U.S. Dollars - USD,SA.OPSO.M6,Operations / Sales Support - Sales Operations - Senior Director (M6),,,,,271688.0,291610.0,310953.0,343789.0
SYN00527,Teagan Garcia,United States of America,Colorado,Z3,Job Code: JC100579,Senior Director Sales Operations,SA.OPSO.M6,D2,212322.0,265402.5,318483.0,1.124,298307.48,in_range,0.3,89492.24,387799.72,3.12,3.12,2023-02-15,2023-02-20,5,High,Radford All Country,Yes,exact_us_zone,US row matched using country + zone + Radford job code.,United States - Z3,Z3 US,United States - TS 100M - 1B Rev Z2 US,U.S. Dollars - USD,SA.OPSO.M6,Operations / Sales Support - Sales Operations - Senior Director (M6),,,,,271688.0,291610.0,310953.0,343789.0
SYN00528,Ari Garcia,United States of America,Virginia,Z3,Job Code: JC100580,Senior Director Sales Training,SA.OPSE.M6,D2,213287.0,236918.5,319930.0,1.16,274825.46,in_range,0.3,82447.64,357273.1,4.28,4.28,2021-12-27,2021-12-27,3,Solid,Radford All Country,Yes,exact_us_zone,US row matched using country + zone + Radford job code.,United States - Z3,Z3 US,United States - TS 100M - 1B Rev Z2 US,U.S. Dollars - USD,SA.OPSE.M6,Operations / Sales Support - Sales Enablement - Senior Director (M6),,,,,255000.0,279518.0,294940.0,
SYN00529,Milan Garcia,United States of America,Colorado,Z3,Job Code: JC100582,Senior Director Site Reliability Engineering,EN.SODE.M6,D2,251835.0,314794.0,377753.0,1.15,362013.1,in_range,0.3,108603.93,470617.03,4.71,4.71,2021-07-18,2021-07-25,4,Strong,Radford All Country,Yes,exact_us_zone,US row matched using country + zone + Radford job code.,United States - Z3,Z3 US,United States - TS 100M - 1B Rev Z2 US,U.S. Dollars - USD,EN.SODE.M6,Software - Software Development Engineering - Senior Director (M6),,,,,301036.0,319955.0,340000.0,387711.0
SYN00530,Nico Garcia,United States of America,Arizona,Z3,Job Code: JC100583,Senior Director Software Engineering,EN.SODE.M6,D2,251835.0,314794.0,377753.0,1.1021,346940.71,in_range,0.3,104082.21,451022.92,3.74,3.74,2022-07-16,2022-07-06,4,Strong,Radford All Country,Yes,exact_us_zone,US row matched using country + zone + Radford job code.,United States - Z3,Z3 US,United States - TS 100M - 1B Rev Z2 US,U.S. Dollars - USD,EN.SODE.M6,Software - Software Development Engineering - Senior Director (M6),,,,,301036.0,319955.0,340000.0,387711.0
SYN00531,Aisha Garcia,United States of America,Michigan,Z3,Job Code: JC100583,Senior Director Software Engineering,EN.SODE.M6,D2,251835.0,314794.0,377753.0,1.0995,346121.54,in_range,0.3,103836.46,449958.0,4.3,4.3,2021-12-21,2021-12-14,5,High,Radford All Country,Yes,exact_us_zone,US row matched using country + zone + Radford job code.,United States - Z3,Z3 US,United States - TS 100M - 1B Rev Z2 US,U.S. Dollars - USD,EN.SODE.M6,Software - Software Development Engineering - Senior Director (M6),,,,,301036.0,319955.0,340000.0,387711.0
SYN00532,Priya Garcia,United States of America,Colorado,Z3,Job Code: JC100583,Senior Director Software Engineering,EN.SODE.M6,D2,251835.0,314794.0,377753.0,1.0728,337713.75,in_range,0.3,101314.12,439027.87,1.52,1.52,2024-10-04,2024-09-28,4,Strong,Radford All Country,Yes,exact_us_zone,US row matched using country + zone + Radford job code.,United States - Z3,Z3 US,United States - TS 100M - 1B Rev Z2 US,U.S. Dollars - USD,EN.SODE.M6,Software - Software Development Engineering - Senior Director (M6),,,,,301036.0,319955.0,340000.0,387711.0
SYN00533,Leah Garcia,United States of America,California,Z3,Job Code: JC100583,Senior Director Software Engineering,EN.SODE.M6,D2,251835.0,314794.0,377753.0,1.1047,347746.69,in_range,0.3,104324.01,452070.69,4.4,4.4,2021-11-06,2021-11-05,3,Solid,Radford All Country,Yes,exact_us_zone,US row matched using country + zone + Radford job code.,United States - Z3,Z3 US,United States - TS 100M - 1B Rev Z2 US,U.S. Dollars - USD,EN.SODE.M6,Software - Software Development Engineering - Senior Director (M6),,,,,301036.0,319955.0,340000.0,387711.0
SYN00534,Sophia Garcia,United States of America,California,Z3,Job Code: JC100586,Senior Director Tech Alliance Partnership,SA.APAP.M6,D2,217722.0,272152.0,326582.0,0.96,261265.92,in_range,0.3,78379.78,339645.7,4.24,4.24,2022-01-14,2022-01-11,3,Solid,Radford All Country,Yes,exact_us_zone,US row matched using country + zone + Radford job code.,United States - Z3,Z3 US,United States - TS 100M - 1B Rev Z2 US,U.S. Dollars - USD,SA.APAP.M6,Alliance Partnership - Alliance Partnership - Senior Director (M6),,,,,245000.0,269267.0,275350.0,331070.0
SYN00535,Maya Garcia,United States of America,Texas,Z3,Job Code: JC100592,Senior Director Workplace Operations,CB.SSMF.M6,D2,190244.0,237805.5,285367.0,1.02,242561.61,in_range,0.3,72768.48,315330.09,3.3,3.3,2022-12-19,2022-12-24,3,Solid,Radford All Country,No,unmatched,No match found on expected US country/zone + Radford job code.,,,,,,,,,,,,,,
SYN00536,Zoe Garcia,United States of America,California,Z3,Job Code: JC100593,Senior Manager Accounting,FI.ACGA.M4,M2,172060.0,215075.0,258090.0,0.9,193567.5,in_range,0.2,38713.5,232281.0,6.22,5.53,2020-01-10,2020-10-01,4,Strong,Radford All Country,Yes,exact_us_zone,US row matched using country + zone + Radford job code.,United States - Z3,Z3 US,United States - TS 100M - 1B Rev Z2 US,U.S. Dollars - USD,FI.ACGA.M4,Accounting - General Accounting - Sr Manager (M4),,,,,184652.0,195420.0,198512.0,208618.0
SYN00537,Olivia Garcia,United States of America,Texas,Z3,Job Code: JC100596,Senior Manager Business Development,SA.ISMF.M4,M2,149096.0,166066.0,223644.0,0.8978,149096.0,in_range,0.2,29819.2,178915.2,1.74,1.69,2024-07-10,2024-08-04,4,Strong,Radford All Country,Yes,exact_us_zone,US row matched using country + zone + Radford job code.,United States - Z3,Z3 US,United States - TS 100M - 1B Rev Z2 US,U.S. Dollars - USD,SA.ISMF.M4,Inside Sales / Telemarketing - Multi-Focus - Sr Manager (M4),,,,,136500.0,149893.0,155250.0,168273.0
SYN00538,Emma Garcia,United States of America,Indiana,Z3,Job Code: JC100596,Senior Manager Business Development,SA.ISMF.M4,M2,149096.0,166066.0,223644.0,0.9101,151140.16,in_range,0.2,30228.03,181368.19,2.21,1.17,2024-01-20,2025-02-09,3,Solid,Radford All Country,Yes,exact_us_zone,US row matched using country + zone + Radford job code.,United States - Z3,Z3 US,United States - TS 100M - 1B Rev Z2 US,U.S. Dollars - USD,SA.ISMF.M4,Inside Sales / Telemarketing - Multi-Focus - Sr Manager (M4),,,,,136500.0,149893.0,155250.0,168273.0
SYN00539,Isabella Garcia,United States of America,Texas,Z3,Job Code: JC100597,Senior Manager Commercial Sales,SA.FSDS.M4,M2,121675.0,137610.0,182512.0,1.0164,139873.15,in_range,0.2,27974.63,167847.78,2.65,2.04,2023-08-12,2024-03-26,3,Solid,Radford All Country,Yes,exact_us_zone,US row matched using country + zone + Radford job code.,United States - Z3,Z3 US,United States - TS 100M - 1B Rev Z2 US,U.S. Dollars - USD,SA.FSDS.M4,Field Sales - Sales Account Management - Direct Sales - Sr Manager (M4),,,,,175000.0,195705.0,200113.0,215590.0
SYN00540,Mia Garcia,United States of America,New Jersey,Z3,Job Code: JC100597,Senior Manager Commercial Sales,SA.FSDS.M4,M2,121675.0,137610.0,182512.0,1.0367,142656.03,in_range,0.2,28531.21,171187.23,4.77,2.48,2021-06-27,2023-10-08,5,High,Radford All Country,Yes,exact_us_zone,US row matched using country + zone + Radford job code.,United States - Z3,Z3 US,United States - TS 100M - 1B Rev Z2 US,U.S. Dollars - USD,SA.FSDS.M4,Field Sales - Sales Account Management - Direct Sales - Sr Manager (M4),,,,,175000.0,195705.0,200113.0,215590.0
SYN00541,Amelia Garcia,United States of America,California,Z3,Job Code: JC100597,Senior Manager Commercial Sales,SA.FSDS.M4,M2,121675.0,137610.0,182512.0,1.0208,140475.76,in_range,0.2,28095.15,168570.91,4.24,1.89,2022-01-10,2024-05-11,3,Solid,Radford All Country,Yes,exact_us_zone,US row matched using country + zone + Radford job code.,United States - Z3,Z3 US,United States - TS 100M - 1B Rev Z2 US,U.S. Dollars - USD,SA.FSDS.M4,Field Sales - Sales Account Management - Direct Sales - Sr Manager (M4),,,,,175000.0,195705.0,200113.0,215590.0
SYN00542,Charlotte Garcia,United States of America,Colorado,Z3,Job Code: JC100597,Senior Manager Commercial Sales,SA.FSDS.M4,M2,121675.0,137610.0,182512.0,1.0186,140165.15,in_range,0.2,28033.03,168198.18,3.29,1.21,2022-12-26,2025-01-16,5,High,Radford All Country,Yes,exact_us_zone,US row matched using country + zone + Radford job code.,United States - Z3,Z3 US,United States - TS 100M - 1B Rev Z2 US,U.S. Dollars - USD,SA.FSDS.M4,Field Sales - Sales Account Management - Direct Sales - Sr Manager (M4),,,,,175000.0,195705.0,200113.0,215590.0
SYN00543,Lila Garcia,United States of America,Colorado,Z3,Job Code: JC100605,Senior Manager Customer Support Engineering,CS.FSTS.M4,M2,160713.0,187194.5,241069.0,0.9987,186956.4,in_range,0.2,37391.28,224347.68,3.9,1.53,2022-05-07,2024-09-25,4,Strong,Radford All Country,Yes,exact_us_zone,US row matched using country + zone + Radford job code.,United States - Z3,Z3 US,United States - TS 100M - 1B Rev Z2 US,U.S. Dollars - USD,CS.FSTS.M4,Field Support - Technical Support Engineering - Sr Manager (M4),,,,,169728.0,187380.0,198624.0,207912.0
SYN00544,Nora Garcia,United States of America,Wisconsin,Z3,Job Code: JC100605,Senior Manager Customer Support Engineering,CS.FSTS.M4,M2,160713.0,187194.5,241069.0,0.9649,180629.1,in_range,0.2,36125.82,216754.92,6.53,3.89,2019-09-22,2022-05-19,3,Solid,Radford All Country,Yes,exact_us_zone,US row matched using country + zone + Radford job code.,United States - Z3,Z3 US,United States - TS 100M - 1B Rev Z2 US,U.S. Dollars - USD,CS.FSTS.M4,Field Support - Technical Support Engineering - Sr Manager (M4),,,,,169728.0,187380.0,198624.0,207912.0
SYN00545,Layla Garcia,United States of America,California,Z3,Job Code: JC100609,Senior Manager Engineering Programs,TE.PMPI.M4,M2,187550.0,234437.5,281325.0,1.03,241470.62,in_range,0.2,48294.12,289764.75,5.25,3.35,2021-01-12,2022-11-30,3,Solid,Radford All Country,Yes,exact_us_zone,US row matched using country + zone + Radford job code.,United States - Z3,Z3 US,United States - TS 100M - 1B Rev Z2 US,U.S. Dollars - USD,TE.PMPI.M4,Project Management - Project / Program Management - Information Systems - Sr Manager (M4),,,,,,,,
SYN00546,Hazel Garcia,United States of America,California,Z3,Job Code: JC100614,Senior Manager Financial Planning/Analysis,FI.ACFP.M4,M2,181940.0,211920.0,272911.0,1.0017,212288.84,in_range,0.2,42457.77,254746.61,5.94,2.2,2020-04-27,2024-01-21,4,Strong,Radford All Country,Yes,exact_us_zone,US row matched using country + zone + Radford job code.,United States - Z3,Z3 US,United States - TS 100M - 1B Rev Z2 US,U.S. Dollars - USD,FI.ACFP.M4,Accounting - Financial Planning & Analysis - Sr Manager (M4),,,,,194750.0,203500.0,211100.0,231875.0
SYN00547,Aria Garcia,United States of America,Colorado,Z3,Job Code: JC100614,Senior Manager Financial Planning/Analysis,FI.ACFP.M4,M2,181940.0,211920.0,272911.0,1.0915,231317.11,in_range,0.2,46263.42,277580.53,2.39,1.67,2023-11-22,2024-08-12,4,Strong,Radford All Country,Yes,exact_us_zone,US row matched using country + zone + Radford job code.,United States - Z3,Z3 US,United States - TS 100M - 1B Rev Z2 US,U.S. Dollars - USD,FI.ACFP.M4,Accounting - Financial Planning & Analysis - Sr Manager (M4),,,,,194750.0,203500.0,211100.0,231875.0
SYN00548,Ivy Garcia,United States of America,Arizona,Z3,Job Code: JC100624,Senior Manager Legal Counsel,LG.ATMF.M4,M2,245092.0,273731.5,367639.0,1.0,273731.5,in_range,0.2,54746.3,328477.8,4.25,1.37,2022-01-01,2024-11-17,1,Low,Radford All Country,Yes,exact_us_zone,US row matched using country + zone + Radford job code.,United States - Z3,Z3 US,United States - TS 100M - 1B Rev Z2 US,U.S. Dollars - USD,LG.ATMF.M4,Attorney - Multi-Focus - Sr Manager (M4),,,,,258603.0,277080.0,286025.0,296128.0
SYN00549,Naomi Garcia,United States of America,California,Z3,Job Code: JC100635,Senior Manager Professional Services,TC.TSMF.M4,M2,213928.0,246782.0,320893.0,1.1296,278773.05,in_range,0.2,55754.61,334527.66,4.46,1.94,2021-10-24,2024-05-02,3,Solid,Radford All Country,Yes,exact_us_zone,US row matched using country + zone + Radford job code.,United States - Z3,Z3 US,United States - TS 100M - 1B Rev Z2 US,U.S. Dollars - USD,TC.TSMF.M4,IT Solutions Consulting - Multi-Focus - Sr Manager (M4),,,,,189170.0,208413.0,220848.0,230000.0
SYN00550,Elena Garcia,United States of America,Arizona,Z3,Job Code: JC100635,Senior Manager Professional Services,TC.TSMF.M4,M2,213928.0,246782.0,320893.0,1.1923,294246.04,in_range,0.2,58849.21,353095.24,2.07,1.63,2024-03-05,2024-08-23,5,High,Radford All Country,Yes,exact_us_zone,US row matched using country + zone + Radford job code.,United States - Z3,Z3 US,United States - TS 100M - 1B Rev Z2 US,U.S. Dollars - USD,TC.TSMF.M4,IT Solutions Consulting - Multi-Focus - Sr Manager (M4),,,,,189170.0,208413.0,220848.0,230000.0
SYN00551,Lucy Garcia,United States of America,California,Z3,Job Code: JC100642,Senior Manager SE Commercial,,M2,181760.0,211708.5,272640.0,1.03,218059.76,in_range,0.2,43611.95,261671.71,3.07,1.61,2023-03-14,2024-08-26,3,Solid,Radford All Country,No,unmatched,No FJC Radford code available for market join.,,,,,,,,,,,,,,
SYN00552,Stella Garcia,United States of America,California,Z3,Job Code: JC100648,Senior Manager Sales Engineering Enterprise,SA.ASRS.M4,M2,193877.0,218111.5,290815.0,1.0624,231714.94,in_range,0.2,46342.99,278057.93,3.19,2.12,2023-01-22,2024-02-24,4,Strong,Radford All Country,Yes,exact_us_zone,US row matched using country + zone + Radford job code.,United States - Z3,Z3 US,United States - TS 100M - 1B Rev Z2 US,U.S. Dollars - USD,SA.ASRS.M4,Applications / Systems Engineering - Pre-Sales - Sales Plan - Sr Manager (M4),,,,,208250.0,217000.0,219350.0,232213.0
SYN00553,Grace Garcia,United States of America,California,Z3,Job Code: JC100648,Senior Manager Sales Engineering Enterprise,SA.ASRS.M4,M2,193877.0,218111.5,290815.0,1.0955,238945.41,in_range,0.2,47789.08,286734.49,4.87,3.0,2021-05-24,2023-04-08,4,Strong,Radford All Country,Yes,exact_us_zone,US row matched using country + zone + Radford job code.,United States - Z3,Z3 US,United States - TS 100M - 1B Rev Z2 US,U.S. Dollars - USD,SA.ASRS.M4,Applications / Systems Engineering - Pre-Sales - Sales Plan - Sr Manager (M4),,,,,208250.0,217000.0,219350.0,232213.0
SYN00554,Hannah Garcia,United States of America,Colorado,Z3,Job Code: JC100648,Senior Manager Sales Engineering Enterprise,SA.ASRS.M4,M2,193877.0,218111.5,290815.0,1.1083,241730.68,in_range,0.2,48346.14,290076.81,6.22,5.13,2020-01-23,2021-02-13,5,High,Radford All Country,Yes,exact_us_zone,US row matched using country + zone + Radford job code.,United States - Z3,Z3 US,United States - TS 100M - 1B Rev Z2 US,U.S. Dollars - USD,SA.ASRS.M4,Applications / Systems Engineering - Pre-Sales - Sales Plan - Sr Manager (M4),,,,,208250.0,217000.0,219350.0,232213.0
SYN00555,Violet Garcia,United States of America,California,Z3,Job Code: JC100650,Senior Manager Sales Operations,SA.OPSO.M4,M2,192565.0,218824.0,288848.0,0.9973,218238.11,in_range,0.2,43647.62,261885.73,5.21,2.84,2021-01-13,2023-06-08,5,High,Radford All Country,Yes,exact_us_zone,US row matched using country + zone + Radford job code.,United States - Z3,Z3 US,United States - TS 100M - 1B Rev Z2 US,U.S. Dollars - USD,SA.OPSO.M4,Operations / Sales Support - Sales Operations - Sr Manager (M4),,,,,197472.0,210518.0,219200.0,254140.0
SYN00556,Luna Garcia,United States of America,California,Z3,Job Code: JC100650,Senior Manager Sales Operations,SA.OPSO.M4,M2,192565.0,218824.0,288848.0,0.9689,212011.71,in_range,0.2,42402.34,254414.05,2.29,1.53,2023-12-17,2024-10-02,3,Solid,Radford All Country,Yes,exact_us_zone,US row matched using country + zone + Radford job code.,United States - Z3,Z3 US,United States - TS 100M - 1B Rev Z2 US,U.S. Dollars - USD,SA.OPSO.M4,Operations / Sales Support - Sales Operations - Sr Manager (M4),,,,,197472.0,210518.0,219200.0,254140.0
SYN00557,Evelyn Garcia,United States of America,Texas,Z3,Job Code: JC100650,Senior Manager Sales Operations,SA.OPSO.M4,M2,192565.0,218824.0,288848.0,0.88,192565.0,in_range,0.2,38513.0,231078.0,6.51,1.68,2019-09-29,2024-08-03,3,Solid,Radford All Country,Yes,exact_us_zone,US row matched using country + zone + Radford job code.,United States - Z3,Z3 US,United States - TS 100M - 1B Rev Z2 US,U.S. Dollars - USD,SA.OPSO.M4,Operations / Sales Support - Sales Operations - Sr Manager (M4),,,,,197472.0,210518.0,219200.0,254140.0
SYN00558,Benjamin Garcia,United States of America,California,Z3,Job Code: JC100650,Senior Manager Sales Operations,SA.OPSO.M4,M2,192565.0,218824.0,288848.0,0.88,192565.0,in_range,0.2,38513.0,231078.0,5.57,2.04,2020-09-07,2024-03-27,3,Solid,Radford All Country,Yes,exact_us_zone,US row matched using country + zone + Radford job code.,United States - Z3,Z3 US,United States - TS 100M - 1B Rev Z2 US,U.S. Dollars - USD,SA.OPSO.M4,Operations / Sales Support - Sales Operations - Sr Manager (M4),,,,,197472.0,210518.0,219200.0,254140.0
SYN00559,Liam Garcia,United States of America,Florida,Z3,Job Code: JC100651,Senior Manager Sales Training,SA.OPSE.M4,M2,183239.0,229048.5,274858.0,0.93,213015.11,in_range,0.2,42603.02,255618.13,6.27,2.05,2019-12-27,2024-03-22,3,Solid,Radford All Country,Yes,exact_us_zone,US row matched using country + zone + Radford job code.,United States - Z3,Z3 US,United States - TS 100M - 1B Rev Z2 US,U.S. Dollars - USD,SA.OPSE.M4,Operations / Sales Support - Sales Enablement - Sr Manager (M4),,,,,172550.0,203923.0,208250.0,
SYN00560,Noah Garcia,United States of America,California,Z3,Job Code: JC100654,Senior Manager Software Engineering,EN.SODE.M4,M2,240901.0,301126.5,361352.0,1.0118,304683.2,in_range,0.2,60936.64,365619.85,4.96,4.06,2021-04-14,2022-03-22,3,Solid,Radford All Country,Yes,exact_us_zone,US row matched using country + zone + Radford job code.,United States - Z3,Z3 US,United States - TS 100M - 1B Rev Z2 US,U.S. Dollars - USD,EN.SODE.M4,Software - Software Development Engineering - Sr Manager (M4),,,,,261000.0,275000.0,285600.0,309960.0
SYN00561,Ethan Garcia,United States of America,Colorado,Z3,Job Code: JC100654,Senior Manager Software Engineering,EN.SODE.M4,M2,240901.0,301126.5,361352.0,1.0273,309340.77,in_range,0.2,61868.15,371208.92,2.67,1.22,2023-08-09,2025-01-17,3,Solid,Radford All Country,Yes,exact_us_zone,US row matched using country + zone + Radford job code.,United States - Z3,Z3 US,United States - TS 100M - 1B Rev Z2 US,U.S. Dollars - USD,EN.SODE.M4,Software - Software Development Engineering - Sr Manager (M4),,,,,261000.0,275000.0,285600.0,309960.0
SYN00562,Mason Garcia,United States of America,California,Z3,Job Code: JC100654,Senior Manager Software Engineering,EN.SODE.M4,M2,240901.0,301126.5,361352.0,0.8603,259045.25,in_range,0.2,51809.05,310854.3,4.23,1.77,2022-01-10,2024-06-28,3,Solid,Radford All Country,Yes,exact_us_zone,US row matched using country + zone + Radford job code.,United States - Z3,Z3 US,United States - TS 100M - 1B Rev Z2 US,U.S. Dollars - USD,EN.SODE.M4,Software - Software Development Engineering - Sr Manager (M4),,,,,261000.0,275000.0,285600.0,309960.0
SYN00563,Lucas Garcia,United States of America,California,Z3,Job Code: JC100654,Senior Manager Software Engineering,EN.SODE.M4,M2,240901.0,301126.5,361352.0,1.0552,317762.11,in_range,0.2,63552.42,381314.53,1.94,1.33,2024-04-24,2024-12-06,,,Radford All Country,Yes,exact_us_zone,US row matched using country + zone + Radford job code.,United States - Z3,Z3 US,United States - TS 100M - 1B Rev Z2 US,U.S. Dollars - USD,EN.SODE.M4,Software - Software Development Engineering - Sr Manager (M4),,,,,261000.0,275000.0,285600.0,309960.0
SYN00564,Elijah Garcia,United States of America,Ohio,Z3,Job Code: JC100654,Senior Manager Software Engineering,EN.SODE.M4,M2,240901.0,301126.5,361352.0,0.8467,254954.42,in_range,0.2,50990.88,305945.3,3.2,2.49,2023-01-26,2023-10-08,3,Solid,Radford All Country,Yes,exact_us_zone,US row matched using country + zone + Radford job code.,United States - Z3,Z3 US,United States - TS 100M - 1B Rev Z2 US,U.S. Dollars - USD,EN.SODE.M4,Software - Software Development Engineering - Sr Manager (M4),,,,,261000.0,275000.0,285600.0,309960.0
SYN00565,James Garcia,United States of America,California,Z3,Job Code: JC100654,Senior Manager Software Engineering,EN.SODE.M4,M2,240901.0,301126.5,361352.0,1.0273,309332.82,in_range,0.2,61866.56,371199.39,5.27,3.66,2021-01-04,2022-08-07,4,Strong,Radford All Country,Yes,exact_us_zone,US row matched using country + zone + Radford job code.,United States - Z3,Z3 US,United States - TS 100M - 1B Rev Z2 US,U.S. Dollars - USD,EN.SODE.M4,Software - Software Development Engineering - Sr Manager (M4),,,,,261000.0,275000.0,285600.0,309960.0
SYN00566,Henry Garcia,United States of America,Colorado,Z3,Job Code: JC100656,Senior Manager Strategy and Corporate Development,FI.ACFP.M4,M2,182784.0,212901.5,274176.0,1.12,238449.68,in_range,0.2,47689.94,286139.62,3.93,2.24,2022-05-03,2024-01-17,4,Strong,Radford All Country,Yes,exact_us_zone,US row matched using country + zone + Radford job code.,United States - Z3,Z3 US,United States - TS 100M - 1B Rev Z2 US,U.S. Dollars - USD,FI.ACFP.M4,Accounting - Financial Planning & Analysis - Sr Manager (M4),,,,,194750.0,203500.0,211100.0,231875.0
SYN00567,Alexander Garcia,United States of America,Colorado,Z3,Job Code: JC100662,Senior Manager Web Design,MK.DISM.M4,M2,179520.0,224400.0,269280.0,0.94,210936.0,in_range,0.2,42187.2,253123.2,2.89,2.12,2023-05-16,2024-02-24,3,Solid,Radford All Country,Yes,exact_us_zone,US row matched using country + zone + Radford job code.,United States - Z3,Z3 US,United States - TS 100M - 1B Rev Z2 US,U.S. Dollars - USD,MK.DISM.M4,Digital Marketing - Social Media - Sr Manager (M4),,,,,,,,
SYN00568,Daniel Garcia,United States of America,California,Z3,Job Code: JC100667,Site Reliability Engineer III,EN.SODE.P3,IC3,174915.0,183518.5,244898.0,1.111,203891.9,in_range,0.1,20389.19,224281.09,3.42,1.53,2022-11-05,2024-09-21,4,Strong,Radford All Country,Yes,exact_us_zone,US row matched using country + zone + Radford job code.,United States - Z3,Z3 US,United States - TS 100M - 1B Rev Z2 US,U.S. Dollars - USD,EN.SODE.P3,Software - Software Development Engineering - Career (P3),,,,,185500.0,195700.0,203700.0,220000.0
SYN00569,Samuel Garcia,United States of America,California,Z3,Job Code: JC100667,Site Reliability Engineer III,EN.SODE.P3,IC3,174915.0,183518.5,244898.0,0.9673,177525.14,in_range,0.1,17752.51,195277.66,3.92,3.3,2022-05-06,2022-12-20,3,Solid,Radford All Country,Yes,exact_us_zone,US row matched using country + zone + Radford job code.,United States - Z3,Z3 US,United States - TS 100M - 1B Rev Z2 US,U.S. Dollars - USD,EN.SODE.P3,Software - Software Development Engineering - Career (P3),,,,,185500.0,195700.0,203700.0,220000.0
SYN00570,Owen Garcia,United States of America,California,Z3,Job Code: JC100667,Site Reliability Engineer III,EN.SODE.P3,IC3,174915.0,183518.5,244898.0,1.1736,215373.88,in_range,0.1,21537.39,236911.27,4.43,2.39,2021-10-29,2023-11-15,4,Strong,Radford All Country,Yes,exact_us_zone,US row matched using country + zone + Radford job code.,United States - Z3,Z3 US,United States - TS 100M - 1B Rev Z2 US,U.S. Dollars - USD,EN.SODE.P3,Software - Software Development Engineering - Career (P3),,,,,185500.0,195700.0,203700.0,220000.0
SYN00571,Jack Garcia,United States of America,Colorado,Z3,Job Code: JC100667,Site Reliability Engineer III,EN.SODE.P3,IC3,174915.0,183518.5,244898.0,1.167,214160.18,in_range,0.1,21416.02,235576.2,3.57,3.11,2022-09-15,2023-03-04,5,High,Radford All Country,Yes,exact_us_zone,US row matched using country + zone + Radford job code.,United States - Z3,Z3 US,United States - TS 100M - 1B Rev Z2 US,U.S. Dollars - USD,EN.SODE.P3,Software - Software Development Engineering - Career (P3),,,,,185500.0,195700.0,203700.0,220000.0
SYN00572,Julian Garcia,United States of America,Colorado,Z3,Job Code: JC100669,Site Reliability Engineer V,EN.SODE.P5,IC5,232338.0,290422.0,348506.0,0.96,278805.12,in_range,0.15,41820.77,320625.89,4.5,2.86,2021-10-01,2023-05-23,5,High,Radford All Country,Yes,exact_us_zone,US row matched using country + zone + Radford job code.,United States - Z3,Z3 US,United States - TS 100M - 1B Rev Z2 US,U.S. Dollars - USD,EN.SODE.P5,Software - Software Development Engineering - Expert (P5),,,,,246000.0,260000.0,270700.0,296706.0
SYN00573,Leo Garcia,United States of America,Colorado,Z3,Job Code: JC100670,Site Reliability Engineer VI,EN.SODE.P6,IC6,225813.0,282266.0,338719.0,1.05,296379.3,in_range,0.2,59275.86,355655.16,3.04,2.5,2023-03-17,2023-10-13,3,Solid,Radford All Country,Yes,exact_us_zone,US row matched using country + zone + Radford job code.,United States - Z3,Z3 US,United States - TS 100M - 1B Rev Z2 US,U.S. Dollars - USD,EN.SODE.P6,Software - Software Development Engineering - Principal (P6),,,,,277801.0,300525.0,317321.0,350160.0
SYN00574,Isaac Garcia,United States of America,California,Z3,Job Code: JC100674,Social Media Specialist IV,MK.DISM.P4,IC4,126896.0,158620.0,190344.0,0.91,144344.2,in_range,0.1,14434.42,158778.62,2.15,1.26,2024-02-14,2024-12-31,3,Solid,Radford All Country,Yes,exact_us_zone,US row matched using country + zone + Radford job code.,United States - Z3,Z3 US,United States - TS 100M - 1B Rev Z2 US,U.S. Dollars - USD,MK.DISM.P4,Digital Marketing - Social Media - Advanced (P4),,,,,137025.0,,,
SYN00575,Sebastian Garcia,United States of America,California,Z3,Job Code: JC100677,Software Engineer II,EN.SODE.P2,IC2,140592.0,168717.5,196843.0,0.9892,166892.17,in_range,0.1,16689.22,183581.39,0.46,0.46,2025-10-27,2025-10-17,3,Solid,Radford All Country,Yes,exact_us_zone,US row matched using country + zone + Radford job code.,United States - Z3,Z3 US,United States - TS 100M - 1B Rev Z2 US,U.S. Dollars - USD,EN.SODE.P2,Software - Software Development Engineering - Developing (P2),,,,,150000.0,157600.0,163333.0,180000.0
SYN00576,Caleb Garcia,United States of America,Colorado,Z3,Job Code: JC100677,Software Engineer II,EN.SODE.P2,IC2,140592.0,168717.5,196843.0,0.9219,155542.83,in_range,0.1,15554.28,171097.11,0.62,0.62,2025-08-29,2025-08-21,3,Solid,Radford All Country,Yes,exact_us_zone,US row matched using country + zone + Radford job code.,United States - Z3,Z3 US,United States - TS 100M - 1B Rev Z2 US,U.S. Dollars - USD,EN.SODE.P2,Software - Software Development Engineering - Developing (P2),,,,,150000.0,157600.0,163333.0,180000.0
SYN00577,Avery Thompson,United States of America,California,Z3,Job Code: JC100677,Software Engineer II,EN.SODE.P2,IC2,140592.0,168717.5,196843.0,1.0921,184264.1,in_range,0.1,18426.41,202690.51,0.51,0.51,2025-10-03,2025-09-30,3,Solid,Radford All Country,Yes,exact_us_zone,US row matched using country + zone + Radford job code.,United States - Z3,Z3 US,United States - TS 100M - 1B Rev Z2 US,U.S. Dollars - USD,EN.SODE.P2,Software - Software Development Engineering - Developing (P2),,,,,150000.0,157600.0,163333.0,180000.0
SYN00578,Jordan Thompson,United States of America,California,Z3,Job Code: JC100677,Software Engineer II,EN.SODE.P2,IC2,140592.0,168717.5,196843.0,1.0296,173714.34,in_range,0.1,17371.43,191085.77,0.53,0.53,2025-09-29,2025-09-21,4,Strong,Radford All Country,Yes,exact_us_zone,US row matched using country + zone + Radford job code.,United States - Z3,Z3 US,United States - TS 100M - 1B Rev Z2 US,U.S. Dollars - USD,EN.SODE.P2,Software - Software Development Engineering - Developing (P2),,,,,150000.0,157600.0,163333.0,180000.0
SYN00579,Taylor Thompson,United States of America,California,Z3,Job Code: JC100677,Software Engineer II,EN.SODE.P2,IC2,140592.0,168717.5,196843.0,1.022,172431.56,in_range,0.1,17243.16,189674.72,0.77,0.77,2025-07-04,2025-07-06,4,Strong,Radford All Country,Yes,exact_us_zone,US row matched using country + zone + Radford job code.,United States - Z3,Z3 US,United States - TS 100M - 1B Rev Z2 US,U.S. Dollars - USD,EN.SODE.P2,Software - Software Development Engineering - Developing (P2),,,,,150000.0,157600.0,163333.0,180000.0
SYN00580,Morgan Thompson,United States of America,Massachusetts,Z3,Job Code: JC100677,Software Engineer II,EN.SODE.P2,IC2,140592.0,168717.5,196843.0,0.9276,156496.39,in_range,0.1,15649.64,172146.03,0.68,0.68,2025-07-30,2025-07-30,3,Solid,Radford All Country,Yes,exact_us_zone,US row matched using country + zone + Radford job code.,United States - Z3,Z3 US,United States - TS 100M - 1B Rev Z2 US,U.S. Dollars - USD,EN.SODE.P2,Software - Software Development Engineering - Developing (P2),,,,,150000.0,157600.0,163333.0,180000.0
SYN00581,Cameron Thompson,United States of America,California,Z3,Job Code: JC100677,Software Engineer II,EN.SODE.P2,IC2,140592.0,168717.5,196843.0,1.1244,189701.02,in_range,0.1,18970.1,208671.12,0.43,0.43,2025-11-08,2025-11-03,3,Solid,Radford All Country,Yes,exact_us_zone,US row matched using country + zone + Radford job code.,United States - Z3,Z3 US,United States - TS 100M - 1B Rev Z2 US,U.S. Dollars - USD,EN.SODE.P2,Software - Software Development Engineering - Developing (P2),,,,,150000.0,157600.0,163333.0,180000.0
SYN00582,Riley Thompson,United States of America,California,Z3,Job Code: JC100677,Software Engineer II,EN.SODE.P2,IC2,140592.0,168717.5,196843.0,0.979,165174.58,in_range,0.1,16517.46,181692.03,0.75,0.75,2025-07-05,2025-07-06,3,Solid,Radford All Country,Yes,exact_us_zone,US row matched using country + zone + Radford job code.,United States - Z3,Z3 US,United States - TS 100M - 1B Rev Z2 US,U.S. Dollars - USD,EN.SODE.P2,Software - Software Development Engineering - Developing (P2),,,,,150000.0,157600.0,163333.0,180000.0
SYN00583,Parker Thompson,United States of America,Colorado,Z3,Job Code: JC100677,Software Engineer II,EN.SODE.P2,IC2,140592.0,168717.5,196843.0,0.9762,164697.48,in_range,0.1,16469.75,181167.23,0.72,0.72,2025-07-11,2025-07-14,3,Solid,Radford All Country,Yes,exact_us_zone,US row matched using country + zone + Radford job code.,United States - Z3,Z3 US,United States - TS 100M - 1B Rev Z2 US,U.S. Dollars - USD,EN.SODE.P2,Software - Software Development Engineering - Developing (P2),,,,,150000.0,157600.0,163333.0,180000.0
SYN00584,Quinn Thompson,United States of America,California,Z3,Job Code: JC100677,Software Engineer II,EN.SODE.P2,IC2,140592.0,168717.5,196843.0,1.0227,172552.02,in_range,0.1,17255.2,189807.23,0.7,0.7,2025-07-25,2025-07-29,3,Solid,Radford All Country,Yes,exact_us_zone,US row matched using country + zone + Radford job code.,United States - Z3,Z3 US,United States - TS 100M - 1B Rev Z2 US,U.S. Dollars - USD,EN.SODE.P2,Software - Software Development Engineering - Developing (P2),,,,,150000.0,157600.0,163333.0,180000.0
SYN00585,Hayden Thompson,United States of America,California,Z3,Job Code: JC100677,Software Engineer II,EN.SODE.P2,IC2,140592.0,168717.5,196843.0,1.1081,186947.78,in_range,0.1,18694.78,205642.55,0.63,0.63,2025-08-22,2025-08-22,3,Solid,Radford All Country,Yes,exact_us_zone,US row matched using country + zone + Radford job code.,United States - Z3,Z3 US,United States - TS 100M - 1B Rev Z2 US,U.S. Dollars - USD,EN.SODE.P2,Software - Software Development Engineering - Developing (P2),,,,,150000.0,157600.0,163333.0,180000.0
SYN00586,Rowan Thompson,United States of America,California,Z3,Job Code: JC100678,Software Engineer III,EN.SODE.P3,IC3,174915.0,209906.5,244898.0,0.9877,207324.01,in_range,0.1,20732.4,228056.41,3.62,2.96,2022-08-25,2023-04-16,3,Solid,Radford All Country,Yes,exact_us_zone,US row matched using country + zone + Radford job code.,United States - Z3,Z3 US,United States - TS 100M - 1B Rev Z2 US,U.S. Dollars - USD,EN.SODE.P3,Software - Software Development Engineering - Career (P3),,,,,185500.0,195700.0,203700.0,220000.0
SYN00587,Casey Thompson,United States of America,Florida,Z3,Job Code: JC100678,Software Engineer III,EN.SODE.P3,IC3,174915.0,209906.5,244898.0,0.9867,207117.48,in_range,0.1,20711.75,227829.23,3.92,2.39,2022-05-08,2023-11-23,3,Solid,Radford All Country,Yes,exact_us_zone,US row matched using country + zone + Radford job code.,United States - Z3,Z3 US,United States - TS 100M - 1B Rev Z2 US,U.S. Dollars - USD,EN.SODE.P3,Software - Software Development Engineering - Career (P3),,,,,185500.0,195700.0,203700.0,220000.0
SYN00588,Alex Thompson,United States of America,Colorado,Z3,Job Code: JC100678,Software Engineer III,EN.SODE.P3,IC3,174915.0,209906.5,244898.0,0.9964,209146.39,in_range,0.1,20914.64,230061.03,2.73,2.46,2023-07-21,2023-10-15,5,High,Radford All Country,Yes,exact_us_zone,US row matched using country + zone + Radford job code.,United States - Z3,Z3 US,United States - TS 100M - 1B Rev Z2 US,U.S. Dollars - USD,EN.SODE.P3,Software - Software Development Engineering - Career (P3),,,,,185500.0,195700.0,203700.0,220000.0
SYN00589,Jamie Thompson,United States of America,New York,Z3,Job Code: JC100678,Software Engineer III,EN.SODE.P3,IC3,174915.0,209906.5,244898.0,0.9743,204513.95,in_range,0.1,20451.4,224965.35,0.26,0.26,2025-12-31,2026-01-06,,,Radford All Country,Yes,exact_us_zone,US row matched using country + zone + Radford job code.,United States - Z3,Z3 US,United States - TS 100M - 1B Rev Z2 US,U.S. Dollars - USD,EN.SODE.P3,Software - Software Development Engineering - Career (P3),,,,,185500.0,195700.0,203700.0,220000.0
SYN00590,Blake Thompson,United States of America,Colorado,Z3,Job Code: JC100678,Software Engineer III,EN.SODE.P3,IC3,174915.0,209906.5,244898.0,0.8987,188633.07,in_range,0.1,18863.31,207496.38,4.07,1.96,2022-03-12,2024-04-14,3,Solid,Radford All Country,Yes,exact_us_zone,US row matched using country + zone + Radford job code.,United States - Z3,Z3 US,United States - TS 100M - 1B Rev Z2 US,U.S. Dollars - USD,EN.SODE.P3,Software - Software Development Engineering - Career (P3),,,,,185500.0,195700.0,203700.0,220000.0
SYN00591,Drew Thompson,United States of America,Texas,Z3,Job Code: JC100678,Software Engineer III,EN.SODE.P3,IC3,174915.0,209906.5,244898.0,1.0391,218122.62,in_range,0.1,21812.26,239934.88,1.88,1.39,2024-05-25,2024-11-19,3,Solid,Radford All Country,Yes,exact_us_zone,US row matched using country + zone + Radford job code.,United States - Z3,Z3 US,United States - TS 100M - 1B Rev Z2 US,U.S. Dollars - USD,EN.SODE.P3,Software - Software Development Engineering - Career (P3),,,,,185500.0,195700.0,203700.0,220000.0
SYN00592,Reese Thompson,United States of America,California,Z3,Job Code: JC100678,Software Engineer III,EN.SODE.P3,IC3,174915.0,209906.5,244898.0,1.0277,215717.69,in_range,0.1,21571.77,237289.46,3.49,2.25,2022-10-14,2024-01-06,5,High,Radford All Country,Yes,exact_us_zone,US row matched using country + zone + Radford job code.,United States - Z3,Z3 US,United States - TS 100M - 1B Rev Z2 US,U.S. Dollars - USD,EN.SODE.P3,Software - Software Development Engineering - Career (P3),,,,,185500.0,195700.0,203700.0,220000.0
SYN00593,Sydney Thompson,United States of America,Colorado,Z3,Job Code: JC100678,Software Engineer III,EN.SODE.P3,IC3,174915.0,209906.5,244898.0,1.0049,210936.78,in_range,0.1,21093.68,232030.46,4.21,3.72,2022-01-21,2022-07-16,4,Strong,Radford All Country,Yes,exact_us_zone,US row matched using country + zone + Radford job code.,United States - Z3,Z3 US,United States - TS 100M - 1B Rev Z2 US,U.S. Dollars - USD,EN.SODE.P3,Software - Software Development Engineering - Career (P3),,,,,185500.0,195700.0,203700.0,220000.0
SYN00594,Emerson Thompson,United States of America,California,Z3,Job Code: JC100678,Software Engineer III,EN.SODE.P3,IC3,174915.0,209906.5,244898.0,0.842,176741.39,in_range,0.1,17674.14,194415.52,3.83,3.15,2022-06-04,2023-02-18,4,Strong,Radford All Country,Yes,exact_us_zone,US row matched using country + zone + Radford job code.,United States - Z3,Z3 US,United States - TS 100M - 1B Rev Z2 US,U.S. Dollars - USD,EN.SODE.P3,Software - Software Development Engineering - Career (P3),,,,,185500.0,195700.0,203700.0,220000.0
SYN00595,Logan Thompson,United States of America,Colorado,Z3,Job Code: JC100678,Software Engineer III,EN.SODE.P3,IC3,174915.0,209906.5,244898.0,1.0,209916.62,in_range,0.1,20991.66,230908.28,2.73,1.44,2023-07-19,2024-11-04,4,Strong,Radford All Country,Yes,exact_us_zone,US row matched using country + zone + Radford job code.,United States - Z3,Z3 US,United States - TS 100M - 1B Rev Z2 US,U.S. Dollars - USD,EN.SODE.P3,Software - Software Development Engineering - Career (P3),,,,,185500.0,195700.0,203700.0,220000.0
SYN00596,Skyler Thompson,United States of America,California,Z3,Job Code: JC100678,Software Engineer III,EN.SODE.P3,IC3,174915.0,209906.5,244898.0,0.971,203818.58,in_range,0.1,20381.86,224200.44,0.76,0.76,2025-07-10,2025-06-28,3,Solid,Radford All Country,Yes,exact_us_zone,US row matched using country + zone + Radford job code.,United States - Z3,Z3 US,United States - TS 100M - 1B Rev Z2 US,U.S. Dollars - USD,EN.SODE.P3,Software - Software Development Engineering - Career (P3),,,,,185500.0,195700.0,203700.0,220000.0
SYN00597,Finley Thompson,United States of America,Arizona,Z3,Job Code: JC100678,Software Engineer III,EN.SODE.P3,IC3,174915.0,209906.5,244898.0,0.9454,198443.58,in_range,0.1,19844.36,218287.94,3.6,3.06,2022-09-01,2023-03-11,3,Solid,Radford All Country,Yes,exact_us_zone,US row matched using country + zone + Radford job code.,United States - Z3,Z3 US,United States - TS 100M - 1B Rev Z2 US,U.S. Dollars - USD,EN.SODE.P3,Software - Software Development Engineering - Career (P3),,,,,185500.0,195700.0,203700.0,220000.0
SYN00598,Harper Thompson,United States of America,California,Z3,Job Code: JC100678,Software Engineer III,EN.SODE.P3,IC3,174915.0,209906.5,244898.0,0.9033,189613.68,in_range,0.1,18961.37,208575.05,3.13,1.47,2023-02-25,2024-10-10,2,Developing,Radford All Country,Yes,exact_us_zone,US row matched using country + zone + Radford job code.,United States - Z3,Z3 US,United States - TS 100M - 1B Rev Z2 US,U.S. Dollars - USD,EN.SODE.P3,Software - Software Development Engineering - Career (P3),,,,,185500.0,195700.0,203700.0,220000.0
SYN00599,Elliot Thompson,United States of America,California,Z3,Job Code: JC100678,Software Engineer III,EN.SODE.P3,IC3,174915.0,209906.5,244898.0,1.0583,222140.17,in_range,0.1,22214.02,244354.18,3.07,2.03,2023-03-20,2024-03-31,3,Solid,Radford All Country,Yes,exact_us_zone,US row matched using country + zone + Radford job code.,United States - Z3,Z3 US,United States - TS 100M - 1B Rev Z2 US,U.S. Dollars - USD,EN.SODE.P3,Software - Software Development Engineering - Career (P3),,,,,185500.0,195700.0,203700.0,220000.0
SYN00600,Dakota Thompson,United States of America,California,Z3,Job Code: JC100679,Software Engineer IV,EN.SODE.P4,IC4,196033.0,245041.5,294050.0,1.0624,260334.12,in_range,0.1,26033.41,286367.53,3.43,2.39,2022-10-27,2023-11-23,4,Strong,Radford All Country,Yes,exact_us_zone,US row matched using country + zone + Radford job code.,United States - Z3,Z3 US,United States - TS 100M - 1B Rev Z2 US,U.S. Dollars - USD,EN.SODE.P4,Software - Software Development Engineering - Advanced (P4),,,,,214795.0,226800.0,235000.0,251619.0
SYN00601,Kendall Thompson,United States of America,California,Z3,Job Code: JC100679,Software Engineer IV,EN.SODE.P4,IC4,196033.0,245041.5,294050.0,0.9477,232226.16,in_range,0.1,23222.62,255448.78,0.29,0.29,2025-12-29,2025-12-27,,,Radford All Country,Yes,exact_us_zone,US row matched using country + zone + Radford job code.,United States - Z3,Z3 US,United States - TS 100M - 1B Rev Z2 US,U.S. Dollars - USD,EN.SODE.P4,Software - Software Development Engineering - Advanced (P4),,,,,214795.0,226800.0,235000.0,251619.0
SYN00602,Sage Thompson,United States of America,Idaho,Z3,Job Code: JC100679,Software Engineer IV,EN.SODE.P4,IC4,196033.0,245041.5,294050.0,0.9408,230543.29,in_range,0.1,23054.33,253597.61,3.5,1.74,2022-10-10,2024-07-15,3,Solid,Radford All Country,Yes,exact_us_zone,US row matched using country + zone + Radford job code.,United States - Z3,Z3 US,United States - TS 100M - 1B Rev Z2 US,U.S. Dollars - USD,EN.SODE.P4,Software - Software Development Engineering - Advanced (P4),,,,,214795.0,226800.0,235000.0,251619.0
SYN00603,Peyton Thompson,United States of America,Colorado,Z3,Job Code: JC100679,Software Engineer IV,EN.SODE.P4,IC4,196033.0,245041.5,294050.0,0.9299,227867.44,in_range,0.1,22786.74,250654.19,2.48,1.26,2023-10-10,2024-12-27,3,Solid,Radford All Country,Yes,exact_us_zone,US row matched using country + zone + Radford job code.,United States - Z3,Z3 US,United States - TS 100M - 1B Rev Z2 US,U.S. Dollars - USD,EN.SODE.P4,Software - Software Development Engineering - Advanced (P4),,,,,214795.0,226800.0,235000.0,251619.0
SYN00604,Tatum Thompson,United States of America,California,Z3,Job Code: JC100679,Software Engineer IV,EN.SODE.P4,IC4,196033.0,245041.5,294050.0,0.9959,244047.28,in_range,0.1,24404.73,268452.01,3.29,1.97,2022-12-19,2024-04-21,3,Solid,Radford All Country,Yes,exact_us_zone,US row matched using country + zone + Radford job code.,United States - Z3,Z3 US,United States - TS 100M - 1B Rev Z2 US,U.S. Dollars - USD,EN.SODE.P4,Software - Software Development Engineering - Advanced (P4),,,,,214795.0,226800.0,235000.0,251619.0
SYN00605,Micah Thompson,United States of America,Colorado,Z3,Job Code: JC100679,Software Engineer IV,EN.SODE.P4,IC4,196033.0,245041.5,294050.0,0.9675,237084.65,in_range,0.1,23708.46,260793.11,4.07,1.72,2022-03-10,2024-07-18,3,Solid,Radford All Country,Yes,exact_us_zone,US row matched using country + zone + Radford job code.,United States - Z3,Z3 US,United States - TS 100M - 1B Rev Z2 US,U.S. Dollars - USD,EN.SODE.P4,Software - Software Development Engineering - Advanced (P4),,,,,214795.0,226800.0,235000.0,251619.0
SYN00606,Robin Thompson,United States of America,New York,Z3,Job Code: JC100679,Software Engineer IV,EN.SODE.P4,IC4,196033.0,245041.5,294050.0,0.87,213189.34,in_range,0.1,21318.93,234508.27,3.06,1.42,2023-03-18,2024-10-31,3,Solid,Radford All Country,Yes,exact_us_zone,US row matched using country + zone + Radford job code.,United States - Z3,Z3 US,United States - TS 100M - 1B Rev Z2 US,U.S. Dollars - USD,EN.SODE.P4,Software - Software Development Engineering - Advanced (P4),,,,,214795.0,226800.0,235000.0,251619.0
SYN00607,Devon Thompson,United States of America,California,Z3,Job Code: JC100679,Software Engineer IV,EN.SODE.P4,IC4,196033.0,245041.5,294050.0,1.0022,245592.53,in_range,0.1,24559.25,270151.79,5.1,3.36,2021-03-01,2022-11-21,3,Solid,Radford All Country,Yes,exact_us_zone,US row matched using country + zone + Radford job code.,United States - Z3,Z3 US,United States - TS 100M - 1B Rev Z2 US,U.S. Dollars - USD,EN.SODE.P4,Software - Software Development Engineering - Advanced (P4),,,,,214795.0,226800.0,235000.0,251619.0
SYN00608,Sawyer Thompson,United States of America,California,Z3,Job Code: JC100679,Software Engineer IV,EN.SODE.P4,IC4,196033.0,245041.5,294050.0,0.9599,235221.3,in_range,0.1,23522.13,258743.43,1.94,1.41,2024-04-28,2024-11-15,3,Solid,Radford All Country,Yes,exact_us_zone,US row matched using country + zone + Radford job code.,United States - Z3,Z3 US,United States - TS 100M - 1B Rev Z2 US,U.S. Dollars - USD,EN.SODE.P4,Software - Software Development Engineering - Advanced (P4),,,,,214795.0,226800.0,235000.0,251619.0
SYN00609,Charlie Thompson,United States of America,California,Z3,Job Code: JC100679,Software Engineer IV,EN.SODE.P4,IC4,196033.0,245041.5,294050.0,0.9676,237108.19,in_range,0.1,23710.82,260819.01,2.03,1.33,2024-03-30,2024-12-14,3,Solid,Radford All Country,Yes,exact_us_zone,US row matched using country + zone + Radford job code.,United States - Z3,Z3 US,United States - TS 100M - 1B Rev Z2 US,U.S. Dollars - USD,EN.SODE.P4,Software - Software Development Engineering - Advanced (P4),,,,,214795.0,226800.0,235000.0,251619.0
SYN00610,Remy Thompson,United States of America,California,Z3,Job Code: JC100679,Software Engineer IV,EN.SODE.P4,IC4,196033.0,245041.5,294050.0,1.0826,265293.72,in_range,0.1,26529.37,291823.09,3.73,1.9,2022-07-08,2024-05-07,5,High,Radford All Country,Yes,exact_us_zone,US row matched using country + zone + Radford job code.,United States - Z3,Z3 US,United States - TS 100M - 1B Rev Z2 US,U.S. Dollars - USD,EN.SODE.P4,Software - Software Development Engineering - Advanced (P4),,,,,214795.0,226800.0,235000.0,251619.0
SYN00611,Shawn Thompson,United States of America,California,Z3,Job Code: JC100679,Software Engineer IV,EN.SODE.P4,IC4,196033.0,245041.5,294050.0,0.9112,223293.17,in_range,0.1,22329.32,245622.49,3.84,2.19,2022-06-05,2024-01-23,3,Solid,Radford All Country,Yes,exact_us_zone,US row matched using country + zone + Radford job code.,United States - Z3,Z3 US,United States - TS 100M - 1B Rev Z2 US,U.S. Dollars - USD,EN.SODE.P4,Software - Software Development Engineering - Advanced (P4),,,,,214795.0,226800.0,235000.0,251619.0
SYN00612,Noel Thompson,United States of America,California,Z3,Job Code: JC100679,Software Engineer IV,EN.SODE.P4,IC4,196033.0,245041.5,294050.0,1.0618,260173.01,in_range,0.1,26017.3,286190.31,4.15,1.49,2022-02-05,2024-10-09,3,Solid,Radford All Country,Yes,exact_us_zone,US row matched using country + zone + Radford job code.,United States - Z3,Z3 US,United States - TS 100M - 1B Rev Z2 US,U.S. Dollars - USD,EN.SODE.P4,Software - Software Development Engineering - Advanced (P4),,,,,214795.0,226800.0,235000.0,251619.0
SYN00613,Aubrey Thompson,United States of America,Michigan,Z3,Job Code: JC100679,Software Engineer IV,EN.SODE.P4,IC4,196033.0,245041.5,294050.0,1.0369,254091.37,in_range,0.1,25409.14,279500.51,3.79,2.43,2022-06-16,2023-11-05,3,Solid,Radford All Country,Yes,exact_us_zone,US row matched using country + zone + Radford job code.,United States - Z3,Z3 US,United States - TS 100M - 1B Rev Z2 US,U.S. Dollars - USD,EN.SODE.P4,Software - Software Development Engineering - Advanced (P4),,,,,214795.0,226800.0,235000.0,251619.0
SYN00614,Bailey Thompson,United States of America,California,Z3,Job Code: JC100679,Software Engineer IV,EN.SODE.P4,IC4,196033.0,245041.5,294050.0,0.9987,244724.32,in_range,0.1,24472.43,269196.75,2.52,1.21,2023-10-02,2025-01-18,3,Solid,Radford All Country,Yes,exact_us_zone,US row matched using country + zone + Radford job code.,United States - Z3,Z3 US,United States - TS 100M - 1B Rev Z2 US,U.S. Dollars - USD,EN.SODE.P4,Software - Software Development Engineering - Advanced (P4),,,,,214795.0,226800.0,235000.0,251619.0
SYN00615,Jules Thompson,United States of America,Washington,Z3,Job Code: JC100679,Software Engineer IV,EN.SODE.P4,IC4,196033.0,245041.5,294050.0,1.1141,272996.8,in_range,0.1,27299.68,300296.48,3.3,1.86,2022-12-25,2024-05-31,4,Strong,Radford All Country,Yes,exact_us_zone,US row matched using country + zone + Radford job code.,United States - Z3,Z3 US,United States - TS 100M - 1B Rev Z2 US,U.S. Dollars - USD,EN.SODE.P4,Software - Software Development Engineering - Advanced (P4),,,,,214795.0,226800.0,235000.0,251619.0
SYN00616,Kieran Thompson,United States of America,Colorado,Z3,Job Code: JC100680,Software Engineer V,EN.SODE.P5,IC5,232338.0,290422.0,348506.0,1.0113,293703.08,in_range,0.15,44055.46,337758.54,4.24,2.7,2022-01-09,2023-08-02,1,Low,Radford All Country,Yes,exact_us_zone,US row matched using country + zone + Radford job code.,United States - Z3,Z3 US,United States - TS 100M - 1B Rev Z2 US,U.S. Dollars - USD,EN.SODE.P5,Software - Software Development Engineering - Expert (P5),,,,,246000.0,260000.0,270700.0,296706.0
SYN00617,Marlowe Thompson,United States of America,California,Z3,Job Code: JC100680,Software Engineer V,EN.SODE.P5,IC5,232338.0,290422.0,348506.0,0.8677,252004.47,in_range,0.15,37800.67,289805.14,4.02,1.71,2022-04-02,2024-07-27,3,Solid,Radford All Country,Yes,exact_us_zone,US row matched using country + zone + Radford job code.,United States - Z3,Z3 US,United States - TS 100M - 1B Rev Z2 US,U.S. Dollars - USD,EN.SODE.P5,Software - Software Development Engineering - Expert (P5),,,,,246000.0,260000.0,270700.0,296706.0
SYN00618,Adrian Thompson,United States of America,California,Z3,Job Code: JC100680,Software Engineer V,EN.SODE.P5,IC5,232338.0,290422.0,348506.0,0.8985,260933.19,in_range,0.15,39139.98,300073.17,3.92,2.27,2022-05-10,2023-12-27,4,Strong,Radford All Country,Yes,exact_us_zone,US row matched using country + zone + Radford job code.,United States - Z3,Z3 US,United States - TS 100M - 1B Rev Z2 US,U.S. Dollars - USD,EN.SODE.P5,Software - Software Development Engineering - Expert (P5),,,,,246000.0,260000.0,270700.0,296706.0
SYN00619,Eden Thompson,United States of America,Florida,Z3,Job Code: JC100680,Software Engineer V,EN.SODE.P5,IC5,232338.0,290422.0,348506.0,0.882,256162.2,in_range,0.15,38424.33,294586.52,4.47,2.61,2021-10-17,2023-08-26,5,High,Radford All Country,Yes,exact_us_zone,US row matched using country + zone + Radford job code.,United States - Z3,Z3 US,United States - TS 100M - 1B Rev Z2 US,U.S. Dollars - USD,EN.SODE.P5,Software - Software Development Engineering - Expert (P5),,,,,246000.0,260000.0,270700.0,296706.0
SYN00620,Jesse Thompson,United States of America,Pennsylvania,Z3,Job Code: JC100680,Software Engineer V,EN.SODE.P5,IC5,232338.0,290422.0,348506.0,1.0284,298681.36,in_range,0.15,44802.2,343483.57,3.58,1.5,2022-09-10,2024-10-13,3,Solid,Radford All Country,Yes,exact_us_zone,US row matched using country + zone + Radford job code.,United States - Z3,Z3 US,United States - TS 100M - 1B Rev Z2 US,U.S. Dollars - USD,EN.SODE.P5,Software - Software Development Engineering - Expert (P5),,,,,246000.0,260000.0,270700.0,296706.0
SYN00621,Lane Thompson,United States of America,Colorado,Z3,Job Code: JC100680,Software Engineer V,EN.SODE.P5,IC5,232338.0,290422.0,348506.0,0.9118,264799.28,in_range,0.15,39719.89,304519.17,3.69,2.7,2022-07-29,2023-08-01,2,Developing,Radford All Country,Yes,exact_us_zone,US row matched using country + zone + Radford job code.,United States - Z3,Z3 US,United States - TS 100M - 1B Rev Z2 US,U.S. Dollars - USD,EN.SODE.P5,Software - Software Development Engineering - Expert (P5),,,,,246000.0,260000.0,270700.0,296706.0
SYN00622,Shiloh Thompson,United States of America,California,Z3,Job Code: JC100680,Software Engineer V,EN.SODE.P5,IC5,232338.0,290422.0,348506.0,0.8,232338.0,in_range,0.15,34850.7,267188.7,4.1,2.13,2022-03-02,2024-02-25,2,Developing,Radford All Country,Yes,exact_us_zone,US row matched using country + zone + Radford job code.,United States - Z3,Z3 US,United States - TS 100M - 1B Rev Z2 US,U.S. Dollars - USD,EN.SODE.P5,Software - Software Development Engineering - Expert (P5),,,,,246000.0,260000.0,270700.0,296706.0
SYN00623,Teagan Thompson,United States of America,Colorado,Z3,Job Code: JC100680,Software Engineer V,EN.SODE.P5,IC5,232338.0,290422.0,348506.0,0.9022,262029.21,in_range,0.15,39304.38,301333.59,2.95,1.85,2023-04-23,2024-06-02,2,Developing,Radford All Country,Yes,exact_us_zone,US row matched using country + zone + Radford job code.,United States - Z3,Z3 US,United States - TS 100M - 1B Rev Z2 US,U.S. Dollars - USD,EN.SODE.P5,Software - Software Development Engineering - Expert (P5),,,,,246000.0,260000.0,270700.0,296706.0
SYN00624,Ari Thompson,United States of America,California,Z3,Job Code: JC100680,Software Engineer V,EN.SODE.P5,IC5,232338.0,290422.0,348506.0,0.9224,267876.31,in_range,0.15,40181.45,308057.76,4.0,1.3,2022-04-14,2024-12-24,3,Solid,Radford All Country,Yes,exact_us_zone,US row matched using country + zone + Radford job code.,United States - Z3,Z3 US,United States - TS 100M - 1B Rev Z2 US,U.S. Dollars - USD,EN.SODE.P5,Software - Software Development Engineering - Expert (P5),,,,,246000.0,260000.0,270700.0,296706.0
SYN00625,Milan Thompson,United States of America,California,Z3,Job Code: JC100680,Software Engineer V,EN.SODE.P5,IC5,232338.0,290422.0,348506.0,1.0514,305354.12,in_range,0.15,45803.12,351157.24,4.1,2.77,2022-03-05,2023-07-01,3,Solid,Radford All Country,Yes,exact_us_zone,US row matched using country + zone + Radford job code.,United States - Z3,Z3 US,United States - TS 100M - 1B Rev Z2 US,U.S. Dollars - USD,EN.SODE.P5,Software - Software Development Engineering - Expert (P5),,,,,246000.0,260000.0,270700.0,296706.0
SYN00626,Nico Thompson,United States of America,New York,Z3,Job Code: JC100680,Software Engineer V,EN.SODE.P5,IC5,232338.0,290422.0,348506.0,1.0311,299457.02,in_range,0.15,44918.55,344375.58,5.06,1.63,2021-03-22,2024-08-26,5,High,Radford All Country,Yes,exact_us_zone,US row matched using country + zone + Radford job code.,United States - Z3,Z3 US,United States - TS 100M - 1B Rev Z2 US,U.S. Dollars - USD,EN.SODE.P5,Software - Software Development Engineering - Expert (P5),,,,,246000.0,260000.0,270700.0,296706.0
SYN00627,Aisha Thompson,United States of America,Tennessee,Z3,Job Code: JC100680,Software Engineer V,EN.SODE.P5,IC5,232338.0,290422.0,348506.0,0.8309,241299.65,in_range,0.15,36194.95,277494.6,4.23,3.48,2022-01-08,2022-10-21,3,Solid,Radford All Country,Yes,exact_us_zone,US row matched using country + zone + Radford job code.,United States - Z3,Z3 US,United States - TS 100M - 1B Rev Z2 US,U.S. Dollars - USD,EN.SODE.P5,Software - Software Development Engineering - Expert (P5),,,,,246000.0,260000.0,270700.0,296706.0
SYN00628,Priya Thompson,United States of America,Virginia,Z3,Job Code: JC100680,Software Engineer V,EN.SODE.P5,IC5,232338.0,290422.0,348506.0,0.8878,257842.07,in_range,0.15,38676.31,296518.38,4.34,3.06,2021-12-02,2023-03-19,4,Strong,Radford All Country,Yes,exact_us_zone,US row matched using country + zone + Radford job code.,United States - Z3,Z3 US,United States - TS 100M - 1B Rev Z2 US,U.S. Dollars - USD,EN.SODE.P5,Software - Software Development Engineering - Expert (P5),,,,,246000.0,260000.0,270700.0,296706.0
SYN00629,Leah Thompson,United States of America,Colorado,Z3,Job Code: JC100680,Software Engineer V,EN.SODE.P5,IC5,232338.0,290422.0,348506.0,0.9859,286331.51,in_range,0.15,42949.73,329281.24,4.94,2.09,2021-04-22,2024-03-06,3,Solid,Radford All Country,Yes,exact_us_zone,US row matched using country + zone + Radford job code.,United States - Z3,Z3 US,United States - TS 100M - 1B Rev Z2 US,U.S. Dollars - USD,EN.SODE.P5,Software - Software Development Engineering - Expert (P5),,,,,246000.0,260000.0,270700.0,296706.0
SYN00630,Sophia Thompson,United States of America,California,Z3,Job Code: JC100680,Software Engineer V,EN.SODE.P5,IC5,232338.0,290422.0,348506.0,0.8568,248842.85,in_range,0.15,37326.43,286169.28,3.71,1.9,2022-07-23,2024-05-17,2,Developing,Radford All Country,Yes,exact_us_zone,US row matched using country + zone + Radford job code.,United States - Z3,Z3 US,United States - TS 100M - 1B Rev Z2 US,U.S. Dollars - USD,EN.SODE.P5,Software - Software Development Engineering - Expert (P5),,,,,246000.0,260000.0,270700.0,296706.0
SYN00631,Maya Thompson,United States of America,California,Z3,Job Code: JC100681,Software Engineer VI,EN.SODE.P6,IC6,225813.0,254039.5,338719.0,1.3333,338719.0,in_range,0.2,67743.8,406462.8,3.17,2.11,2023-02-09,2024-02-24,3,Solid,Radford All Country,Yes,exact_us_zone,US row matched using country + zone + Radford job code.,United States - Z3,Z3 US,United States - TS 100M - 1B Rev Z2 US,U.S. Dollars - USD,EN.SODE.P6,Software - Software Development Engineering - Principal (P6),,,,,277801.0,300525.0,317321.0,350160.0
SYN00632,Zoe Thompson,United States of America,California,Z3,Job Code: JC100681,Software Engineer VI,EN.SODE.P6,IC6,225813.0,254039.5,338719.0,1.0343,262750.84,in_range,0.2,52550.17,315301.01,3.87,2.73,2022-05-29,2023-07-13,2,Developing,Radford All Country,Yes,exact_us_zone,US row matched using country + zone + Radford job code.,United States - Z3,Z3 US,United States - TS 100M - 1B Rev Z2 US,U.S. Dollars - USD,EN.SODE.P6,Software - Software Development Engineering - Principal (P6),,,,,277801.0,300525.0,317321.0,350160.0
SYN00633,Olivia Thompson,United States of America,California,Z3,Job Code: JC100681,Software Engineer VI,EN.SODE.P6,IC6,225813.0,254039.5,338719.0,1.1301,287101.77,in_range,0.2,57420.35,344522.12,3.58,2.13,2022-09-02,2024-02-18,3,Solid,Radford All Country,Yes,exact_us_zone,US row matched using country + zone + Radford job code.,United States - Z3,Z3 US,United States - TS 100M - 1B Rev Z2 US,U.S. Dollars - USD,EN.SODE.P6,Software - Software Development Engineering - Principal (P6),,,,,277801.0,300525.0,317321.0,350160.0
SYN00634,Emma Thompson,United States of America,California,Z3,Job Code: JC100694,Strategy and Corporate Development IV,FI.ACFP.P4,IC4,149414.0,186767.5,224121.0,1.04,194238.2,in_range,0.1,19423.82,213662.02,4.11,1.77,2022-03-05,2024-06-26,3,Solid,Radford All Country,Yes,exact_us_zone,US row matched using country + zone + Radford job code.,United States - Z3,Z3 US,United States - TS 100M - 1B Rev Z2 US,U.S. Dollars - USD,FI.ACFP.P4,Accounting - Financial Planning & Analysis - Advanced (P4),,,,,160161.0,170000.0,176340.0,194825.0
SYN00635,Isabella Thompson,United States of America,Nebraska,Z3,Job Code: JC100704,Talent Acquisition Coordinator II,HR.GLGL.S3,IC2,33.0,34.0,46.0,0.99,33.66,in_range,0.1,3.37,37.03,0.65,0.65,2025-08-12,2025-08-06,3,Solid,Radford All Country,Yes,exact_us_zone,US row matched using country + zone + Radford job code.,United States - Z3,Z3 US,United States - TS 100M - 1B Rev Z2 US,U.S. Dollars - USD,HR.GLGL.S3,General - HR Generalist - Senior (S3),,,,,81560.0,83250.0,84920.0,
SYN00636,Mia Thompson,United States of America,Colorado,Z3,Job Code: JC100709,Talent Operations III,HR.GLGL.P3,IC3,110356.0,132432.5,154509.0,0.91,120513.57,in_range,0.1,12051.36,132564.93,3.16,1.7,2023-02-11,2024-07-31,3,Solid,Radford All Country,Yes,exact_us_zone,US row matched using country + zone + Radford job code.,United States - Z3,Z3 US,United States - TS 100M - 1B Rev Z2 US,U.S. Dollars - USD,HR.GLGL.P3,General - HR Generalist - Career (P3),,,,,116189.0,125200.0,130000.0,146870.0
SYN00637,Amelia Thompson,United States of America,California,Z3,Job Code: JC100710,Talent Operations IV,HR.GLGL.P4,IC4,123942.0,154927.0,185912.0,0.87,134786.49,in_range,0.1,13478.65,148265.14,3.23,1.57,2023-01-06,2024-09-12,4,Strong,Radford All Country,Yes,exact_us_zone,US row matched using country + zone + Radford job code.,United States - Z3,Z3 US,United States - TS 100M - 1B Rev Z2 US,U.S. Dollars - USD,HR.GLGL.P4,General - HR Generalist - Advanced (P4),,,,,147770.0,150750.0,155039.0,172400.0
SYN00638,Charlotte Thompson,United States of America,California,Z3,Job Code: JC100713,Tech Alliance / Partnership Specialist III,SA.APAP.P3,IC3,121480.0,130287.0,170083.0,0.9324,121480.0,in_range,0.1,12148.0,133628.0,3.64,2.2,2022-08-12,2024-01-29,3,Solid,Radford All Country,Yes,exact_us_zone,US row matched using country + zone + Radford job code.,United States - Z3,Z3 US,United States - TS 100M - 1B Rev Z2 US,U.S. Dollars - USD,SA.APAP.P3,Alliance Partnership - Alliance Partnership - Career (P3),,,,,113000.0,127669.0,135163.0,154747.0
SYN00639,Lila Thompson,United States of America,Colorado,Z3,Job Code: JC100714,Tech Alliance / Partnership Specialist IV,SA.APAP.P4,IC4,141849.0,177311.5,212774.0,0.98,173765.27,in_range,0.1,17376.53,191141.8,4.4,3.99,2021-11-09,2022-04-08,3,Solid,Radford All Country,Yes,exact_us_zone,US row matched using country + zone + Radford job code.,United States - Z3,Z3 US,United States - TS 100M - 1B Rev Z2 US,U.S. Dollars - USD,SA.APAP.P4,Alliance Partnership - Alliance Partnership - Advanced (P4),,,,,154500.0,165387.0,175000.0,199434.0
SYN00640,Nora Thompson,United States of America,California,Z3,Job Code: JC100715,Tech Alliance / Partnership Specialist V,SA.APAP.P6,IC5,162427.0,203034.0,243641.0,0.8853,179753.71,in_range,0.15,26963.06,206716.77,3.96,1.79,2022-04-17,2024-06-28,3,Solid,Radford All Country,Yes,exact_us_zone,US row matched using country + zone + Radford job code.,United States - Z3,Z3 US,United States - TS 100M - 1B Rev Z2 US,U.S. Dollars - USD,SA.APAP.P6,Alliance Partnership - Alliance Partnership - Principal (P6),,,,,233650.0,270250.0,275410.0,
SYN00641,Layla Thompson,United States of America,California,Z3,Job Code: JC100715,Tech Alliance / Partnership Specialist V,SA.APAP.P6,IC5,162427.0,203034.0,243641.0,0.9095,184657.37,in_range,0.15,27698.61,212355.98,2.42,1.64,2023-11-08,2024-08-18,4,Strong,Radford All Country,Yes,exact_us_zone,US row matched using country + zone + Radford job code.,United States - Z3,Z3 US,United States - TS 100M - 1B Rev Z2 US,U.S. Dollars - USD,SA.APAP.P6,Alliance Partnership - Alliance Partnership - Principal (P6),,,,,233650.0,270250.0,275410.0,
SYN00642,Hazel Thompson,United States of America,California,Z3,Job Code: JC100721,Technical Product Marketing Manager V,MK.PIPE.P5,IC5,208531.0,228080.0,312796.0,0.9143,208531.0,in_range,0.15,31279.65,239810.65,3.77,3.37,2022-06-23,2022-11-19,3,Solid,Radford All Country,Yes,exact_us_zone,US row matched using country + zone + Radford job code.,United States - Z3,Z3 US,United States - TS 100M - 1B Rev Z2 US,U.S. Dollars - USD,MK.PIPE.P5,Product Marketing - Product Marketing Engineering - Expert (P5),,,,,241164.0,,,
SYN00643,Aria Thompson,United States of America,California,Z3,Job Code: JC100727,Technical Writer V,EN.TPTW.P5,IC5,166679.0,208349.0,250019.0,0.8622,179631.51,in_range,0.15,26944.73,206576.24,4.26,2.99,2022-01-05,2023-04-11,4,Strong,Radford All Country,Yes,exact_us_zone,US row matched using country + zone + Radford job code.,United States - Z3,Z3 US,United States - TS 100M - 1B Rev Z2 US,U.S. Dollars - USD,EN.TPTW.P5,Technical / Product Communication - Technical Writing - Expert (P5),,,,,182700.0,187406.0,191552.0,
SYN00644,Ivy Thompson,United States of America,Colorado,Z3,Job Code: JC100727,Technical Writer V,EN.TPTW.P5,IC5,166679.0,208349.0,250019.0,0.8777,182868.24,in_range,0.15,27430.24,210298.48,3.92,2.83,2022-05-03,2023-06-11,3,Solid,Radford All Country,Yes,exact_us_zone,US row matched using country + zone + Radford job code.,United States - Z3,Z3 US,United States - TS 100M - 1B Rev Z2 US,U.S. Dollars - USD,EN.TPTW.P5,Technical / Product Communication - Technical Writing - Expert (P5),,,,,182700.0,187406.0,191552.0,
SYN00645,Naomi Thompson,United States of America,California,Z3,Job Code: JC100736,UI/UX Product Designer II,EN.UUUD.P2,IC2,119999.0,144004.5,168010.0,0.92,132484.14,in_range,0.1,13248.41,145732.55,0.78,0.78,2025-06-21,2025-07-01,3,Solid,Radford All Country,Yes,exact_us_zone,US row matched using country + zone + Radford job code.,United States - Z3,Z3 US,United States - TS 100M - 1B Rev Z2 US,U.S. Dollars - USD,EN.UUUD.P2,User Interface / User Experience (UI / UX) - UI / UX Design - Developing (P2),,,,,133605.0,141160.0,148710.0,167440.0
SYN00646,Elena Thompson,United States of America,California,Z3,Job Code: JC100737,UI/UX Product Designer III,EN.UUUD.P3,IC3,157103.0,164964.5,219959.0,1.3334,219959.0,in_range,0.1,21995.9,241954.9,1.85,1.6,2024-06-07,2024-08-31,4,Strong,Radford All Country,Yes,exact_us_zone,US row matched using country + zone + Radford job code.,United States - Z3,Z3 US,United States - TS 100M - 1B Rev Z2 US,U.S. Dollars - USD,EN.UUUD.P3,User Interface / User Experience (UI / UX) - UI / UX Design - Career (P3),,,,,170000.0,182407.0,188625.0,209327.0
SYN00647,Lucy Thompson,United States of America,California,Z3,Job Code: JC100738,UI/UX Product Designer IV,EN.UUUD.P4,IC4,174391.0,190740.5,261587.0,0.9143,174391.0,in_range,0.1,17439.1,191830.1,2.81,2.4,2023-06-10,2023-11-18,3,Solid,Radford All Country,Yes,exact_us_zone,US row matched using country + zone + Radford job code.,United States - Z3,Z3 US,United States - TS 100M - 1B Rev Z2 US,U.S. Dollars - USD,EN.UUUD.P4,User Interface / User Experience (UI / UX) - UI / UX Design - Advanced (P4),,,,,190000.0,201345.0,211750.0,230000.0
SYN00648,Stella Thompson,United States of America,California,Z3,Job Code: JC100738,UI/UX Product Designer IV,EN.UUUD.P4,IC4,174391.0,190740.5,261587.0,0.9143,174391.0,in_range,0.1,17439.1,191830.1,3.51,1.59,2022-09-29,2024-08-31,3,Solid,Radford All Country,Yes,exact_us_zone,US row matched using country + zone + Radford job code.,United States - Z3,Z3 US,United States - TS 100M - 1B Rev Z2 US,U.S. Dollars - USD,EN.UUUD.P4,User Interface / User Experience (UI / UX) - UI / UX Design - Advanced (P4),,,,,190000.0,201345.0,211750.0,230000.0
SYN00649,Grace Thompson,United States of America,Colorado,Z3,Job Code: JC100738,UI/UX Product Designer IV,EN.UUUD.P4,IC4,174391.0,190740.5,261587.0,0.9143,174391.0,in_range,0.1,17439.1,191830.1,0.32,0.32,2025-12-06,2025-12-15,,,Radford All Country,Yes,exact_us_zone,US row matched using country + zone + Radford job code.,United States - Z3,Z3 US,United States - TS 100M - 1B Rev Z2 US,U.S. Dollars - USD,EN.UUUD.P4,User Interface / User Experience (UI / UX) - UI / UX Design - Advanced (P4),,,,,190000.0,201345.0,211750.0,230000.0
SYN00650,Hannah Thompson,United States of America,California,Z3,Job Code: JC100738,UI/UX Product Designer IV,EN.UUUD.P4,IC4,174391.0,190740.5,261587.0,0.9143,174391.0,in_range,0.1,17439.1,191830.1,4.14,2.46,2022-02-14,2023-10-18,3,Solid,Radford All Country,Yes,exact_us_zone,US row matched using country + zone + Radford job code.,United States - Z3,Z3 US,United States - TS 100M - 1B Rev Z2 US,U.S. Dollars - USD,EN.UUUD.P4,User Interface / User Experience (UI / UX) - UI / UX Design - Advanced (P4),,,,,190000.0,201345.0,211750.0,230000.0
SYN00651,Violet Thompson,United States of America,Florida,Z3,Job Code: JC100738,UI/UX Product Designer IV,EN.UUUD.P4,IC4,174391.0,190740.5,261587.0,0.9835,187599.25,in_range,0.1,18759.93,206359.18,3.17,1.63,2023-02-11,2024-08-17,3,Solid,Radford All Country,Yes,exact_us_zone,US row matched using country + zone + Radford job code.,United States - Z3,Z3 US,United States - TS 100M - 1B Rev Z2 US,U.S. Dollars - USD,EN.UUUD.P4,User Interface / User Experience (UI / UX) - UI / UX Design - Advanced (P4),,,,,190000.0,201345.0,211750.0,230000.0
SYN00652,Luna Thompson,United States of America,California,Z3,Job Code: JC100738,UI/UX Product Designer IV,EN.UUUD.P4,IC4,174391.0,190740.5,261587.0,1.0332,197073.51,in_range,0.1,19707.35,216780.86,3.92,2.36,2022-05-06,2023-11-21,4,Strong,Radford All Country,Yes,exact_us_zone,US row matched using country + zone + Radford job code.,United States - Z3,Z3 US,United States - TS 100M - 1B Rev Z2 US,U.S. Dollars - USD,EN.UUUD.P4,User Interface / User Experience (UI / UX) - UI / UX Design - Advanced (P4),,,,,190000.0,201345.0,211750.0,230000.0
SYN00653,Evelyn Thompson,United States of America,Colorado,Z3,Job Code: JC100739,UI/UX Product Designer V,EN.UUUD.P5,IC5,195296.0,244120.0,292944.0,1.006,245587.35,in_range,0.15,36838.1,282425.45,2.9,1.97,2023-05-18,2024-04-24,4,Strong,Radford All Country,Yes,exact_us_zone,US row matched using country + zone + Radford job code.,United States - Z3,Z3 US,United States - TS 100M - 1B Rev Z2 US,U.S. Dollars - USD,EN.UUUD.P5,User Interface / User Experience (UI / UX) - UI / UX Design - Expert (P5),,,,,207262.0,222078.0,234800.0,257947.0
SYN00654,Benjamin Thompson,United States of America,California,Z3,Job Code: JC100739,UI/UX Product Designer V,EN.UUUD.P5,IC5,195296.0,244120.0,292944.0,0.9247,225737.18,in_range,0.15,33860.58,259597.76,3.91,2.05,2022-05-07,2024-03-17,3,Solid,Radford All Country,Yes,exact_us_zone,US row matched using country + zone + Radford job code.,United States - Z3,Z3 US,United States - TS 100M - 1B Rev Z2 US,U.S. Dollars - USD,EN.UUUD.P5,User Interface / User Experience (UI / UX) - UI / UX Design - Expert (P5),,,,,207262.0,222078.0,234800.0,257947.0
SYN00655,Liam Thompson,United States of America,California,Z3,Job Code: JC100739,UI/UX Product Designer V,EN.UUUD.P5,IC5,195296.0,244120.0,292944.0,0.9847,240374.16,in_range,0.15,36056.12,276430.28,4.14,2.83,2022-02-12,2023-06-09,4,Strong,Radford All Country,Yes,exact_us_zone,US row matched using country + zone + Radford job code.,United States - Z3,Z3 US,United States - TS 100M - 1B Rev Z2 US,U.S. Dollars - USD,EN.UUUD.P5,User Interface / User Experience (UI / UX) - UI / UX Design - Expert (P5),,,,,207262.0,222078.0,234800.0,257947.0
SYN00656,Noah Thompson,United States of America,Colorado,Z3,Job Code: JC100747,"VP, Global Services",CS.GLMF.E1,VP1,218677.0,273346.0,328015.0,1.19,325281.74,in_range,0.35,113848.61,439130.35,5.11,5.11,2021-02-25,2021-02-26,4,Strong,Radford All Country,Yes,exact_us_zone,US row matched using country + zone + Radford job code.,United States - Z3,Z3 US,United States - TS 100M - 1B Rev Z2 US,U.S. Dollars - USD,CS.GLMF.E1,General - Customer Service / Support - Executive - Executive 1 (E1),,,,,300233.0,,,
SYN00657,Ethan Thompson,United States of America,California,Z3,Job Code: JC100748,"VP, IT/Security",TE.ICHC.E1,VP1,278654.0,348317.5,417981.0,1.16,404048.3,in_range,0.35,141416.9,545465.2,7.36,7.36,2018-11-20,2018-11-22,5,High,Radford All Country,Yes,exact_us_zone,US row matched using country + zone + Radford job code.,United States - Z3,Z3 US,United States - TS 100M - 1B Rev Z2 US,U.S. Dollars - USD,TE.ICHC.E1,Information / Cyber Security - Head of Information / Cyber Security - Corporate - Executive 1 (E1),,,,,323550.0,,,
SYN00658,Mason Thompson,United States of America,California,Z3,Job Code: JC100749,"VP, Legal",LG.GLMF.E1,VP1,261245.0,326556.0,391867.0,1.1078,361762.94,in_range,0.35,126617.03,488379.97,5.86,5.86,2020-05-29,2020-05-28,3,Solid,Radford All Country,Yes,exact_us_zone,US row matched using country + zone + Radford job code.,United States - Z3,Z3 US,United States - TS 100M - 1B Rev Z2 US,U.S. Dollars - USD,LG.GLMF.E1,General - Legal - Executive - Executive 1 (E1),,,,,331750.0,343630.0,363350.0,416590.0
SYN00659,Lucas Thompson,United States of America,California,Z3,Job Code: JC100749,"VP, Legal",LG.GLMF.E1,VP1,261245.0,326556.0,391867.0,1.1165,364610.39,in_range,0.35,127613.64,492224.02,3.08,3.08,2023-03-09,2023-03-11,5,High,Radford All Country,Yes,exact_us_zone,US row matched using country + zone + Radford job code.,United States - Z3,Z3 US,United States - TS 100M - 1B Rev Z2 US,U.S. Dollars - USD,LG.GLMF.E1,General - Legal - Executive - Executive 1 (E1),,,,,331750.0,343630.0,363350.0,416590.0
SYN00660,Elijah Thompson,United States of America,Florida,Z3,Job Code: JC100750,"VP, Product Management",EN.PGMF.E1,VP1,271295.0,339118.5,406942.0,1.0677,362060.22,in_range,0.35,126721.08,488781.29,5.37,5.37,2020-11-25,2020-11-19,3,Solid,Radford All Country,Yes,exact_us_zone,US row matched using country + zone + Radford job code.,United States - Z3,Z3 US,United States - TS 100M - 1B Rev Z2 US,U.S. Dollars - USD,EN.PGMF.E1,Product Management - Technology Product Management - Executive - Executive 1 (E1),,,,,333720.0,348018.0,367850.0,416400.0
SYN00661,James Thompson,United States of America,California,Z3,Job Code: JC100750,"VP, Product Management",EN.PGMF.E1,VP1,271295.0,339118.5,406942.0,1.0744,364347.15,in_range,0.35,127521.5,491868.65,6.59,6.59,2019-08-29,2019-08-30,4,Strong,Radford All Country,Yes,exact_us_zone,US row matched using country + zone + Radford job code.,United States - Z3,Z3 US,United States - TS 100M - 1B Rev Z2 US,U.S. Dollars - USD,EN.PGMF.E1,Product Management - Technology Product Management - Executive - Executive 1 (E1),,,,,333720.0,348018.0,367850.0,416400.0
SYN00662,Henry Thompson,United States of America,Colorado,Z3,Job Code: JC100752,"VP, Software Engineering",EN.GLEE.E1,VP1,272462.0,340577.0,408692.0,1.0406,354400.2,in_range,0.35,124040.07,478440.27,6.46,6.46,2019-10-19,2019-10-22,4,Strong,Radford All Country,Yes,exact_us_zone,US row matched using country + zone + Radford job code.,United States - Z3,Z3 US,United States - TS 100M - 1B Rev Z2 US,U.S. Dollars - USD,EN.GLEE.E1,General - Engineering - Executive - Executive 1 (E1),,,,,322140.0,333800.0,360000.0,
SYN00663,Alexander Thompson,United States of America,Michigan,Z3,Job Code: JC100752,"VP, Software Engineering",EN.GLEE.E1,VP1,272462.0,340577.0,408692.0,1.1944,406777.9,in_range,0.35,142372.27,549150.17,3.87,3.87,2022-05-28,2022-05-17,4,Strong,Radford All Country,Yes,exact_us_zone,US row matched using country + zone + Radford job code.,United States - Z3,Z3 US,United States - TS 100M - 1B Rev Z2 US,U.S. Dollars - USD,EN.GLEE.E1,General - Engineering - Executive - Executive 1 (E1),,,,,322140.0,333800.0,360000.0,
SYN00664,Daniel Thompson,United States of America,Pennsylvania,Z3,Job Code: JC100752,"VP, Software Engineering",EN.GLEE.E1,VP1,272462.0,340577.0,408692.0,1.1293,384624.33,in_range,0.35,134618.51,519242.84,6.37,6.37,2019-11-24,2019-11-30,3,Solid,Radford All Country,Yes,exact_us_zone,US row matched using country + zone + Radford job code.,United States - Z3,Z3 US,United States - TS 100M - 1B Rev Z2 US,U.S. Dollars - USD,EN.GLEE.E1,General - Engineering - Executive - Executive 1 (E1),,,,,322140.0,333800.0,360000.0,
SYN00665,Samuel Thompson,United States of America,California,Z3,Job Code: JC100753,"Vice President, Alliances",SA.APMF.E1,VP1,252713.0,315891.0,379069.0,0.95,300096.45,in_range,0.35,105033.76,405130.21,5.44,5.44,2020-10-29,2020-10-29,3,Solid,Radford All Country,Yes,exact_us_zone,US row matched using country + zone + Radford job code.,United States - Z3,Z3 US,United States - TS 100M - 1B Rev Z2 US,U.S. Dollars - USD,SA.APMF.E1,Alliance Partnership - Alliance Partnership - Executive - Executive 1 (E1),,,,,287506.0,300000.0,315000.0,343375.0
SYN00666,Owen Thompson,United States of America,California,Z3,Job Code: JC100757,"Vice President, Enterprise Sales",SA.FSMF.E1,VP1,231840.0,289800.0,347760.0,0.92,266616.0,in_range,0.35,93315.6,359931.6,6.11,6.11,2020-02-27,2020-02-27,3,Solid,Radford All Country,Yes,exact_us_zone,US row matched using country + zone + Radford job code.,United States - Z3,Z3 US,United States - TS 100M - 1B Rev Z2 US,U.S. Dollars - USD,SA.FSMF.E1,Field Sales - Sales Account Management - Field Sales - Sales Account Management - Executive - Executive 1 (E1),,,,,266250.0,291750.0,300101.0,334003.0
SYN00667,Jack Thompson,United States of America,New Hampshire,Z3,Job Code: JC100758,"Vice President, Global Talent Acquisition",HR.TMHC.E1,VP1,239129.0,298911.5,358694.0,1.19,355704.68,in_range,0.35,124496.64,480201.32,4.69,4.69,2021-08-02,2021-07-31,4,Strong,Radford All Country,Yes,exact_us_zone,US row matched using country + zone + Radford job code.,United States - Z3,Z3 US,United States - TS 100M - 1B Rev Z2 US,U.S. Dollars - USD,HR.TMHC.E1,Talent Management - Head of Talent Acquisition - Corporate - Executive 1 (E1),,,,,285000.0,290000.0,290000.0,
SYN00668,Julian Thompson,United States of America,Pennsylvania,Z3,Job Code: JC100760,"Vice President, HR Business Partner/Operations",HR.GLMF.E1,VP1,239129.0,298911.5,358694.0,1.2,358694.0,in_range,0.35,125542.9,484236.9,5.27,5.27,2021-01-05,2021-01-01,3,Solid,Radford All Country,Yes,exact_us_zone,US row matched using country + zone + Radford job code.,United States - Z3,Z3 US,United States - TS 100M - 1B Rev Z2 US,U.S. Dollars - USD,HR.GLMF.E1,General - Human Resources - Executive - Executive 1 (E1),,,,,330000.0,346500.0,362500.0,386000.0
SYN00669,Leo Thompson,United States of America,Colorado,Z3,Job Code: JC100769,Web Designer IV,MK.DISM.P4,IC4,127413.0,140725.0,191120.0,1.06,149168.5,in_range,0.1,14916.85,164085.35,4.58,3.47,2021-09-05,2022-10-20,4,Strong,Radford All Country,Yes,exact_us_zone,US row matched using country + zone + Radford job code.,United States - Z3,Z3 US,United States - TS 100M - 1B Rev Z2 US,U.S. Dollars - USD,MK.DISM.P4,Digital Marketing - Social Media - Advanced (P4),,,,,137025.0,,,
SYN00670,Isaac Thompson,United States of America,Colorado,Z3,Job Code: JC100770,Web Designer V,MK.DISM.P5,IC5,158051.0,174562.5,237076.0,0.93,162343.12,in_range,0.15,24351.47,186694.59,2.89,2.57,2023-05-12,2023-09-07,3,Solid,Radford All Country,Yes,exact_us_zone,US row matched using country + zone + Radford job code.,United States - Z3,Z3 US,United States - TS 100M - 1B Rev Z2 US,U.S. Dollars - USD,MK.DISM.P5,Digital Marketing - Social Media - Expert (P5),,,,,,,,
SYN00671,Sebastian Thompson,United States of America,Colorado,Z3,Job Code: JC100774,Workplace Operations Manager IV,CB.SSMF.P4,IC4,50.0,54.0,75.0,0.9527,51.45,in_range,0.1,5.14,56.59,4.24,2.09,2022-01-12,2024-02-29,4,Strong,Radford All Country,Yes,exact_us_zone,US row matched using country + zone + Radford job code.,United States - Z3,Z3 US,United States - TS 100M - 1B Rev Z2 US,U.S. Dollars - USD,CB.SSMF.P4,Shared Services - Multi-Focus - Advanced (P4),,,,,,,,
SYN00672,Caleb Thompson,United States of America,California,Z3,Job Code: JC100774,Workplace Operations Manager IV,CB.SSMF.P4,IC4,50.0,54.0,75.0,0.9514,51.38,in_range,0.1,5.14,56.51,2.65,1.6,2023-08-20,2024-09-07,4,Strong,Radford All Country,Yes,exact_us_zone,US row matched using country + zone + Radford job code.,United States - Z3,Z3 US,United States - TS 100M - 1B Rev Z2 US,U.S. Dollars - USD,CB.SSMF.P4,Shared Services - Multi-Focus - Advanced (P4),,,,,,,,
SYN00673,Avery Brooks,United States of America,California,Z3,Job Code: JC100782,Director Graphic Design,MK.CIDB.M5,D1,169400.0,211750.0,254100.0,1.06,224455.0,in_range,0.25,56113.75,280568.75,3.91,3.25,2022-05-17,2023-01-10,3,Solid,Radford All Country,Yes,exact_us_zone,US row matched using country + zone + Radford job code.,United States - Z3,Z3 US,United States - TS 100M - 1B Rev Z2 US,U.S. Dollars - USD,MK.CIDB.M5,Creative Services - Graphic Design - Director (M5),,,,,230000.0,243500.0,249875.0,
SYN00674,Jordan Brooks,United States of America,Washington,Z3,Job Code: JC100792,"Vice President, Strategy and Operations",,VP1,227169.0,283961.5,340754.0,1.2,340753.8,in_range,0.35,119263.83,460017.63,5.25,5.25,2021-01-01,2021-01-09,5,High,Radford All Country,No,unmatched,No FJC Radford code available for market join.,,,,,,,,,,,,,,
SYN00675,Taylor Brooks,United States of America,Colorado,Z3,Job Code: JC100811,"VP, Global Sales Engineering",SA.ASME.E1,VP1,300300.0,375375.0,450450.0,1.2,450450.0,in_range,0.35,157657.5,608107.5,6.14,6.14,2020-02-16,2020-02-12,4,Strong,Radford All Country,Yes,exact_us_zone,US row matched using country + zone + Radford job code.,United States - Z3,Z3 US,United States - TS 100M - 1B Rev Z2 US,U.S. Dollars - USD,SA.ASME.E1,Applications / Systems Engineering - Applications / Systems Engineering - Executive - Executive 1 (E1),,,,,296400.0,311500.0,315000.0,331660.0
SYN00676,Morgan Brooks,United States of America,Michigan,Z3,Job Code: JC100820,"VP, FP&A",FI.ACFX.E1,VP1,248400.0,310500.0,372600.0,1.17,363285.0,in_range,0.35,127149.75,490434.75,4.39,4.39,2021-11-10,2021-11-12,5,High,Radford All Country,Yes,exact_us_zone,US row matched using country + zone + Radford job code.,United States - Z3,Z3 US,United States - TS 100M - 1B Rev Z2 US,U.S. Dollars - USD,FI.ACFX.E1,Accounting - Financial Planning & Analysis - Executive - Executive 1 (E1),,,,,309000.0,328535.0,337500.0,366640.0
SYN00677,Cameron Brooks,United States of America,New Hampshire,Z3,Job Code: JC100821,"VP, Product Marketing",MK.PMME.E1,VP1,235142.0,293927.5,352713.0,1.15,338016.62,in_range,0.35,118305.82,456322.44,2.79,2.79,2023-06-22,2023-06-19,3,Solid,Radford All Country,Yes,exact_us_zone,US row matched using country + zone + Radford job code.,United States - Z3,Z3 US,United States - TS 100M - 1B Rev Z2 US,U.S. Dollars - USD,MK.PMME.E1,Product Marketing - Product Marketing - Executive - Executive 1 (E1),,,,,307500.0,319445.0,335000.0,350765.0
SYN00678,Riley Brooks,United States of America,California,Z3,Job Code: JC100846,Procurement/Sourcing V,SC.PPSS.P5,IC5,147841.0,184801.0,221761.0,1.0,184801.0,in_range,0.15,27720.15,212521.15,4.61,2.96,2021-08-21,2023-04-20,4,Strong,Radford All Country,Yes,exact_us_zone,US row matched using country + zone + Radford job code.,United States - Z3,Z3 US,United States - TS 100M - 1B Rev Z2 US,U.S. Dollars - USD,SC.PPSS.P5,Purchasing / Procurement - Strategic Sourcing - Expert (P5),,,,,,,,
SYN00679,Parker Brooks,United States of America,Tennessee,Z3,Job Code: JC100848,Senior Director Procurement/Sourcing,SC.PPSS.M6,D2,207397.0,232300.0,311096.0,1.13,262499.0,in_range,0.3,78749.7,341248.7,3.56,3.56,2022-09-11,2022-09-22,3,Solid,Radford All Country,Yes,exact_us_zone,US row matched using country + zone + Radford job code.,United States - Z3,Z3 US,United States - TS 100M - 1B Rev Z2 US,U.S. Dollars - USD,SC.PPSS.M6,Purchasing / Procurement - Strategic Sourcing - Senior Director (M6),,,,,,,,
SYN00680,Quinn Brooks,United States of America,California,Z3,Job Code: JC100861,Help Desk Analyst II,TE.OPHD.P2,IC2,89996.0,107999.5,126003.0,1.05,113399.48,in_range,0.1,11339.95,124739.42,0.54,0.54,2025-09-22,2025-09-26,5,High,Radford All Country,Yes,exact_us_zone,US row matched using country + zone + Radford job code.,United States - Z3,Z3 US,United States - TS 100M - 1B Rev Z2 US,U.S. Dollars - USD,TE.OPHD.P2,IT Operations - Information Technology Help Desk - Developing (P2),,,,,100000.0,107559.0,116605.0,125300.0
SYN00681,Hayden Brooks,United States of America,Colorado,Z3,Job Code: JC100862,Help Desk Analyst III,TE.OPHD.P3,IC3,109476.0,114240.0,153276.0,0.9583,109476.0,in_range,0.1,10947.6,120423.6,0.56,0.56,2025-09-15,2025-09-17,4,Strong,Radford All Country,Yes,exact_us_zone,US row matched using country + zone + Radford job code.,United States - Z3,Z3 US,United States - TS 100M - 1B Rev Z2 US,U.S. Dollars - USD,TE.OPHD.P3,IT Operations - Information Technology Help Desk - Career (P3),,,,,113199.0,119192.0,123227.0,138231.0
SYN00682,Rowan Brooks,United States of America,Colorado,Z3,Job Code: JC100865,Manager Help Desk,TE.OPHD.M3,M1,134160.0,153000.0,201240.0,0.93,142290.0,in_range,0.2,28458.0,170748.0,4.06,2.22,2022-03-12,2024-01-16,3,Solid,Radford All Country,Yes,exact_us_zone,US row matched using country + zone + Radford job code.,United States - Z3,Z3 US,United States - TS 100M - 1B Rev Z2 US,U.S. Dollars - USD,TE.OPHD.M3,IT Operations - Information Technology Help Desk - Manager (M3),,,,,162335.0,168750.0,171806.0,
SYN00683,Casey Brooks,United States of America,California,Z3,Job Code: JC100868,Business Development Enterprise Rep I,SA.ISTL.S1,IC1,30.0,36.0,43.0,0.9879,35.56,in_range,0.0,0.0,35.56,0.87,0.87,2025-05-20,2025-05-25,3,Solid,Radford All Country,Yes,exact_us_zone,US row matched using country + zone + Radford job code.,United States - Z3,Z3 US,United States - TS 100M - 1B Rev Z2 US,U.S. Dollars - USD,SA.ISTL.S1,Inside Sales / Telemarketing - Lead Development - Entry (S1),,,,,56056.0,60002.0,60008.0,65000.0
SYN00684,Alex Brooks,United States of America,California,Z3,Job Code: JC100868,Business Development Enterprise Rep I,SA.ISTL.S1,IC1,30.0,36.0,43.0,0.9496,34.19,in_range,0.0,0.0,34.19,0.78,0.78,2025-06-21,2025-06-25,3,Solid,Radford All Country,Yes,exact_us_zone,US row matched using country + zone + Radford job code.,United States - Z3,Z3 US,United States - TS 100M - 1B Rev Z2 US,U.S. Dollars - USD,SA.ISTL.S1,Inside Sales / Telemarketing - Lead Development - Entry (S1),,,,,56056.0,60002.0,60008.0,65000.0
SYN00685,Jamie Brooks,United States of America,California,Z3,Job Code: JC100868,Business Development Enterprise Rep I,SA.ISTL.S1,IC1,30.0,36.0,43.0,1.0275,36.99,in_range,0.0,0.0,36.99,0.49,0.49,2025-10-17,2025-10-11,2,Developing,Radford All Country,Yes,exact_us_zone,US row matched using country + zone + Radford job code.,United States - Z3,Z3 US,United States - TS 100M - 1B Rev Z2 US,U.S. Dollars - USD,SA.ISTL.S1,Inside Sales / Telemarketing - Lead Development - Entry (S1),,,,,56056.0,60002.0,60008.0,65000.0
SYN00686,Blake Brooks,United States of America,Colorado,Z3,Job Code: JC100868,Business Development Enterprise Rep I,SA.ISTL.S1,IC1,30.0,36.0,43.0,0.9394,33.82,in_range,0.0,0.0,33.82,0.6,0.6,2025-08-31,2025-09-02,3,Solid,Radford All Country,Yes,exact_us_zone,US row matched using country + zone + Radford job code.,United States - Z3,Z3 US,United States - TS 100M - 1B Rev Z2 US,U.S. Dollars - USD,SA.ISTL.S1,Inside Sales / Telemarketing - Lead Development - Entry (S1),,,,,56056.0,60002.0,60008.0,65000.0
SYN00687,Drew Brooks,United States of America,Arizona,Z3,Job Code: JC100868,Business Development Enterprise Rep I,SA.ISTL.S1,IC1,30.0,36.0,43.0,0.9696,34.91,in_range,0.0,0.0,34.91,0.36,0.36,2025-12-02,2025-11-22,3,Solid,Radford All Country,Yes,exact_us_zone,US row matched using country + zone + Radford job code.,United States - Z3,Z3 US,United States - TS 100M - 1B Rev Z2 US,U.S. Dollars - USD,SA.ISTL.S1,Inside Sales / Telemarketing - Lead Development - Entry (S1),,,,,56056.0,60002.0,60008.0,65000.0
SYN00688,Reese Brooks,United States of America,Oregon,Z3,Job Code: JC100868,Business Development Enterprise Rep I,SA.ISTL.S1,IC1,30.0,36.0,43.0,0.9097,32.75,in_range,0.0,0.0,32.75,0.52,0.52,2025-10-05,2025-10-05,3,Solid,Radford All Country,Yes,exact_us_zone,US row matched using country + zone + Radford job code.,United States - Z3,Z3 US,United States - TS 100M - 1B Rev Z2 US,U.S. Dollars - USD,SA.ISTL.S1,Inside Sales / Telemarketing - Lead Development - Entry (S1),,,,,56056.0,60002.0,60008.0,65000.0
SYN00689,Sydney Brooks,United States of America,Oregon,Z3,Job Code: JC100868,Business Development Enterprise Rep I,SA.ISTL.S1,IC1,30.0,36.0,43.0,1.0579,38.08,in_range,0.0,0.0,38.08,0.76,0.76,2025-07-01,2025-07-07,3,Solid,Radford All Country,Yes,exact_us_zone,US row matched using country + zone + Radford job code.,United States - Z3,Z3 US,United States - TS 100M - 1B Rev Z2 US,U.S. Dollars - USD,SA.ISTL.S1,Inside Sales / Telemarketing - Lead Development - Entry (S1),,,,,56056.0,60002.0,60008.0,65000.0
SYN00690,Emerson Brooks,United States of America,California,Z3,Job Code: JC100868,Business Development Enterprise Rep I,SA.ISTL.S1,IC1,30.0,36.0,43.0,0.975,35.1,in_range,0.0,0.0,35.1,0.2,0.2,2026-01-25,2026-01-22,,,Radford All Country,Yes,exact_us_zone,US row matched using country + zone + Radford job code.,United States - Z3,Z3 US,United States - TS 100M - 1B Rev Z2 US,U.S. Dollars - USD,SA.ISTL.S1,Inside Sales / Telemarketing - Lead Development - Entry (S1),,,,,56056.0,60002.0,60008.0,65000.0
SYN00691,Logan Brooks,United States of America,Colorado,Z3,Job Code: JC100868,Business Development Enterprise Rep I,SA.ISTL.S1,IC1,30.0,36.0,43.0,1.0087,36.31,in_range,0.0,0.0,36.31,0.65,0.65,2025-08-08,2025-08-17,3,Solid,Radford All Country,Yes,exact_us_zone,US row matched using country + zone + Radford job code.,United States - Z3,Z3 US,United States - TS 100M - 1B Rev Z2 US,U.S. Dollars - USD,SA.ISTL.S1,Inside Sales / Telemarketing - Lead Development - Entry (S1),,,,,56056.0,60002.0,60008.0,65000.0
SYN00692,Skyler Brooks,United States of America,California,Z3,Job Code: JC100868,Business Development Enterprise Rep I,SA.ISTL.S1,IC1,30.0,36.0,43.0,0.9779,35.21,in_range,0.0,0.0,35.21,0.17,0.17,2026-02-04,2026-02-07,,,Radford All Country,Yes,exact_us_zone,US row matched using country + zone + Radford job code.,United States - Z3,Z3 US,United States - TS 100M - 1B Rev Z2 US,U.S. Dollars - USD,SA.ISTL.S1,Inside Sales / Telemarketing - Lead Development - Entry (S1),,,,,56056.0,60002.0,60008.0,65000.0
SYN00693,Finley Brooks,United States of America,New York,Z3,Job Code: JC100868,Business Development Enterprise Rep I,SA.ISTL.S1,IC1,30.0,36.0,43.0,0.8759,31.53,in_range,0.0,0.0,31.53,0.65,0.65,2025-08-20,2025-08-15,3,Solid,Radford All Country,Yes,exact_us_zone,US row matched using country + zone + Radford job code.,United States - Z3,Z3 US,United States - TS 100M - 1B Rev Z2 US,U.S. Dollars - USD,SA.ISTL.S1,Inside Sales / Telemarketing - Lead Development - Entry (S1),,,,,56056.0,60002.0,60008.0,65000.0
SYN00694,Harper Brooks,United States of America,New York,Z3,Job Code: JC100868,Business Development Enterprise Rep I,SA.ISTL.S1,IC1,30.0,36.0,43.0,0.8615,31.02,in_range,0.0,0.0,31.02,0.55,0.55,2025-09-16,2025-09-19,3,Solid,Radford All Country,Yes,exact_us_zone,US row matched using country + zone + Radford job code.,United States - Z3,Z3 US,United States - TS 100M - 1B Rev Z2 US,U.S. Dollars - USD,SA.ISTL.S1,Inside Sales / Telemarketing - Lead Development - Entry (S1),,,,,56056.0,60002.0,60008.0,65000.0
SYN00695,Elliot Brooks,United States of America,California,Z3,Job Code: JC100868,Business Development Enterprise Rep I,SA.ISTL.S1,IC1,30.0,36.0,43.0,0.9758,35.13,in_range,0.0,0.0,35.13,0.3,0.3,2025-12-17,2025-12-13,,,Radford All Country,Yes,exact_us_zone,US row matched using country + zone + Radford job code.,United States - Z3,Z3 US,United States - TS 100M - 1B Rev Z2 US,U.S. Dollars - USD,SA.ISTL.S1,Inside Sales / Telemarketing - Lead Development - Entry (S1),,,,,56056.0,60002.0,60008.0,65000.0
SYN00696,Dakota Brooks,United States of America,Colorado,Z3,Job Code: JC100868,Business Development Enterprise Rep I,SA.ISTL.S1,IC1,30.0,36.0,43.0,1.0472,37.7,in_range,0.0,0.0,37.7,0.44,0.44,2025-10-28,2025-10-30,3,Solid,Radford All Country,Yes,exact_us_zone,US row matched using country + zone + Radford job code.,United States - Z3,Z3 US,United States - TS 100M - 1B Rev Z2 US,U.S. Dollars - USD,SA.ISTL.S1,Inside Sales / Telemarketing - Lead Development - Entry (S1),,,,,56056.0,60002.0,60008.0,65000.0
SYN00697,Kendall Brooks,United States of America,Colorado,Z3,Job Code: JC100868,Business Development Enterprise Rep I,SA.ISTL.S1,IC1,30.0,36.0,43.0,0.9328,33.58,in_range,0.0,0.0,33.58,0.43,0.43,2025-11-01,2025-10-31,3,Solid,Radford All Country,Yes,exact_us_zone,US row matched using country + zone + Radford job code.,United States - Z3,Z3 US,United States - TS 100M - 1B Rev Z2 US,U.S. Dollars - USD,SA.ISTL.S1,Inside Sales / Telemarketing - Lead Development - Entry (S1),,,,,56056.0,60002.0,60008.0,65000.0
SYN00698,Sage Brooks,United States of America,California,Z3,Job Code: JC100868,Business Development Enterprise Rep I,SA.ISTL.S1,IC1,30.0,36.0,43.0,1.0326,37.17,in_range,0.0,0.0,37.17,0.48,0.48,2025-10-10,2025-10-10,3,Solid,Radford All Country,Yes,exact_us_zone,US row matched using country + zone + Radford job code.,United States - Z3,Z3 US,United States - TS 100M - 1B Rev Z2 US,U.S. Dollars - USD,SA.ISTL.S1,Inside Sales / Telemarketing - Lead Development - Entry (S1),,,,,56056.0,60002.0,60008.0,65000.0
SYN00699,Peyton Brooks,United States of America,California,Z3,Job Code: JC100868,Business Development Enterprise Rep I,SA.ISTL.S1,IC1,30.0,36.0,43.0,0.9021,32.48,in_range,0.0,0.0,32.48,0.56,0.56,2025-09-15,2025-09-19,3,Solid,Radford All Country,Yes,exact_us_zone,US row matched using country + zone + Radford job code.,United States - Z3,Z3 US,United States - TS 100M - 1B Rev Z2 US,U.S. Dollars - USD,SA.ISTL.S1,Inside Sales / Telemarketing - Lead Development - Entry (S1),,,,,56056.0,60002.0,60008.0,65000.0
SYN00700,Tatum Brooks,United States of America,California,Z3,Job Code: JC100904,Product Manager VII,EN.PGPG.M6,IC7,259794.0,324743.0,389692.0,1.0262,333244.93,in_range,0.0,0.0,333244.93,6.54,3.34,2019-09-28,2022-12-11,4,Strong,Radford All Country,Yes,exact_us_zone,US row matched using country + zone + Radford job code.,United States - Z3,Z3 US,United States - TS 100M - 1B Rev Z2 US,U.S. Dollars - USD,EN.PGPG.M6,Product Management - Technology Product Management - Senior Director (M6),,,,,286730.0,306781.0,320000.0,354697.0
SYN00701,Micah Brooks,United States of America,California,Z3,Job Code: JC100904,Product Manager VII,EN.PGPG.M6,IC7,259794.0,324743.0,389692.0,1.0591,343919.27,in_range,0.0,0.0,343919.27,5.85,3.64,2020-05-29,2022-08-13,3,Solid,Radford All Country,Yes,exact_us_zone,US row matched using country + zone + Radford job code.,United States - Z3,Z3 US,United States - TS 100M - 1B Rev Z2 US,U.S. Dollars - USD,EN.PGPG.M6,Product Management - Technology Product Management - Senior Director (M6),,,,,286730.0,306781.0,320000.0,354697.0
SYN00702,Robin Brooks,United States of America,Colorado,Z3,Job Code: JC100905,"VP, Systems Engineering",TE.GLMF.E1,VP1,263792.0,329740.0,395688.0,1.14,375903.6,in_range,0.35,131566.26,507469.86,3.38,3.38,2022-11-22,2022-11-18,3,Solid,Radford All Country,Yes,exact_us_zone,US row matched using country + zone + Radford job code.,United States - Z3,Z3 US,United States - TS 100M - 1B Rev Z2 US,U.S. Dollars - USD,TE.GLMF.E1,General - Information Technology - Executive - Executive 1 (E1),,,,,295000.0,312677.0,332650.0,348115.0
SYN00703,Devon Brooks,United States of America,California,Z3,Job Code: JC100906,Software Engineer VII,EN.SODE.M6,IC7,251835.0,314794.0,377753.0,1.1316,356220.58,in_range,0.0,0.0,356220.58,8.16,3.84,2018-02-10,2022-05-28,3,Solid,Radford All Country,Yes,exact_us_zone,US row matched using country + zone + Radford job code.,United States - Z3,Z3 US,United States - TS 100M - 1B Rev Z2 US,U.S. Dollars - USD,EN.SODE.M6,Software - Software Development Engineering - Senior Director (M6),,,,,301036.0,319955.0,340000.0,387711.0
SYN00704,Sawyer Brooks,United States of America,Michigan,Z3,Job Code: JC100906,Software Engineer VII,EN.SODE.M6,IC7,251835.0,314794.0,377753.0,1.1494,361815.06,in_range,0.0,0.0,361815.06,6.48,2.5,2019-10-19,2023-10-12,1,Low,Radford All Country,Yes,exact_us_zone,US row matched using country + zone + Radford job code.,United States - Z3,Z3 US,United States - TS 100M - 1B Rev Z2 US,U.S. Dollars - USD,EN.SODE.M6,Software - Software Development Engineering - Senior Director (M6),,,,,301036.0,319955.0,340000.0,387711.0
SYN00705,Charlie Brooks,United States of America,Ohio,Z3,Job Code: JC100906,Software Engineer VII,EN.SODE.M6,IC7,251835.0,314794.0,377753.0,1.1588,364767.83,in_range,0.0,0.0,364767.83,1.64,1.5,2024-08-22,2024-10-13,4,Strong,Radford All Country,Yes,exact_us_zone,US row matched using country + zone + Radford job code.,United States - Z3,Z3 US,United States - TS 100M - 1B Rev Z2 US,U.S. Dollars - USD,EN.SODE.M6,Software - Software Development Engineering - Senior Director (M6),,,,,301036.0,319955.0,340000.0,387711.0
SYN00706,Remy Brooks,United States of America,Colorado,Z3,Job Code: JC100920,"VP, Business Development",,VP1,204000.0,255000.0,306000.0,1.1,280500.0,in_range,0.35,98175.0,378675.0,5.22,5.22,2021-01-14,2021-01-21,5,High,Radford All Country,No,unmatched,No FJC Radford code available for market join.,,,,,,,,,,,,,,
SYN00707,Shawn Brooks,United States of America,Colorado,Z3,Job Code: JC100921,VP Internal Communications,CA.COEC.E1,VP1,234742.0,293427.0,352112.0,1.12,328638.24,in_range,0.35,115023.38,443661.62,6.6,6.6,2019-09-02,2019-08-28,4,Strong,Radford All Country,Yes,exact_us_zone,US row matched using country + zone + Radford job code.,United States - Z3,Z3 US,United States - TS 100M - 1B Rev Z2 US,U.S. Dollars - USD,CA.COEC.E1,Communication - Head of Employee Communications - Corporate - Executive 1 (E1),,,,,,,,
SYN00708,Noel Brooks,United States of America,California,Z3,Job Code: JC100932,Data Scientist V,TE.DADS.P5,IC5,224926.0,281158.0,337390.0,1.01,283969.58,in_range,0.15,42595.44,326565.02,2.07,1.22,2024-03-07,2025-01-17,4,Strong,Radford All Country,Yes,exact_us_zone,US row matched using country + zone + Radford job code.,United States - Z3,Z3 US,United States - TS 100M - 1B Rev Z2 US,U.S. Dollars - USD,TE.DADS.P5,Data Management & Analytics - Data Science - Expert (P5),,,,,242507.0,254977.0,268350.0,280000.0
SYN00709,Aubrey Brooks,United States of America,Colorado,Z3,Job Code: JC100940,"Senior Director, Technical Accounting & Reporting",FI.RPMF.M6,D2,218588.0,244473.5,327882.0,1.17,286033.99,in_range,0.3,85810.2,371844.19,4.11,4.11,2022-03-02,2022-03-04,3,Solid,Radford All Country,No,unmatched,No match found on expected US country/zone + Radford job code.,,,,,,,,,,,,,,
SYN00710,Bailey Brooks,United States of America,New Jersey,Z3,Job Code: JC100945,Technical Accounting & Reporting Analyst IV,FI.RPMF.P4,IC4,146472.0,183090.0,219708.0,0.88,161119.2,in_range,0.1,16111.92,177231.12,3.84,2.0,2022-06-09,2024-04-02,3,Solid,Radford All Country,No,unmatched,No match found on expected US country/zone + Radford job code.,,,,,,,,,,,,,,
SYN00711,Jules Brooks,United States of America,Massachusetts,Z3,Job Code: JC100946,Technical Accounting & Reporting Analyst V,FI.RPMF.P5,IC5,164669.0,205836.0,247003.0,1.02,209952.72,in_range,0.15,31492.91,241445.63,3.77,2.22,2022-06-26,2024-01-11,3,Solid,Radford All Country,No,unmatched,No match found on expected US country/zone + Radford job code.,,,,,,,,,,,,,,
SYN00712,Kieran Brooks,United States of America,California,Z3,Job Code: JC100951,Systems Engineer III,TE.ISIS.P3,IC3,157424.0,165166.5,220408.0,1.0382,171470.07,in_range,0.1,17147.01,188617.08,3.62,1.67,2022-08-24,2024-07-30,4,Strong,Radford All Country,No,unmatched,No match found on expected US country/zone + Radford job code.,,,,,,,,,,,,,,
SYN00713,Marlowe Brooks,United States of America,California,Z3,Job Code: JC100951,Systems Engineer III,TE.ISIS.P3,IC3,157424.0,165166.5,220408.0,1.0283,169845.63,in_range,0.1,16984.56,186830.19,4.47,1.93,2021-10-20,2024-05-01,3,Solid,Radford All Country,No,unmatched,No match found on expected US country/zone + Radford job code.,,,,,,,,,,,,,,
SYN00714,Adrian Brooks,United States of America,Colorado,Z3,Job Code: JC100952,Systems Engineer IV,TE.ISIS.P4,IC4,176430.0,220537.5,264645.0,0.8604,189743.07,in_range,0.1,18974.31,208717.38,4.23,1.67,2022-01-15,2024-08-08,3,Solid,Radford All Country,No,unmatched,No match found on expected US country/zone + Radford job code.,,,,,,,,,,,,,,
SYN00715,Eden Brooks,United States of America,California,Z3,Job Code: JC100952,Systems Engineer IV,TE.ISIS.P4,IC4,176430.0,220537.5,264645.0,0.8869,195589.72,in_range,0.1,19558.97,215148.69,2.25,1.85,2024-01-09,2024-05-27,3,Solid,Radford All Country,No,unmatched,No match found on expected US country/zone + Radford job code.,,,,,,,,,,,,,,
SYN00716,Jesse Brooks,United States of America,Massachusetts,Z3,Job Code: JC100952,Systems Engineer IV,TE.ISIS.P4,IC4,176430.0,220537.5,264645.0,0.8883,195896.22,in_range,0.1,19589.62,215485.85,2.57,1.52,2023-09-17,2024-09-28,4,Strong,Radford All Country,No,unmatched,No match found on expected US country/zone + Radford job code.,,,,,,,,,,,,,,
SYN00717,Lane Brooks,United States of America,Colorado,Z3,Job Code: JC100953,Systems Engineer V,TE.ISIS.P5,IC5,202787.0,253483.5,304180.0,0.9627,244019.85,in_range,0.15,36602.98,280622.83,3.1,2.16,2023-03-03,2024-02-12,3,Solid,Radford All Country,No,unmatched,No match found on expected US country/zone + Radford job code.,,,,,,,,,,,,,,
SYN00718,Shiloh Brooks,United States of America,California,Z3,Job Code: JC100953,Systems Engineer V,TE.ISIS.P5,IC5,202787.0,253483.5,304180.0,1.0144,257132.78,in_range,0.15,38569.92,295702.69,4.37,3.72,2021-11-16,2022-07-14,4,Strong,Radford All Country,No,unmatched,No match found on expected US country/zone + Radford job code.,,,,,,,,,,,,,,
SYN00719,Teagan Brooks,United States of America,California,Z3,Job Code: JC100953,Systems Engineer V,TE.ISIS.P5,IC5,202787.0,253483.5,304180.0,0.9837,249349.67,in_range,0.15,37402.45,286752.12,3.71,1.96,2022-07-15,2024-04-24,3,Solid,Radford All Country,No,unmatched,No match found on expected US country/zone + Radford job code.,,,,,,,,,,,,,,
SYN00720,Ari Brooks,United States of America,Colorado,Z3,Job Code: JC100957,"Director, Systems Engineering",TE.ISMF.M5,D1,205377.0,256721.5,308066.0,1.114,285992.17,in_range,0.25,71498.04,357490.21,3.85,1.2,2022-06-02,2025-01-31,5,High,Radford All Country,Yes,exact_us_zone,US row matched using country + zone + Radford job code.,United States - Z3,Z3 US,United States - TS 100M - 1B Rev Z2 US,U.S. Dollars - USD,TE.ISMF.M5,Information Systems - Multi-Focus - Director (M5),,,,,237250.0,245143.0,250000.0,285635.0
SYN00721,Milan Brooks,United States of America,California,Z3,Job Code: JC100957,"Director, Systems Engineering",TE.ISMF.M5,D1,205377.0,256721.5,308066.0,1.0838,278240.11,in_range,0.25,69560.03,347800.13,3.17,2.08,2023-02-04,2024-03-06,3,Solid,Radford All Country,Yes,exact_us_zone,US row matched using country + zone + Radford job code.,United States - Z3,Z3 US,United States - TS 100M - 1B Rev Z2 US,U.S. Dollars - USD,TE.ISMF.M5,Information Systems - Multi-Focus - Director (M5),,,,,237250.0,245143.0,250000.0,285635.0
SYN00722,Nico Brooks,United States of America,California,Z3,Job Code: JC100959,Executive Assistant V,,IC5,151072.0,167632.5,226608.0,1.0207,171107.2,in_range,0.15,25666.08,196773.28,4.41,1.86,2021-11-03,2024-06-03,3,Solid,Radford All Country,No,unmatched,No FJC Radford code available for market join.,,,,,,,,,,,,,,
SYN00723,Aisha Brooks,United States of America,New Jersey,Z3,Job Code: JC100959,Executive Assistant V,,IC5,151072.0,167632.5,226608.0,0.9068,152001.26,in_range,0.15,22800.19,174801.45,5.35,2.24,2020-12-07,2024-01-10,3,Solid,Radford All Country,No,unmatched,No FJC Radford code available for market join.,,,,,,,,,,,,,,
SYN00724,Priya Brooks,United States of America,Colorado,Z3,Job Code: JC100959,Executive Assistant V,,IC5,151072.0,167632.5,226608.0,1.0458,175316.44,in_range,0.15,26297.47,201613.91,4.42,1.55,2021-11-09,2024-09-15,3,Solid,Radford All Country,No,unmatched,No FJC Radford code available for market join.,,,,,,,,,,,,,,
SYN00725,Leah Brooks,United States of America,Colorado,Z3,Job Code: JC100967,Major Sales Rep V,SA.FSDN.P5,IC5,185989.0,232486.5,278984.0,0.8982,208809.7,in_range,0.15,31321.46,240131.16,5.09,3.14,2021-03-04,2023-02-22,3,Solid,Radford All Country,Yes,exact_us_zone,US row matched using country + zone + Radford job code.,United States - Z3,Z3 US,United States - TS 100M - 1B Rev Z2 US,U.S. Dollars - USD,SA.FSDN.P5,Field Sales - Sales Account Management - Direct Sales - New Accounts - Expert (P5),,,,,170600.0,179687.0,185000.0,207950.0
SYN00726,Sophia Brooks,United States of America,California,Z3,Job Code: JC100967,Major Sales Rep V,SA.FSDN.P5,IC5,185989.0,232486.5,278984.0,0.8936,207746.7,in_range,0.15,31162.01,238908.71,5.62,2.52,2020-08-17,2023-09-25,3,Solid,Radford All Country,Yes,exact_us_zone,US row matched using country + zone + Radford job code.,United States - Z3,Z3 US,United States - TS 100M - 1B Rev Z2 US,U.S. Dollars - USD,SA.FSDN.P5,Field Sales - Sales Account Management - Direct Sales - New Accounts - Expert (P5),,,,,170600.0,179687.0,185000.0,207950.0
SYN00727,Maya Brooks,United States of America,Illinois,Z3,Job Code: JC100974,Scaled Customer Success Manager II,SA.CRCS.P2,IC2,91490.0,109792.5,128095.0,0.93,102107.03,in_range,0.1,10210.7,112317.73,0.38,0.38,2025-11-19,2025-11-26,3,Solid,Radford All Country,Yes,exact_us_zone,US row matched using country + zone + Radford job code.,United States - Z3,Z3 US,United States - TS 100M - 1B Rev Z2 US,U.S. Dollars - USD,SA.CRCS.P2,Customer Relationship Management - Customer Success - Developing (P2),,,,,92227.0,100000.0,104750.0,114050.0
SYN00728,Zoe Brooks,United States of America,North Carolina,Z3,Job Code: JC100975,Scaled Customer Success Manager III,SA.CRCS.P3,IC3,122282.0,127604.5,171207.0,0.9583,122282.0,in_range,0.1,12228.2,134510.2,2.88,1.84,2023-05-15,2024-06-11,3,Solid,Radford All Country,Yes,exact_us_zone,US row matched using country + zone + Radford job code.,United States - Z3,Z3 US,United States - TS 100M - 1B Rev Z2 US,U.S. Dollars - USD,SA.CRCS.P3,Customer Relationship Management - Customer Success - Career (P3),,,,,113300.0,122888.0,128000.0,139340.0
SYN00729,Olivia Brooks,United States of America,California,Z3,Job Code: JC100975,Scaled Customer Success Manager III,SA.CRCS.P3,IC3,122282.0,127604.5,171207.0,0.9583,122282.0,in_range,0.1,12228.2,134510.2,2.36,1.93,2023-12-03,2024-05-08,4,Strong,Radford All Country,Yes,exact_us_zone,US row matched using country + zone + Radford job code.,United States - Z3,Z3 US,United States - TS 100M - 1B Rev Z2 US,U.S. Dollars - USD,SA.CRCS.P3,Customer Relationship Management - Customer Success - Career (P3),,,,,113300.0,122888.0,128000.0,139340.0
SYN00730,Emma Brooks,United States of America,California,Z3,Job Code: JC100975,Scaled Customer Success Manager III,SA.CRCS.P3,IC3,122282.0,127604.5,171207.0,0.9583,122282.0,in_range,0.1,12228.2,134510.2,4.26,2.14,2022-01-09,2024-02-10,3,Solid,Radford All Country,Yes,exact_us_zone,US row matched using country + zone + Radford job code.,United States - Z3,Z3 US,United States - TS 100M - 1B Rev Z2 US,U.S. Dollars - USD,SA.CRCS.P3,Customer Relationship Management - Customer Success - Career (P3),,,,,113300.0,122888.0,128000.0,139340.0
SYN00731,Isabella Brooks,United States of America,Texas,Z3,Job Code: JC100975,Scaled Customer Success Manager III,SA.CRCS.P3,IC3,122282.0,127604.5,171207.0,0.9583,122282.0,in_range,0.1,12228.2,134510.2,3.66,1.93,2022-08-03,2024-05-06,3,Solid,Radford All Country,Yes,exact_us_zone,US row matched using country + zone + Radford job code.,United States - Z3,Z3 US,United States - TS 100M - 1B Rev Z2 US,U.S. Dollars - USD,SA.CRCS.P3,Customer Relationship Management - Customer Success - Career (P3),,,,,113300.0,122888.0,128000.0,139340.0
SYN00732,Mia Brooks,United States of America,Colorado,Z3,Job Code: JC100976,Scaled Customer Success Manager IV,SA.CRCS.P4,IC4,150782.0,163893.5,226174.0,0.95,155698.82,in_range,0.1,15569.88,171268.71,4.19,3.02,2022-01-31,2023-04-05,3,Solid,Radford All Country,Yes,exact_us_zone,US row matched using country + zone + Radford job code.,United States - Z3,Z3 US,United States - TS 100M - 1B Rev Z2 US,U.S. Dollars - USD,SA.CRCS.P4,Customer Relationship Management - Customer Success - Advanced (P4),,,,,145000.0,154946.0,161292.0,182834.0
SYN00733,Amelia Brooks,United States of America,California,Z3,Job Code: JC100979,Senior Manager Scaled Customer Success,SA.CRCS.M4,M2,165454.0,182457.0,248180.0,1.11,202527.27,in_range,0.2,40505.45,243032.72,5.43,2.58,2020-11-03,2023-09-06,3,Solid,Radford All Country,Yes,exact_us_zone,US row matched using country + zone + Radford job code.,United States - Z3,Z3 US,United States - TS 100M - 1B Rev Z2 US,U.S. Dollars - USD,SA.CRCS.M4,Customer Relationship Management - Customer Success - Sr Manager (M4),,,,,164600.0,178583.0,182360.0,202720.0
SYN00734,Charlotte Brooks,United States of America,Colorado,Z3,Job Code: JC100990,Director Onboarding,MC.PMMF.M5,D1,178426.0,223032.5,267639.0,1.2,267639.0,in_range,0.25,66909.75,334548.75,3.46,2.07,2022-10-26,2024-03-19,5,High,Radford All Country,Yes,exact_us_zone,US row matched using country + zone + Radford job code.,United States - Z3,Z3 US,United States - TS 100M - 1B Rev Z2 US,U.S. Dollars - USD,MC.PMMF.M5,Project Management - Multi-Focus - Director (M5),,,,,165000.0,,,
SYN00735,Lila Brooks,United States of America,Georgia,Z3,Job Code: JC100994,Onboarding Specialist III,MC.PMMF.P3,IC3,140608.0,168736.0,196864.0,1.13,190671.68,in_range,0.1,19067.17,209738.85,2.51,1.77,2023-09-30,2024-06-25,3,Solid,Radford All Country,Yes,exact_us_zone,US row matched using country + zone + Radford job code.,United States - Z3,Z3 US,United States - TS 100M - 1B Rev Z2 US,U.S. Dollars - USD,MC.PMMF.P3,Project Management - Multi-Focus - Career (P3),,,,,110697.0,114800.0,132943.0,146500.0
SYN00736,Nora Brooks,United States of America,New Jersey,Z3,Job Code: JC100995,Onboarding Specialist IV,MC.PMMF.P4,IC4,166519.0,180999.0,249779.0,0.9824,177806.31,in_range,0.1,17780.63,195586.94,3.09,1.73,2023-03-08,2024-07-20,3,Solid,Radford All Country,Yes,exact_us_zone,US row matched using country + zone + Radford job code.,United States - Z3,Z3 US,United States - TS 100M - 1B Rev Z2 US,U.S. Dollars - USD,MC.PMMF.P4,Project Management - Multi-Focus - Advanced (P4),,,,,147500.0,152033.0,154500.0,176560.0
SYN00737,Layla Brooks,United States of America,Washington,Z3,Job Code: JC100995,Onboarding Specialist IV,MC.PMMF.P4,IC4,166519.0,180999.0,249779.0,1.0591,191691.85,in_range,0.1,19169.19,210861.04,2.86,1.59,2023-05-28,2024-09-08,3,Solid,Radford All Country,Yes,exact_us_zone,US row matched using country + zone + Radford job code.,United States - Z3,Z3 US,United States - TS 100M - 1B Rev Z2 US,U.S. Dollars - USD,MC.PMMF.P4,Project Management - Multi-Focus - Advanced (P4),,,,,147500.0,152033.0,154500.0,176560.0
SYN00738,Hazel Brooks,United States of America,Florida,Z3,Job Code: JC100995,Onboarding Specialist IV,MC.PMMF.P4,IC4,166519.0,180999.0,249779.0,0.949,171763.2,in_range,0.1,17176.32,188939.52,3.56,1.76,2022-09-17,2024-06-29,4,Strong,Radford All Country,Yes,exact_us_zone,US row matched using country + zone + Radford job code.,United States - Z3,Z3 US,United States - TS 100M - 1B Rev Z2 US,U.S. Dollars - USD,MC.PMMF.P4,Project Management - Multi-Focus - Advanced (P4),,,,,147500.0,152033.0,154500.0,176560.0
SYN00739,Aria Brooks,United States of America,Colorado,Z3,Job Code: JC100995,Onboarding Specialist IV,MC.PMMF.P4,IC4,166519.0,180999.0,249779.0,0.92,166519.0,in_range,0.1,16651.9,183170.9,4.68,2.18,2021-08-07,2024-01-25,3,Solid,Radford All Country,Yes,exact_us_zone,US row matched using country + zone + Radford job code.,United States - Z3,Z3 US,United States - TS 100M - 1B Rev Z2 US,U.S. Dollars - USD,MC.PMMF.P4,Project Management - Multi-Focus - Advanced (P4),,,,,147500.0,152033.0,154500.0,176560.0
SYN00740,Ivy Brooks,United States of America,California,Z3,Job Code: JC100995,Onboarding Specialist IV,MC.PMMF.P4,IC4,166519.0,180999.0,249779.0,0.92,166519.0,in_range,0.1,16651.9,183170.9,3.29,1.41,2022-12-20,2024-11-08,3,Solid,Radford All Country,Yes,exact_us_zone,US row matched using country + zone + Radford job code.,United States - Z3,Z3 US,United States - TS 100M - 1B Rev Z2 US,U.S. Dollars - USD,MC.PMMF.P4,Project Management - Multi-Focus - Advanced (P4),,,,,147500.0,152033.0,154500.0,176560.0
SYN00741,Naomi Brooks,United States of America,California,Z3,Job Code: JC100996,Onboarding Specialist V,MC.PMMF.P5,IC5,186048.0,232560.0,279072.0,0.88,204652.8,in_range,0.15,30697.92,235350.72,4.7,2.24,2021-07-25,2024-01-07,3,Solid,Radford All Country,Yes,exact_us_zone,US row matched using country + zone + Radford job code.,United States - Z3,Z3 US,United States - TS 100M - 1B Rev Z2 US,U.S. Dollars - USD,MC.PMMF.P5,Project Management - Multi-Focus - Expert (P5),,,,,165409.0,189275.0,201125.0,
SYN00742,Elena Brooks,United States of America,California,Z3,Job Code: JC101005,Partner Sales Manager IV,SA.APAP.P4,IC4,131952.0,164940.5,197929.0,0.8738,144126.74,in_range,0.1,14412.67,158539.41,3.4,1.52,2022-11-05,2024-09-28,3,Solid,Radford All Country,Yes,exact_us_zone,US row matched using country + zone + Radford job code.,United States - Z3,Z3 US,United States - TS 100M - 1B Rev Z2 US,U.S. Dollars - USD,SA.APAP.P4,Alliance Partnership - Alliance Partnership - Advanced (P4),,,,,154500.0,165387.0,175000.0,199434.0
SYN00743,Lucy Brooks,United States of America,Texas,Z3,Job Code: JC101005,Partner Sales Manager IV,SA.APAP.P4,IC4,131952.0,164940.5,197929.0,0.8765,144565.89,in_range,0.1,14456.59,159022.48,3.03,2.35,2023-03-30,2023-11-24,3,Solid,Radford All Country,Yes,exact_us_zone,US row matched using country + zone + Radford job code.,United States - Z3,Z3 US,United States - TS 100M - 1B Rev Z2 US,U.S. Dollars - USD,SA.APAP.P4,Alliance Partnership - Alliance Partnership - Advanced (P4),,,,,154500.0,165387.0,175000.0,199434.0
SYN00744,Stella Brooks,United States of America,Colorado,Z3,Job Code: JC101033,XDR Majors Rep II,SA.ISTL.S2,IC2,39.0,41.0,55.0,0.97,39.77,in_range,0.1,3.98,43.75,3.23,2.65,2023-01-08,2023-08-20,4,Strong,Radford All Country,Yes,exact_us_zone,US row matched using country + zone + Radford job code.,United States - Z3,Z3 US,United States - TS 100M - 1B Rev Z2 US,U.S. Dollars - USD,SA.ISTL.S2,Inside Sales / Telemarketing - Lead Development - Intermediate (S2),,,,,60000.0,61506.0,65000.0,70000.0
SYN00745,Grace Brooks,United States of America,California,Z3,Job Code: JC101045,Deal Desk Rep III,SA.OPDD.P3,IC3,119641.0,124848.0,167509.0,0.99,123599.52,in_range,0.1,12359.95,135959.47,3.88,3.26,2022-05-24,2023-01-05,3,Solid,Radford All Country,Yes,exact_us_zone,US row matched using country + zone + Radford job code.,United States - Z3,Z3 US,United States - TS 100M - 1B Rev Z2 US,U.S. Dollars - USD,SA.OPDD.P3,Operations / Sales Support - Deal Desk - Career (P3),,,,,110125.0,113050.0,123125.0,136438.0
SYN00746,Hannah Brooks,United States of America,California,Z3,Job Code: JC101046,Deal Desk Rep IV,SA.OPDD.P4,IC4,154048.0,192560.0,231072.0,0.8407,161888.71,in_range,0.1,16188.87,178077.59,2.27,1.71,2023-12-27,2024-07-20,3,Solid,Radford All Country,Yes,exact_us_zone,US row matched using country + zone + Radford job code.,United States - Z3,Z3 US,United States - TS 100M - 1B Rev Z2 US,U.S. Dollars - USD,SA.OPDD.P4,Operations / Sales Support - Deal Desk - Advanced (P4),,,,,159400.0,169883.0,173325.0,
SYN00747,Violet Brooks,United States of America,California,Z3,Job Code: JC101046,Deal Desk Rep IV,SA.OPDD.P4,IC4,154048.0,192560.0,231072.0,0.8677,167078.24,in_range,0.1,16707.82,183786.06,3.59,1.76,2022-08-28,2024-07-03,3,Solid,Radford All Country,Yes,exact_us_zone,US row matched using country + zone + Radford job code.,United States - Z3,Z3 US,United States - TS 100M - 1B Rev Z2 US,U.S. Dollars - USD,SA.OPDD.P4,Operations / Sales Support - Deal Desk - Advanced (P4),,,,,159400.0,169883.0,173325.0,
SYN00748,Luna Brooks,United States of America,New York,Z3,Job Code: JC101047,Deal Desk Rep V,SA.OPDD.P5,IC5,190306.0,206855.0,285460.0,0.92,190306.0,in_range,0.15,28545.9,218851.9,4.51,3.85,2021-10-08,2022-06-02,3,Solid,Radford All Country,Yes,exact_us_zone,US row matched using country + zone + Radford job code.,United States - Z3,Z3 US,United States - TS 100M - 1B Rev Z2 US,U.S. Dollars - USD,SA.OPDD.P5,Operations / Sales Support - Deal Desk - Expert (P5),,,,,171860.0,193694.0,214100.0,
SYN00749,Evelyn Brooks,United States of America,Michigan,Z3,Job Code: JC101051,Director Sales Engineering Specialist,SA.ASRS.M5,D1,223542.0,259931.5,335312.0,0.94,244335.61,in_range,0.25,61083.9,305419.51,4.6,3.26,2021-08-31,2022-12-30,2,Developing,Radford All Country,Yes,exact_us_zone,US row matched using country + zone + Radford job code.,United States - Z3,Z3 US,United States - TS 100M - 1B Rev Z2 US,U.S. Dollars - USD,SA.ASRS.M5,Applications / Systems Engineering - Pre-Sales - Sales Plan - Director (M5),,,,,217000.0,231250.0,238912.0,252000.0
SYN00750,Benjamin Brooks,United States of America,North Carolina,Z3,Job Code: JC101057,Sales Engineer Specialist V,SA.ASRS.P5,IC5,214670.0,268337.5,322005.0,0.8903,238891.35,in_range,0.15,35833.7,274725.05,4.73,2.66,2021-07-16,2023-08-11,3,Solid,Radford All Country,Yes,exact_us_zone,US row matched using country + zone + Radford job code.,United States - Z3,Z3 US,United States - TS 100M - 1B Rev Z2 US,U.S. Dollars - USD,SA.ASRS.P5,Applications / Systems Engineering - Pre-Sales - Sales Plan - Expert (P5),,,,,190460.0,198770.0,202800.0,215374.0
SYN00751,Liam Brooks,United States of America,New York,Z3,Job Code: JC101057,Sales Engineer Specialist V,SA.ASRS.P5,IC5,214670.0,268337.5,322005.0,0.8898,238763.03,in_range,0.15,35814.45,274577.49,4.35,2.75,2021-12-04,2023-07-15,4,Strong,Radford All Country,Yes,exact_us_zone,US row matched using country + zone + Radford job code.,United States - Z3,Z3 US,United States - TS 100M - 1B Rev Z2 US,U.S. Dollars - USD,SA.ASRS.P5,Applications / Systems Engineering - Pre-Sales - Sales Plan - Expert (P5),,,,,190460.0,198770.0,202800.0,215374.0
SYN00752,Noah Brooks,United States of America,California,Z3,Job Code: JC101057,Sales Engineer Specialist V,SA.ASRS.P5,IC5,214670.0,268337.5,322005.0,0.8723,234058.79,in_range,0.15,35108.82,269167.61,3.23,1.78,2023-01-16,2024-06-29,2,Developing,Radford All Country,Yes,exact_us_zone,US row matched using country + zone + Radford job code.,United States - Z3,Z3 US,United States - TS 100M - 1B Rev Z2 US,U.S. Dollars - USD,SA.ASRS.P5,Applications / Systems Engineering - Pre-Sales - Sales Plan - Expert (P5),,,,,190460.0,198770.0,202800.0,215374.0
SYN00753,Ethan Brooks,United States of America,Michigan,Z3,Job Code: JC101058,Sales Engineer Specialist VI,SA.ASRS.P6,IC6,226511.0,283139.0,339767.0,0.8741,247500.74,in_range,0.2,49500.15,297000.89,2.42,1.21,2023-11-11,2025-01-22,4,Strong,Radford All Country,Yes,exact_us_zone,US row matched using country + zone + Radford job code.,United States - Z3,Z3 US,United States - TS 100M - 1B Rev Z2 US,U.S. Dollars - USD,SA.ASRS.P6,Applications / Systems Engineering - Pre-Sales - Sales Plan - Principal (P6),,,,,200363.0,225950.0,239505.0,284735.0
SYN00754,Mason Brooks,United States of America,New York,Z3,Job Code: JC101058,Sales Engineer Specialist VI,SA.ASRS.P6,IC6,226511.0,283139.0,339767.0,0.9253,261992.84,in_range,0.2,52398.57,314391.41,5.39,2.21,2020-11-16,2024-01-18,3,Solid,Radford All Country,Yes,exact_us_zone,US row matched using country + zone + Radford job code.,United States - Z3,Z3 US,United States - TS 100M - 1B Rev Z2 US,U.S. Dollars - USD,SA.ASRS.P6,Applications / Systems Engineering - Pre-Sales - Sales Plan - Principal (P6),,,,,200363.0,225950.0,239505.0,284735.0
SYN00755,Lucas Brooks,United States of America,California,Z3,Job Code: JC101058,Sales Engineer Specialist VI,SA.ASRS.P6,IC6,226511.0,283139.0,339767.0,0.9133,258581.43,in_range,0.2,51716.29,310297.72,6.99,3.95,2019-04-08,2022-05-01,3,Solid,Radford All Country,Yes,exact_us_zone,US row matched using country + zone + Radford job code.,United States - Z3,Z3 US,United States - TS 100M - 1B Rev Z2 US,U.S. Dollars - USD,SA.ASRS.P6,Applications / Systems Engineering - Pre-Sales - Sales Plan - Principal (P6),,,,,200363.0,225950.0,239505.0,284735.0
SYN00756,Elijah Brooks,United States of America,California,Z3,Job Code: JC101058,Sales Engineer Specialist VI,SA.ASRS.P6,IC6,226511.0,283139.0,339767.0,0.8659,245168.57,in_range,0.2,49033.71,294202.29,5.09,3.77,2021-03-07,2022-06-24,3,Solid,Radford All Country,Yes,exact_us_zone,US row matched using country + zone + Radford job code.,United States - Z3,Z3 US,United States - TS 100M - 1B Rev Z2 US,U.S. Dollars - USD,SA.ASRS.P6,Applications / Systems Engineering - Pre-Sales - Sales Plan - Principal (P6),,,,,200363.0,225950.0,239505.0,284735.0
SYN00757,James Brooks,United States of America,Colorado,Z3,Job Code: JC101061,Chief Product Officer,,E3,344000.0,430000.0,516000.0,1.0,430000.0,in_range,0.0,0.0,430000.0,4.04,4.04,2022-03-24,2022-03-22,3,Solid,Radford All Country,No,unmatched,No FJC Radford code available for market join.,,,,,,,,,,,,,,
SYN00758,Henry Brooks,United States of America,California,Z3,Job Code: JC101065,Revenue Accounting Analyst IV,FI.ACRR.P4,IC4,136598.0,170748.0,204898.0,0.9,153673.2,in_range,0.1,15367.32,169040.52,4.23,1.14,2022-01-12,2025-02-09,2,Developing,Radford All Country,Yes,exact_us_zone,US row matched using country + zone + Radford job code.,United States - Z3,Z3 US,United States - TS 100M - 1B Rev Z2 US,U.S. Dollars - USD,FI.ACRR.P4,Accounting - Revenue Recognition - Advanced (P4),,,,,137317.0,152638.0,163894.0,173263.0
SYN00759,Alexander Brooks,United States of America,California,Z3,Job Code: JC101066,Revenue Accounting Analyst V,FI.ACRR.P5,IC5,165068.0,206335.0,247602.0,0.96,198081.6,in_range,0.15,29712.24,227793.84,3.91,3.15,2022-05-12,2023-02-14,3,Solid,Radford All Country,Yes,exact_us_zone,US row matched using country + zone + Radford job code.,United States - Z3,Z3 US,United States - TS 100M - 1B Rev Z2 US,U.S. Dollars - USD,FI.ACRR.P5,Accounting - Revenue Recognition - Expert (P5),,,,,158267.0,183015.0,194300.0,
SYN00760,Daniel Brooks,United States of America,California,Z3,Job Code: JC101068,Manager Revenue Accounting,FI.ACRR.M3,M1,137938.0,158814.0,206906.0,1.01,160402.14,in_range,0.2,32080.43,192482.57,4.05,3.63,2022-03-23,2022-08-22,3,Solid,Radford All Country,Yes,exact_us_zone,US row matched using country + zone + Radford job code.,United States - Z3,Z3 US,United States - TS 100M - 1B Rev Z2 US,U.S. Dollars - USD,FI.ACRR.M3,Accounting - Revenue Recognition - Manager (M3),,,,,156378.0,160000.0,163750.0,170800.0
SYN00761,Samuel Brooks,United States of America,Florida,Z3,Job Code: JC101087,Compensation Analyst VI,HR.CBCO.P6,IC6,174665.0,203099.0,261998.0,1.12,227470.88,in_range,0.2,45494.18,272965.06,4.02,2.88,2022-03-30,2023-05-27,4,Strong,Radford All Country,Yes,exact_us_zone,US row matched using country + zone + Radford job code.,United States - Z3,Z3 US,United States - TS 100M - 1B Rev Z2 US,U.S. Dollars - USD,HR.CBCO.P6,Compensation & Benefits - Compensation - Principal (P6),,,,,,,,
SYN00762,Owen Brooks,United States of America,California,Z3,Job Code: JC101097,SVP Data Analytics,,E2,280000.0,350000.0,420000.0,1.0,350000.0,in_range,0.0,0.0,350000.0,8.18,8.18,2018-02-05,2018-01-27,4,Strong,Radford All Country,No,unmatched,No FJC Radford code available for market join.,,,,,,,,,,,,,,
SYN00763,Jack Brooks,United States of America,Colorado,Z3,Job Code: JC101098,Chief Financial Officer,,E3,352000.0,440000.0,528000.0,1.0,440000.0,in_range,0.0,0.0,440000.0,4.59,4.59,2021-09-06,2021-09-04,,,Radford All Country,No,unmatched,No FJC Radford code available for market join.,,,,,,,,,,,,,,
SYN00764,Julian Brooks,United States of America,California,Z3,Job Code: JC101104,GSI Alliance / Partnership Specialist V,SA.APAP.P5,IC5,174868.0,195762.5,262302.0,0.93,182059.12,in_range,0.15,27308.87,209367.99,4.57,1.65,2021-09-10,2024-08-10,3,Solid,Radford All Country,Yes,exact_us_zone,US row matched using country + zone + Radford job code.,United States - Z3,Z3 US,United States - TS 100M - 1B Rev Z2 US,U.S. Dollars - USD,SA.APAP.P5,Alliance Partnership - Alliance Partnership - Expert (P5),,,,,193879.0,208172.0,216993.0,238234.0
SYN00765,Leo Brooks,United States of America,Washington,Z3,Job Code: JC101127,HR Business Partner VII,HR.GLBP.M6,IC7,220056.0,244437.5,330084.0,0.97,237104.38,in_range,0.0,0.0,237104.38,4.73,1.77,2021-07-15,2024-06-29,3,Solid,Radford All Country,Yes,exact_us_zone,US row matched using country + zone + Radford job code.,United States - Z3,Z3 US,United States - TS 100M - 1B Rev Z2 US,U.S. Dollars - USD,HR.GLBP.M6,General - Business Partner - Senior Director (M6),,,,,270000.0,282801.0,284300.0,316800.0
SYN00766,Isaac Brooks,United States of America,Colorado,Z3,Job Code: JC101157,Data Analyst VII,TE.DADA.M6,IC7,225099.0,262258.5,337649.0,0.92,241277.82,in_range,0.0,0.0,241277.82,8.62,1.96,2017-08-31,2024-04-26,4,Strong,Radford All Country,Yes,exact_us_zone,US row matched using country + zone + Radford job code.,United States - Z3,Z3 US,United States - TS 100M - 1B Rev Z2 US,U.S. Dollars - USD,TE.DADA.M6,Data Management & Analytics - Data Analytics - Senior Director (M6),,,,,262500.0,290469.0,297979.0,321511.0
SYN00767,Sebastian Brooks,United States of America,Michigan,Z3,Job Code: JC101169,Data Scientist VII,TE.DADS.M6,IC7,241232.0,301540.0,361848.0,1.0,301540.0,in_range,0.0,0.0,301540.0,5.98,4.58,2020-04-18,2021-09-05,3,Solid,Radford All Country,Yes,exact_us_zone,US row matched using country + zone + Radford job code.,United States - Z3,Z3 US,United States - TS 100M - 1B Rev Z2 US,U.S. Dollars - USD,TE.DADS.M6,Data Management & Analytics - Data Science - Senior Director (M6),,,,,325000.0,335460.0,347250.0,370000.0
SYN00768,Caleb Brooks,United States of America,California,Z3,Job Code: JC101187,"Vice President, Global Compensation",HR.CBCD.E1,VP1,239129.0,298911.5,358694.0,1.14,340759.11,in_range,0.35,119265.69,460024.8,3.84,3.84,2022-06-07,2022-06-02,3,Solid,Radford All Country,Yes,exact_us_zone,US row matched using country + zone + Radford job code.,United States - Z3,Z3 US,United States - TS 100M - 1B Rev Z2 US,U.S. Dollars - USD,HR.CBCD.E1,Compensation & Benefits - Head of Compensation & Benefits - Corporate - Executive 1 (E1),,,,,336000.0,356100.0,360500.0,
SYN00769,Avery Reed,United States of America,California,Z3,Job Code: JC101196,Support Account Manager V,CS.CSAS.P5,IC5,167566.0,209457.0,251348.0,1.0937,229075.72,in_range,0.15,34361.36,263437.08,3.35,2.48,2022-12-01,2023-10-17,3,Solid,Radford All Country,Yes,exact_us_zone,US row matched using country + zone + Radford job code.,United States - Z3,Z3 US,United States - TS 100M - 1B Rev Z2 US,U.S. Dollars - USD,CS.CSAS.P5,Customer Support - Account Services - Expert (P5),,,,,169090.0,175000.0,183501.0,
SYN00770,Jordan Reed,United States of America,California,Z3,Job Code: JC101196,Support Account Manager V,CS.CSAS.P5,IC5,167566.0,209457.0,251348.0,0.8735,182969.03,in_range,0.15,27445.35,210414.39,4.75,2.98,2021-06-30,2023-04-20,3,Solid,Radford All Country,Yes,exact_us_zone,US row matched using country + zone + Radford job code.,United States - Z3,Z3 US,United States - TS 100M - 1B Rev Z2 US,U.S. Dollars - USD,CS.CSAS.P5,Customer Support - Account Services - Expert (P5),,,,,169090.0,175000.0,183501.0,
SYN00771,Taylor Reed,United States of America,California,Z3,Job Code: JC101218,"Senior Director, Channel Sales",SA.FSMC.M6,D2,230374.79,261789.53,345562.18,1.03,269643.22,in_range,0.3,80892.96,350536.18,3.51,3.51,2022-10-10,2022-09-28,3,Solid,Radford All Country,Yes,exact_us_zone,US row matched using country + zone + Radford job code.,United States - Z3,Z3 US,United States - TS 100M - 1B Rev Z2 US,U.S. Dollars - USD,SA.FSMC.M6,Field Sales - Sales Account Management - Multi-Channel Sales - Senior Director (M6),,,,,267975.0,,,
SYN00772,Morgan Reed,United States of America,Colorado,Z3,Job Code: JC101220,"Director, Enterprise Systems Product Management",EN.SDSD.M5,D1,204556.0,255695.5,306835.0,1.11,283822.01,in_range,0.25,70955.5,354777.51,3.61,3.61,2022-09-01,2022-08-30,3,Solid,Radford All Country,Yes,exact_us_zone,US row matched using country + zone + Radford job code.,United States - Z3,Z3 US,United States - TS 100M - 1B Rev Z2 US,U.S. Dollars - USD,EN.SDSD.M5,System Design - System Design / Architecture Engineering - Director (M5),,,,,242161.0,,,
SYN00773,Cameron Reed,United States of America,Texas,Z3,Job Code: JC101225,Enterprise Systems Product Manager V,EN.SDSD.P5,IC5,212262.0,265328.0,318394.0,0.97,257368.16,in_range,0.15,38605.22,295973.38,5.92,4.78,2020-05-12,2021-06-24,5,High,Radford All Country,Yes,exact_us_zone,US row matched using country + zone + Radford job code.,United States - Z3,Z3 US,United States - TS 100M - 1B Rev Z2 US,U.S. Dollars - USD,EN.SDSD.P5,System Design - System Design / Architecture Engineering - Expert (P5),,,,,226600.0,234320.0,236082.0,254654.0
SYN00774,Riley Reed,United States of America,Oregon,Z3,Job Code: JC101225,Enterprise Systems Product Manager V,EN.SDSD.P5,IC5,212262.0,265328.0,318394.0,0.97,257368.16,in_range,0.15,38605.22,295973.38,3.49,2.31,2022-10-12,2023-12-14,2,Developing,Radford All Country,Yes,exact_us_zone,US row matched using country + zone + Radford job code.,United States - Z3,Z3 US,United States - TS 100M - 1B Rev Z2 US,U.S. Dollars - USD,EN.SDSD.P5,System Design - System Design / Architecture Engineering - Expert (P5),,,,,226600.0,234320.0,236082.0,254654.0
SYN00775,Parker Reed,United States of America,Washington,Z3,Job Code: JC101234,Engineering Operations Manager III,,IC3,143224.0,171875.5,200527.0,1.0,171875.5,in_range,0.1,17187.55,189063.05,1.7,1.28,2024-07-21,2024-12-25,4,Strong,Radford All Country,No,unmatched,No FJC Radford code available for market join.,,,,,,,,,,,,,,
SYN00776,Quinn Reed,United States of America,California,Z3,Job Code: JC101235,Engineering Operations Manager IV,,IC4,163036.0,203795.5,244555.0,0.98,199719.59,in_range,0.1,19971.96,219691.55,2.84,2.23,2023-05-30,2024-01-11,4,Strong,Radford All Country,No,unmatched,No FJC Radford code available for market join.,,,,,,,,,,,,,,
SYN00777,Hayden Reed,United States of America,California,Z3,Job Code: JC101242,Chief People Officer,,E3,320000.0,400000.0,480000.0,1.05,420000.0,in_range,0.0,0.0,420000.0,3.22,3.22,2023-01-19,2023-01-23,3,Solid,Radford All Country,No,unmatched,No FJC Radford code available for market join.,,,,,,,,,,,,,,
SYN00778,Rowan Reed,United States of America,Colorado,Z3,Job Code: JC101250,Tax Analyst IV,FI.OPTX.P4,IC4,141765.0,177206.5,212648.0,0.97,171890.3,in_range,0.1,17189.03,189079.34,0.42,0.42,2025-11-04,2025-11-07,2,Developing,Radford All Country,Yes,exact_us_zone,US row matched using country + zone + Radford job code.,United States - Z3,Z3 US,United States - TS 100M - 1B Rev Z2 US,U.S. Dollars - USD,FI.OPTX.P4,Finance Operations - Tax Operations - Advanced (P4),,,,,162220.0,169960.0,173525.0,186730.0
SYN00779,Casey Reed,United States of America,North Carolina,Z3,Job Code: JC101253,Tax Analyst VII,FI.OPTX.M6,IC7,221349.0,276686.5,332024.0,1.07,296054.55,in_range,0.0,0.0,296054.55,5.08,2.62,2021-03-07,2023-08-25,5,High,Radford All Country,Yes,exact_us_zone,US row matched using country + zone + Radford job code.,United States - Z3,Z3 US,United States - TS 100M - 1B Rev Z2 US,U.S. Dollars - USD,FI.OPTX.M6,Finance Operations - Tax Operations - Senior Director (M6),,,,,284550.0,303218.0,309000.0,
SYN00780,Alex Reed,United States of America,Colorado,Z3,Job Code: JC101255,Chief Legal Officer,,E3,320000.0,400000.0,480000.0,1.05,420000.0,in_range,0.0,0.0,420000.0,2.8,2.8,2023-06-14,2023-06-26,3,Solid,Radford All Country,No,unmatched,No FJC Radford code available for market join.,,,,,,,,,,,,,,
SYN00781,Jamie Reed,United States of America,California,Z3,Job Code: JC101256,Vice President Customer Success Commercial,,VP1,223897.0,279871.5,335846.0,1.1,307858.65,in_range,0.35,107750.53,415609.18,5.76,5.76,2020-07-07,2020-07-04,3,Solid,Radford All Country,No,unmatched,No FJC Radford code available for market join.,,,,,,,,,,,,,,
SYN00782,Blake Reed,United States of America,Tennessee,Z3,Job Code: JC101267,Services Delivery Manager IV,MC.PMMF.P4,IC4,163254.0,204067.5,244881.0,0.86,175498.05,in_range,0.1,17549.81,193047.85,4.76,2.34,2021-07-01,2023-12-07,3,Solid,Radford All Country,Yes,exact_us_zone,US row matched using country + zone + Radford job code.,United States - Z3,Z3 US,United States - TS 100M - 1B Rev Z2 US,U.S. Dollars - USD,MC.PMMF.P4,Project Management - Multi-Focus - Advanced (P4),,,,,147500.0,152033.0,154500.0,176560.0
SYN00783,Drew Reed,United States of America,Tennessee,Z3,Job Code: JC101271,"SVP, Global Customer Support",CS.GLTC.E2,VP2,288462.0,360577.0,432692.0,1.13,407452.01,in_range,0.4,162980.8,570432.81,5.92,5.92,2020-05-01,2020-05-02,4,Strong,Radford All Country,Yes,exact_us_zone,US row matched using country + zone + Radford job code.,United States - Z3,Z3 US,United States - TS 100M - 1B Rev Z2 US,U.S. Dollars - USD,CS.GLTC.E2,General - Top / Chief Customer Service & Support (CCO) - Corporate - Executive 2 (E2),,,,,,,,
SYN00784,Reese Reed,United States of America,California,Z3,Job Code: JC101275,Senior Manager Product Support,SA.CRCS.M4,M2,192720.0,224475.0,289080.0,1.08,242433.0,in_range,0.2,48486.6,290919.6,6.41,4.33,2019-11-12,2021-12-09,4,Strong,Radford All Country,Yes,exact_us_zone,US row matched using country + zone + Radford job code.,United States - Z3,Z3 US,United States - TS 100M - 1B Rev Z2 US,U.S. Dollars - USD,SA.CRCS.M4,Customer Relationship Management - Customer Success - Sr Manager (M4),,,,,164600.0,178583.0,182360.0,202720.0
SYN00785,Sydney Reed,United States of America,Massachusetts,Z3,Job Code: JC101277,Product Support Partner II,SA.CRCS.P2,IC2,107996.0,113400.0,151204.0,0.9523,107996.0,in_range,0.1,10799.6,118795.6,0.71,0.71,2025-07-19,2025-07-19,2,Developing,Radford All Country,Yes,exact_us_zone,US row matched using country + zone + Radford job code.,United States - Z3,Z3 US,United States - TS 100M - 1B Rev Z2 US,U.S. Dollars - USD,SA.CRCS.P2,Customer Relationship Management - Customer Success - Developing (P2),,,,,92227.0,100000.0,104750.0,114050.0
SYN00786,Emerson Reed,United States of America,California,Z3,Job Code: JC101277,Product Support Partner II,SA.CRCS.P2,IC2,107996.0,113400.0,151204.0,0.9523,107996.0,in_range,0.1,10799.6,118795.6,0.75,0.75,2025-07-09,2025-07-06,3,Solid,Radford All Country,Yes,exact_us_zone,US row matched using country + zone + Radford job code.,United States - Z3,Z3 US,United States - TS 100M - 1B Rev Z2 US,U.S. Dollars - USD,SA.CRCS.P2,Customer Relationship Management - Customer Success - Developing (P2),,,,,92227.0,100000.0,104750.0,114050.0
SYN00787,Logan Reed,United States of America,California,Z3,Job Code: JC101283,"VP Global Revenue, Commercial",SA.FSMF.E1,VP1,188000.0,235000.0,282000.0,1.02,239700.0,in_range,0.35,83895.0,323595.0,6.43,6.43,2019-11-01,2019-10-27,3,Solid,Radford All Country,Yes,exact_us_zone,US row matched using country + zone + Radford job code.,United States - Z3,Z3 US,United States - TS 100M - 1B Rev Z2 US,U.S. Dollars - USD,SA.FSMF.E1,Field Sales - Sales Account Management - Field Sales - Sales Account Management - Executive - Executive 1 (E1),,,,,266250.0,291750.0,300101.0,334003.0
SYN00788,Skyler Reed,United States of America,California,Z3,Job Code: JC101288,Account Manager III,,IC3,100913.0,107223.0,141324.0,1.113,119337.06,in_range,0.1,11933.71,131270.76,3.32,2.69,2022-12-13,2023-07-24,3,Solid,Radford All Country,No,unmatched,No FJC Radford code available for market join.,,,,,,,,,,,,,,
SYN00789,Finley Reed,United States of America,California,Z3,Job Code: JC101288,Account Manager III,,IC3,100913.0,107223.0,141324.0,1.028,110220.48,in_range,0.1,11022.05,121242.52,4.22,2.07,2022-01-22,2024-03-10,3,Solid,Radford All Country,No,unmatched,No FJC Radford code available for market join.,,,,,,,,,,,,,,
SYN00790,Harper Reed,United States of America,Colorado,Z3,Job Code: JC101288,Account Manager III,,IC3,100913.0,107223.0,141324.0,1.0807,115877.66,in_range,0.1,11587.77,127465.43,3.62,2.71,2022-08-22,2023-07-19,3,Solid,Radford All Country,No,unmatched,No FJC Radford code available for market join.,,,,,,,,,,,,,,
SYN00791,Elliot Reed,United States of America,California,Z3,Job Code: JC101289,Account Manager IV,,IC4,119280.0,136911.0,178920.0,0.9754,133545.82,in_range,0.1,13354.58,146900.4,3.32,2.19,2022-12-05,2024-02-01,3,Solid,Radford All Country,No,unmatched,No FJC Radford code available for market join.,,,,,,,,,,,,,,
SYN00792,Dakota Reed,United States of America,California,Z3,Job Code: JC101289,Account Manager IV,,IC4,119280.0,136911.0,178920.0,1.0652,145833.72,in_range,0.1,14583.37,160417.09,4.49,1.33,2021-10-12,2024-12-12,3,Solid,Radford All Country,No,unmatched,No FJC Radford code available for market join.,,,,,,,,,,,,,,
SYN00793,Kendall Reed,United States of America,Georgia,Z3,Job Code: JC101289,Account Manager IV,,IC4,119280.0,136911.0,178920.0,0.9667,132355.28,in_range,0.1,13235.53,145590.81,2.82,1.7,2023-06-07,2024-07-30,5,High,Radford All Country,No,unmatched,No FJC Radford code available for market join.,,,,,,,,,,,,,,
SYN00794,Sage Reed,United States of America,New Jersey,Z3,Job Code: JC101289,Account Manager IV,,IC4,119280.0,136911.0,178920.0,1.0456,143160.19,in_range,0.1,14316.02,157476.21,5.06,2.64,2021-03-09,2023-08-10,4,Strong,Radford All Country,No,unmatched,No FJC Radford code available for market join.,,,,,,,,,,,,,,
SYN00795,Peyton Reed,United States of America,California,Z3,Job Code: JC101289,Account Manager IV,,IC4,119280.0,136911.0,178920.0,0.8712,119280.0,in_range,0.1,11928.0,131208.0,4.99,4.15,2021-04-13,2022-02-04,4,Strong,Radford All Country,No,unmatched,No FJC Radford code available for market join.,,,,,,,,,,,,,,
SYN00796,Tatum Reed,United States of America,Colorado,Z3,Job Code: JC101289,Account Manager IV,,IC4,119280.0,136911.0,178920.0,0.9275,126991.45,in_range,0.1,12699.15,139690.6,4.12,1.58,2022-03-01,2024-09-07,2,Developing,Radford All Country,No,unmatched,No FJC Radford code available for market join.,,,,,,,,,,,,,,
SYN00797,Micah Reed,United States of America,California,Z3,Job Code: JC101289,Account Manager IV,,IC4,119280.0,136911.0,178920.0,1.1499,157436.05,in_range,0.1,15743.6,173179.65,3.1,1.59,2023-02-26,2024-08-27,4,Strong,Radford All Country,No,unmatched,No FJC Radford code available for market join.,,,,,,,,,,,,,,
SYN00798,Robin Reed,United States of America,California,Z3,Job Code: JC101289,Account Manager IV,,IC4,119280.0,136911.0,178920.0,0.9404,128756.92,in_range,0.1,12875.69,141632.61,3.67,2.94,2022-08-09,2023-04-24,4,Strong,Radford All Country,No,unmatched,No FJC Radford code available for market join.,,,,,,,,,,,,,,
SYN00799,Devon Reed,United States of America,California,Z3,Job Code: JC101294,Senior Manager Account Management,,M2,149904.0,169536.0,224855.0,1.149,194800.8,in_range,0.2,38960.16,233760.96,2.72,1.57,2023-07-14,2024-09-11,3,Solid,Radford All Country,No,unmatched,No FJC Radford code available for market join.,,,,,,,,,,,,,,
SYN00800,Sawyer Reed,United States of America,Colorado,Z3,Job Code: JC101294,Senior Manager Account Management,,M2,149904.0,169536.0,224855.0,1.1686,198117.61,in_range,0.2,39623.52,237741.13,3.24,2.01,2023-01-10,2024-03-29,3,Solid,Radford All Country,No,unmatched,No FJC Radford code available for market join.,,,,,,,,,,,,,,
SYN00801,Charlie Reed,United States of America,Illinois,Z3,Job Code: JC101298,Customer Solutions Architect IV,,IC4,171072.0,187110.0,256608.0,0.959,179432.67,in_range,0.1,17943.27,197375.93,3.11,1.7,2023-02-24,2024-08-01,4,Strong,Radford All Country,No,unmatched,No FJC Radford code available for market join.,,,,,,,,,,,,,,
SYN00802,Remy Reed,United States of America,California,Z3,Job Code: JC101298,Customer Solutions Architect IV,,IC4,171072.0,187110.0,256608.0,0.9352,174988.73,in_range,0.1,17498.87,192487.6,4.23,2.2,2022-01-15,2024-01-20,3,Solid,Radford All Country,No,unmatched,No FJC Radford code available for market join.,,,,,,,,,,,,,,
SYN00803,Shawn Reed,United States of America,California,Z3,Job Code: JC101314,Senior Manager Project/Programs(Admin) Management,,M2,180800.0,226000.0,271200.0,1.05,237300.0,in_range,0.2,47460.0,284760.0,2.99,2.09,2023-04-07,2024-02-29,5,High,Radford All Country,No,unmatched,No FJC Radford code available for market join.,,,,,,,,,,,,,,
SYN00804,Noel Reed,United States of America,California,Z3,Job Code: JC101316,Escalations Manager IV,,IC4,141531.0,176914.0,212297.0,0.88,155684.32,in_range,0.1,15568.43,171252.75,4.07,1.9,2022-03-19,2024-05-07,3,Solid,Radford All Country,No,unmatched,No FJC Radford code available for market join.,,,,,,,,,,,,,,
SYN00805,Aubrey Reed,United States of America,California,Z3,Job Code: JC101317,Escalations Manager V,,IC5,174827.0,191217.5,262240.0,0.94,179744.45,in_range,0.15,26961.67,206706.12,4.28,1.75,2021-12-27,2024-07-07,4,Strong,Radford All Country,No,unmatched,No FJC Radford code available for market join.,,,,,,,,,,,,,,
SYN00806,Bailey Reed,United States of America,New Jersey,Z3,Job Code: JC101324,Chief Engineering Officer,,E3,377500.0,471875.0,566250.0,0.99,467156.25,in_range,0.0,0.0,467156.25,3.4,3.4,2022-11-17,2022-11-14,3,Solid,Radford All Country,No,unmatched,No FJC Radford code available for market join.,,,,,,,,,,,,,,
SYN00807,Jules Reed,United States of America,Colorado,Z3,Job Code: JC100370,Marketing Specialist V,MK.GLMF.P5,IC5,174359.0,217948.5,261538.0,0.8932,194663.51,in_range,0.15,29199.53,223863.04,4.07,2.44,2022-03-09,2023-11-04,3,Solid,Radford All Country,Yes,exact_us_zone,US row matched using country + zone + Radford job code.,United States - Z3,Z3 US,United States - TS 100M - 1B Rev Z2 US,U.S. Dollars - USD,MK.GLMF.P5,General - Multi-Focus - Expert (P5),,,,,186467.0,204560.0,210000.0,235931.0
SYN00809,Marlowe Reed,United States of America,California,Z3,Job Code: JC100975,Scaled Customer Success Manager III,SA.CRCS.P3,IC3,122282.0,127604.5,171207.0,0.9583,122282.0,in_range,0.1,12228.2,134510.2,3.91,2.96,2022-05-03,2023-04-19,4,Strong,Radford All Country,Yes,exact_us_zone,US row matched using country + zone + Radford job code.,United States - Z3,Z3 US,United States - TS 100M - 1B Rev Z2 US,U.S. Dollars - USD,SA.CRCS.P3,Customer Relationship Management - Customer Success - Career (P3),,,,,113300.0,122888.0,128000.0,139340.0
SYN00810,Adrian Reed,United States of America,California,Z3,Job Code: JC100507,Sales Operations Analyst IV,SA.OPSO.P4,IC4,150573.0,164689.0,225859.0,1.045,172103.62,in_range,0.1,17210.36,189313.98,4.7,2.91,2021-07-29,2023-05-06,4,Strong,Radford All Country,Yes,exact_us_zone,US row matched using country + zone + Radford job code.,United States - Z3,Z3 US,United States - TS 100M - 1B Rev Z2 US,U.S. Dollars - USD,SA.OPSO.P4,Operations / Sales Support - Sales Operations - Advanced (P4),,,,,161300.0,175000.0,184151.0,201160.0
SYN00811,Eden Reed,United States of America,Oregon,Z3,Job Code: JC100018,Business Development Rep I,SA.ISTL.P1,IC1,25.0,29.0,36.0,0.988,28.65,in_range,0.0,0.0,28.65,0.4,0.4,2025-11-18,2025-11-14,3,Solid,Radford All Country,No,unmatched,No match found on expected US country/zone + Radford job code.,,,,,,,,,,,,,,
SYN00812,Jesse Reed,United States of America,Texas,Z3,Job Code: JC100420,Professional Services V,TC.TSMF.P5,IC5,219407.0,239976.0,329110.0,0.9467,227184.79,in_range,0.15,34077.72,261262.51,4.09,1.58,2022-03-11,2024-09-02,4,Strong,Radford All Country,Yes,exact_us_zone,US row matched using country + zone + Radford job code.,United States - Z3,Z3 US,United States - TS 100M - 1B Rev Z2 US,U.S. Dollars - USD,TC.TSMF.P5,IT Solutions Consulting - Multi-Focus - Expert (P5),,,,,195810.0,203050.0,215150.0,251152.0
SYN00813,Lane Reed,United States of America,Colorado,Z3,Job Code: JC100129,Director Enterprise Sales,SA.FSDS.M5,D1,194312.0,225031.0,291468.0,0.8635,194312.0,in_range,0.25,48578.0,242890.0,3.07,3.07,2023-03-16,2023-03-08,3,Solid,Radford All Country,Yes,exact_us_zone,US row matched using country + zone + Radford job code.,United States - Z3,Z3 US,United States - TS 100M - 1B Rev Z2 US,U.S. Dollars - USD,SA.FSDS.M5,Field Sales - Sales Account Management - Direct Sales - Director (M5),,,,,199699.0,212500.0,220500.0,243126.0
SYN00814,Shiloh Reed,United States of America,California,Z3,Job Code: JC100088,Customer Support Engineer III,CS.FSTS.P3,IC3,111714.0,120655.0,156410.0,0.9583,115619.22,in_range,0.1,11561.92,127181.14,3.83,2.9,2022-06-08,2023-05-19,4,Strong,Radford All Country,Yes,exact_us_zone,US row matched using country + zone + Radford job code.,United States - Z3,Z3 US,United States - TS 100M - 1B Rev Z2 US,U.S. Dollars - USD,CS.FSTS.P3,Field Support - Technical Support Engineering - Career (P3),,,,,113000.0,120127.0,131082.0,151875.0
SYN00815,Teagan Reed,United States of America,Colorado,Z3,Job Code: JC100334,Manager Sales Engineering Enterprise,SA.ASRS.M3,M1,176671.0,198755.0,265007.0,0.8675,172428.02,below_min,0.2,34485.6,206913.62,4.25,2.51,2022-01-04,2023-09-28,3,Solid,Radford All Country,Yes,exact_us_zone,US row matched using country + zone + Radford job code.,United States - Z3,Z3 US,United States - TS 100M - 1B Rev Z2 US,U.S. Dollars - USD,SA.ASRS.M3,Applications / Systems Engineering - Pre-Sales - Sales Plan - Manager (M3),,,,,196000.0,199625.0,201801.0,210316.0
SYN00816,Ari Reed,United States of America,California,Z3,Job Code: JC100519,Security Engineer IV,EN.SOPS.P4,IC4,196033.0,214236.0,294050.0,0.915,196033.0,in_range,0.1,19603.3,215636.3,3.82,1.85,2022-06-09,2024-06-06,3,Solid,Radford All Country,Yes,exact_us_zone,US row matched using country + zone + Radford job code.,United States - Z3,Z3 US,United States - TS 100M - 1B Rev Z2 US,U.S. Dollars - USD,EN.SOPS.P4,Software - Product / Application Security Engineering - Advanced (P4),,,,,230000.0,239817.0,247285.0,259880.0
SYN00817,Milan Reed,United States of America,California,Z3,Job Code: JC100129,Director Enterprise Sales,SA.FSDS.M5,D1,194312.0,225031.0,291468.0,1.0731,241475.75,in_range,0.25,60368.94,301844.69,2.31,1.56,2023-12-13,2024-09-21,4,Strong,Radford All Country,Yes,exact_us_zone,US row matched using country + zone + Radford job code.,United States - Z3,Z3 US,United States - TS 100M - 1B Rev Z2 US,U.S. Dollars - USD,SA.FSDS.M5,Field Sales - Sales Account Management - Direct Sales - Director (M5),,,,,199699.0,212500.0,220500.0,243126.0
SYN00818,Nico Reed,United States of America,California,Z3,Job Code: JC100283,Manager Commercial Sales,SA.FSDS.M3,M1,106970.0,120447.5,160455.0,1.03,124060.93,in_range,0.2,24812.19,148873.11,4.29,3.68,2021-12-20,2022-07-28,3,Solid,Radford All Country,Yes,exact_us_zone,US row matched using country + zone + Radford job code.,United States - Z3,Z3 US,United States - TS 100M - 1B Rev Z2 US,U.S. Dollars - USD,SA.FSDS.M3,Field Sales - Sales Account Management - Direct Sales - Manager (M3),,,,,146581.0,151885.0,160575.0,187500.0
SYN00819,Aisha Reed,United States of America,Colorado,Z3,Job Code: JC100593,Senior Manager Accounting,FI.ACGA.M4,M2,172060.0,215075.0,258090.0,0.9,193567.5,in_range,0.2,38713.5,232281.0,5.09,3.73,2021-03-04,2022-07-18,3,Solid,Radford All Country,Yes,exact_us_zone,US row matched using country + zone + Radford job code.,United States - Z3,Z3 US,United States - TS 100M - 1B Rev Z2 US,U.S. Dollars - USD,FI.ACGA.M4,Accounting - General Accounting - Sr Manager (M4),,,,,184652.0,195420.0,198512.0,208618.0
SYN00821,Leah Reed,United States of America,California,Z3,Job Code: JC101277,Product Support Partner II,SA.CRCS.P2,IC2,107996.0,113400.0,151204.0,0.9523,107996.0,in_range,0.1,10799.6,118795.6,2.69,1.86,2023-08-03,2024-05-28,3,Solid,Radford All Country,Yes,exact_us_zone,US row matched using country + zone + Radford job code.,United States - Z3,Z3 US,United States - TS 100M - 1B Rev Z2 US,U.S. Dollars - USD,SA.CRCS.P2,Customer Relationship Management - Customer Success - Developing (P2),,,,,92227.0,100000.0,104750.0,114050.0
SYN00822,Sophia Reed,United States of America,Colorado,Z3,Job Code: JC100030,Commercial Sales Rep IV,SA.FSDN.P4,IC4,92552.0,111129.0,138828.0,0.9346,103857.71,in_range,0.1,10385.77,114243.48,1.61,1.2,2024-09-02,2025-01-17,3,Solid,Radford All Country,Yes,exact_us_zone,US row matched using country + zone + Radford job code.,United States - Z3,Z3 US,United States - TS 100M - 1B Rev Z2 US,U.S. Dollars - USD,SA.FSDN.P4,Field Sales - Sales Account Management - Direct Sales - New Accounts - Advanced (P4),,,,,150000.0,160000.0,165000.0,175000.0
SYN00823,Maya Reed,United States of America,California,Z3,Job Code: JC100425,Project/Program (Admin) Manager IV,CB.PMPM.P4,IC4,155038.0,155153.0,232556.0,0.9993,155038.0,in_range,0.1,15503.8,170541.8,4.05,1.88,2022-03-15,2024-05-19,3,Solid,Radford All Country,Yes,exact_us_zone,US row matched using country + zone + Radford job code.,United States - Z3,Z3 US,United States - TS 100M - 1B Rev Z2 US,U.S. Dollars - USD,CB.PMPM.P4,Project Management - Project / Program Management - Advanced (P4),,,,,168200.0,182875.0,190000.0,206003.0
SYN00824,Zoe Reed,United States of America,California,Z3,Job Code: JC100419,Professional Services IV,TC.TSMF.P4,IC4,191981.0,209979.0,287971.0,0.9143,191981.0,in_range,0.1,19198.1,211179.1,3.58,2.77,2022-09-09,2023-07-05,3,Solid,Radford All Country,Yes,exact_us_zone,US row matched using country + zone + Radford job code.,United States - Z3,Z3 US,United States - TS 100M - 1B Rev Z2 US,U.S. Dollars - USD,TC.TSMF.P4,IT Solutions Consulting - Multi-Focus - Advanced (P4),,,,,156457.0,173834.0,182750.0,204168.0
SYN00825,Olivia Reed,United States of America,California,Z3,Job Code: JC101289,Account Manager IV,,IC4,119280.0,136911.0,178920.0,0.9987,136738.42,in_range,0.1,13673.84,150412.26,2.69,1.55,2023-07-29,2024-09-15,,,Radford All Country,No,unmatched,No FJC Radford code available for market join.,,,,,,,,,,,,,,
SYN00826,Emma Reed,United States of America,Oregon,Z3,Job Code: JC100466,SE Commercial IV,,IC4,158878.0,198597.0,238316.0,0.9456,187793.54,in_range,0.1,18779.35,206572.89,3.85,2.55,2022-05-25,2023-09-13,3,Solid,Radford All Country,No,unmatched,No FJC Radford code available for market join.,,,,,,,,,,,,,,
SYN00827,Isabella Reed,United States of America,California,Z3,Job Code: JC100225,Graphic Designer IV,MK.CIDB.P4,IC4,141495.0,176869.0,212243.0,0.88,155644.72,in_range,0.1,15564.47,171209.19,3.14,2.4,2023-02-13,2023-11-13,3,Solid,Radford All Country,Yes,exact_us_zone,US row matched using country + zone + Radford job code.,United States - Z3,Z3 US,United States - TS 100M - 1B Rev Z2 US,U.S. Dollars - USD,MK.CIDB.P4,Creative Services - Graphic Design - Advanced (P4),,,,,167314.0,181400.0,191345.0,208218.0
SYN00828,Mia Reed,United States of America,Kansas,Z3,Job Code: JC100401,Product Manager IV,EN.PGPG.P4,IC4,215424.0,235620.0,323136.0,0.9143,215424.0,in_range,0.1,21542.4,236966.4,4.23,1.57,2022-01-10,2024-09-06,4,Strong,Radford All Country,Yes,exact_us_zone,US row matched using country + zone + Radford job code.,United States - Z3,Z3 US,United States - TS 100M - 1B Rev Z2 US,U.S. Dollars - USD,EN.PGPG.P4,Product Management - Technology Product Management - Advanced (P4),,,,,209950.0,220000.0,228000.0,242621.0
SYN00829,Amelia Reed,United States of America,California,Z3,Job Code: JC100550,Senior Director IT/ Security Management,TE.ICIS.M6,D2,228994.0,254931.5,343491.0,1.08,275326.02,in_range,0.3,82597.81,357923.83,3.12,3.12,2023-02-16,2023-02-18,4,Strong,Radford All Country,Yes,exact_us_zone,US row matched using country + zone + Radford job code.,United States - Z3,Z3 US,United States - TS 100M - 1B Rev Z2 US,U.S. Dollars - USD,TE.ICIS.M6,Information / Cyber Security - Information Security Engineering - Senior Director (M6),,,,,,,,
SYN00830,Charlotte Reed,United States of America,Michigan,Z3,Job Code: JC101289,Account Manager IV,,IC4,119280.0,136911.0,178920.0,0.8712,119280.0,in_range,0.1,11928.0,131208.0,2.8,2.02,2023-06-18,2024-03-29,3,Solid,Radford All Country,No,unmatched,No FJC Radford code available for market join.,,,,,,,,,,,,,,
SYN00831,Lila Reed,United States of America,Alaska,Z3,Job Code: JC100141,Director Legal Counsel,LG.ATGC.M5,D1,228140.0,270087.5,342210.0,1.0327,278929.55,in_range,0.25,69732.39,348661.94,4.13,3.19,2022-02-15,2023-01-28,3,Solid,Radford All Country,No,unmatched,No match found on expected US country/zone + Radford job code.,,,,,,,,,,,,,,
SYN00832,Nora Reed,United States of America,California,Z3,Job Code: JC100018,Business Development Rep I,SA.ISTL.P1,IC1,25.0,29.0,36.0,0.9215,26.72,in_range,0.0,0.0,26.72,0.76,0.76,2025-07-01,2025-07-03,5,High,Radford All Country,No,unmatched,No match found on expected US country/zone + Radford job code.,,,,,,,,,,,,,,
SYN00833,Layla Reed,United States of America,California,Z3,Job Code: JC100709,Talent Operations III,HR.GLGL.P3,IC3,110356.0,132432.5,154509.0,0.91,120513.57,in_range,0.1,12051.36,132564.93,3.91,1.89,2022-05-08,2024-05-15,3,Solid,Radford All Country,Yes,exact_us_zone,US row matched using country + zone + Radford job code.,United States - Z3,Z3 US,United States - TS 100M - 1B Rev Z2 US,U.S. Dollars - USD,HR.GLGL.P3,General - HR Generalist - Career (P3),,,,,116189.0,125200.0,130000.0,146870.0
SYN00834,Hazel Reed,United States of America,Idaho,Z3,Job Code: JC100201,Enterprise Sales Rep V,SA.FSDN.P5,IC5,163363.0,189189.0,245045.0,0.9466,179085.31,in_range,0.15,26862.8,205948.11,3.75,1.81,2022-06-30,2024-06-18,3,Solid,Radford All Country,Yes,exact_us_zone,US row matched using country + zone + Radford job code.,United States - Z3,Z3 US,United States - TS 100M - 1B Rev Z2 US,U.S. Dollars - USD,SA.FSDN.P5,Field Sales - Sales Account Management - Direct Sales - New Accounts - Expert (P5),,,,,170600.0,179687.0,185000.0,207950.0
SYN00835,Aria Reed,United States of America,New York,Z3,Job Code: JC100678,Software Engineer III,EN.SODE.P3,IC3,174915.0,209906.5,244898.0,0.9092,190854.55,in_range,0.1,19085.45,209940.0,3.85,2.13,2022-06-06,2024-02-17,3,Solid,Radford All Country,Yes,exact_us_zone,US row matched using country + zone + Radford job code.,United States - Z3,Z3 US,United States - TS 100M - 1B Rev Z2 US,U.S. Dollars - USD,EN.SODE.P3,Software - Software Development Engineering - Career (P3),,,,,185500.0,195700.0,203700.0,220000.0
SYN00836,Ivy Reed,United States of America,California,Z3,Job Code: JC100539,Senior Director Engineering Programs,TE.PMPI.M6,D2,204135.0,255169.0,306203.0,1.06,270479.14,in_range,0.3,81143.74,351622.88,3.2,3.2,2023-01-28,2023-01-23,4,Strong,Radford All Country,Yes,exact_us_zone,US row matched using country + zone + Radford job code.,United States - Z3,Z3 US,United States - TS 100M - 1B Rev Z2 US,U.S. Dollars - USD,TE.PMPI.M6,Project Management - Project / Program Management - Information Systems - Senior Director (M6),,,,,,,,
SYN00837,Naomi Reed,United States of America,California,Z3,Job Code: JC100680,Software Engineer V,EN.SODE.P5,IC5,232338.0,290422.0,348506.0,0.9803,284708.79,in_range,0.15,42706.32,327415.11,4.25,2.89,2022-01-13,2023-05-22,3,Solid,Radford All Country,Yes,exact_us_zone,US row matched using country + zone + Radford job code.,United States - Z3,Z3 US,United States - TS 100M - 1B Rev Z2 US,U.S. Dollars - USD,EN.SODE.P5,Software - Software Development Engineering - Expert (P5),,,,,246000.0,260000.0,270700.0,296706.0
SYN00838,Elena Reed,United States of America,Colorado,Z3,Job Code: JC100678,Software Engineer III,EN.SODE.P3,IC3,174915.0,209906.5,244898.0,0.8919,187211.34,in_range,0.1,18721.13,205932.47,3.9,1.37,2022-05-08,2024-11-25,4,Strong,Radford All Country,Yes,exact_us_zone,US row matched using country + zone + Radford job code.,United States - Z3,Z3 US,United States - TS 100M - 1B Rev Z2 US,U.S. Dollars - USD,EN.SODE.P3,Software - Software Development Engineering - Career (P3),,,,,185500.0,195700.0,203700.0,220000.0
SYN00839,Lucy Reed,United States of America,California,Z3,Job Code: JC100201,Enterprise Sales Rep V,SA.FSDN.P5,IC5,163363.0,189189.0,245045.0,0.897,169705.47,in_range,0.15,25455.82,195161.29,5.3,2.26,2020-12-15,2023-12-30,3,Solid,Radford All Country,Yes,exact_us_zone,US row matched using country + zone + Radford job code.,United States - Z3,Z3 US,United States - TS 100M - 1B Rev Z2 US,U.S. Dollars - USD,SA.FSDN.P5,Field Sales - Sales Account Management - Direct Sales - New Accounts - Expert (P5),,,,,170600.0,179687.0,185000.0,207950.0
SYN00840,Stella Reed,United States of America,California,Z3,Job Code: JC100029,Commercial Sales Rep III,SA.FSDN.P3,IC3,76752.0,92106.0,107460.0,0.8861,81611.99,in_range,0.1,8161.2,89773.19,2.83,2.27,2023-06-09,2023-12-31,3,Solid,Radford All Country,Yes,exact_us_zone,US row matched using country + zone + Radford job code.,United States - Z3,Z3 US,United States - TS 100M - 1B Rev Z2 US,U.S. Dollars - USD,SA.FSDN.P3,Field Sales - Sales Account Management - Direct Sales - New Accounts - Career (P3),,,,,112000.0,123875.0,134200.0,150620.0
SYN00841,Grace Reed,United States of America,California,Z3,Job Code: JC100455,SDET Engineer IV,EN.SODE.P4,IC4,186717.0,233396.5,280076.0,1.2373,288769.96,above_max,0.1,28877.0,317646.96,4.43,1.7,2021-11-08,2024-07-24,3,Solid,Radford All Country,Yes,exact_us_zone,US row matched using country + zone + Radford job code.,United States - Z3,Z3 US,United States - TS 100M - 1B Rev Z2 US,U.S. Dollars - USD,EN.SODE.P4,Software - Software Development Engineering - Advanced (P4),,,,,214795.0,226800.0,235000.0,251619.0
SYN00842,Hannah Reed,United States of America,California,Z3,Job Code: JC100747,"VP, Global Services",CS.GLMF.E1,VP1,218677.0,273346.0,328015.0,0.7221,197382.74,below_min,0.35,69083.96,266466.7,6.52,6.52,2019-10-02,2019-09-25,3,Solid,Radford All Country,Yes,exact_us_zone,US row matched using country + zone + Radford job code.,United States - Z3,Z3 US,United States - TS 100M - 1B Rev Z2 US,U.S. Dollars - USD,CS.GLMF.E1,General - Customer Service / Support - Executive - Executive 1 (E1),,,,,300233.0,,,
SYN00843,Violet Reed,United States of America,Colorado,Z3,Job Code: JC100090,Customer Support Engineer V,CS.FSTS.P5,IC5,158933.0,198666.5,238400.0,0.9198,182737.17,in_range,0.15,27410.58,210147.74,3.63,1.99,2022-08-26,2024-04-09,3,Solid,Radford All Country,Yes,exact_us_zone,US row matched using country + zone + Radford job code.,United States - Z3,Z3 US,United States - TS 100M - 1B Rev Z2 US,U.S. Dollars - USD,CS.FSTS.P5,Field Support - Technical Support Engineering - Expert (P5),,,,,164796.0,174246.0,180000.0,211849.0
SYN00844,Luna Reed,United States of America,California,Z3,Job Code: JC100680,Software Engineer V,EN.SODE.P5,IC5,232338.0,290422.0,348506.0,0.9303,270171.94,in_range,0.15,40525.79,310697.74,3.02,1.86,2023-03-28,2024-06-01,3,Solid,Radford All Country,Yes,exact_us_zone,US row matched using country + zone + Radford job code.,United States - Z3,Z3 US,United States - TS 100M - 1B Rev Z2 US,U.S. Dollars - USD,EN.SODE.P5,Software - Software Development Engineering - Expert (P5),,,,,246000.0,260000.0,270700.0,296706.0
SYN00845,Evelyn Reed,United States of America,Connecticut,Z3,Job Code: JC100401,Product Manager IV,EN.PGPG.P4,IC4,215424.0,235620.0,323136.0,0.9143,215424.0,in_range,0.1,21542.4,236966.4,3.48,1.42,2022-10-11,2024-11-06,2,Developing,Radford All Country,Yes,exact_us_zone,US row matched using country + zone + Radford job code.,United States - Z3,Z3 US,United States - TS 100M - 1B Rev Z2 US,U.S. Dollars - USD,EN.PGPG.P4,Product Management - Technology Product Management - Advanced (P4),,,,,209950.0,220000.0,228000.0,242621.0
SYN00846,Benjamin Reed,United States of America,Colorado,Z3,Job Code: JC100654,Senior Manager Software Engineering,EN.SODE.M4,M2,240901.0,301126.5,361352.0,1.0908,328478.64,in_range,0.2,65695.73,394174.37,2.46,1.75,2023-10-15,2024-07-08,4,Strong,Radford All Country,Yes,exact_us_zone,US row matched using country + zone + Radford job code.,United States - Z3,Z3 US,United States - TS 100M - 1B Rev Z2 US,U.S. Dollars - USD,EN.SODE.M4,Software - Software Development Engineering - Sr Manager (M4),,,,,261000.0,275000.0,285600.0,309960.0
SYN00847,Liam Reed,United States of America,New Jersey,Z3,Job Code: JC100543,Senior Director Financial Planning/Analysis,FI.ACFP.M6,D2,221116.0,276395.0,331674.0,1.0256,283470.39,in_range,0.3,85041.12,368511.51,3.18,3.18,2023-01-30,2023-01-26,3,Solid,Radford All Country,Yes,exact_us_zone,US row matched using country + zone + Radford job code.,United States - Z3,Z3 US,United States - TS 100M - 1B Rev Z2 US,U.S. Dollars - USD,FI.ACFP.M6,Accounting - Financial Planning & Analysis - Senior Director (M6),,,,,269000.0,282650.0,290350.0,304160.0
SYN00848,Noah Reed,United States of America,New Hampshire,Z3,Job Code: JC100739,UI/UX Product Designer V,EN.UUUD.P5,IC5,195296.0,244120.0,292944.0,1.0341,252436.25,in_range,0.15,37865.44,290301.69,3.79,1.38,2022-06-21,2024-11-16,3,Solid,Radford All Country,Yes,exact_us_zone,US row matched using country + zone + Radford job code.,United States - Z3,Z3 US,United States - TS 100M - 1B Rev Z2 US,U.S. Dollars - USD,EN.UUUD.P5,User Interface / User Experience (UI / UX) - UI / UX Design - Expert (P5),,,,,207262.0,222078.0,234800.0,257947.0
SYN00849,Ethan Reed,United States of America,California,Z3,Job Code: JC100030,Commercial Sales Rep IV,SA.FSDN.P4,IC4,92552.0,111129.0,138828.0,1.1629,129236.84,in_range,0.1,12923.68,142160.53,3.97,1.35,2022-04-14,2024-11-24,3,Solid,Radford All Country,Yes,exact_us_zone,US row matched using country + zone + Radford job code.,United States - Z3,Z3 US,United States - TS 100M - 1B Rev Z2 US,U.S. Dollars - USD,SA.FSDN.P4,Field Sales - Sales Account Management - Direct Sales - New Accounts - Advanced (P4),,,,,150000.0,160000.0,165000.0,175000.0
SYN00850,Mason Reed,United States of America,Pennsylvania,Z3,Job Code: JC100680,Software Engineer V,EN.SODE.P5,IC5,232338.0,290422.0,348506.0,0.9386,272601.65,in_range,0.15,40890.25,313491.9,4.26,2.17,2022-01-01,2024-02-02,3,Solid,Radford All Country,Yes,exact_us_zone,US row matched using country + zone + Radford job code.,United States - Z3,Z3 US,United States - TS 100M - 1B Rev Z2 US,U.S. Dollars - USD,EN.SODE.P5,Software - Software Development Engineering - Expert (P5),,,,,246000.0,260000.0,270700.0,296706.0
SYN00851,Lucas Reed,United States of America,Michigan,Z3,Job Code: JC100370,Marketing Specialist V,MK.GLMF.P5,IC5,174359.0,217948.5,261538.0,0.8951,195079.09,in_range,0.15,29261.86,224340.96,2.88,1.38,2023-05-18,2024-11-23,3,Solid,Radford All Country,Yes,exact_us_zone,US row matched using country + zone + Radford job code.,United States - Z3,Z3 US,United States - TS 100M - 1B Rev Z2 US,U.S. Dollars - USD,MK.GLMF.P5,General - Multi-Focus - Expert (P5),,,,,186467.0,204560.0,210000.0,235931.0
SYN00852,Elijah Reed,United States of America,New York,Z3,Job Code: JC100195,Enterprise Data Architect V,TE.DADA.P5,IC5,187434.0,234292.5,281151.0,1.0446,244739.73,in_range,0.15,36710.96,281450.69,3.19,1.83,2023-01-23,2024-06-10,5,High,Radford All Country,Yes,exact_us_zone,US row matched using country + zone + Radford job code.,United States - Z3,Z3 US,United States - TS 100M - 1B Rev Z2 US,U.S. Dollars - USD,TE.DADA.P5,Data Management & Analytics - Data Analytics - Expert (P5),,,,,211068.0,229339.0,240000.0,251600.0
SYN00853,James Reed,United States of America,Colorado,Z3,Job Code: JC100029,Commercial Sales Rep III,SA.FSDN.P3,IC3,76752.0,92106.0,107460.0,0.8816,81196.44,in_range,0.1,8119.64,89316.08,4.35,3.03,2021-11-24,2023-03-23,3,Solid,Radford All Country,Yes,exact_us_zone,US row matched using country + zone + Radford job code.,United States - Z3,Z3 US,United States - TS 100M - 1B Rev Z2 US,U.S. Dollars - USD,SA.FSDN.P3,Field Sales - Sales Account Management - Direct Sales - New Accounts - Career (P3),,,,,112000.0,123875.0,134200.0,150620.0
SYN00854,Henry Reed,United States of America,California,Z3,Job Code: JC100096,Data Analyst V,TE.DADA.P5,IC5,178493.0,223116.0,267739.0,0.8637,192704.66,in_range,0.15,28905.7,221610.36,3.22,1.56,2023-01-15,2024-09-08,4,Strong,Radford All Country,Yes,exact_us_zone,US row matched using country + zone + Radford job code.,United States - Z3,Z3 US,United States - TS 100M - 1B Rev Z2 US,U.S. Dollars - USD,TE.DADA.P5,Data Management & Analytics - Data Analytics - Expert (P5),,,,,211068.0,229339.0,240000.0,251600.0
SYN00855,Alexander Reed,United States of America,Colorado,Z3,Job Code: JC100029,Commercial Sales Rep III,SA.FSDN.P3,IC3,76752.0,92106.0,107460.0,0.8551,78758.4,in_range,0.1,7875.84,86634.24,3.41,2.6,2022-11-08,2023-08-27,4,Strong,Radford All Country,Yes,exact_us_zone,US row matched using country + zone + Radford job code.,United States - Z3,Z3 US,United States - TS 100M - 1B Rev Z2 US,U.S. Dollars - USD,SA.FSDN.P3,Field Sales - Sales Account Management - Direct Sales - New Accounts - Career (P3),,,,,112000.0,123875.0,134200.0,150620.0
SYN00856,Daniel Reed,United States of America,North Carolina,Z3,Job Code: JC101058,Sales Engineer Specialist VI,SA.ASRS.P6,IC6,226511.0,283139.0,339767.0,0.9342,264519.69,in_range,0.2,52903.94,317423.63,5.09,3.99,2021-02-28,2022-04-10,3,Solid,Radford All Country,Yes,exact_us_zone,US row matched using country + zone + Radford job code.,United States - Z3,Z3 US,United States - TS 100M - 1B Rev Z2 US,U.S. Dollars - USD,SA.ASRS.P6,Applications / Systems Engineering - Pre-Sales - Sales Plan - Principal (P6),,,,,200363.0,225950.0,239505.0,284735.0
SYN00857,Samuel Reed,United States of America,California,Z3,Job Code: JC100420,Professional Services V,TC.TSMF.P5,IC5,219407.0,239976.0,329110.0,1.0345,248257.03,in_range,0.15,37238.56,285495.59,2.81,1.51,2023-06-10,2024-10-08,4,Strong,Radford All Country,Yes,exact_us_zone,US row matched using country + zone + Radford job code.,United States - Z3,Z3 US,United States - TS 100M - 1B Rev Z2 US,U.S. Dollars - USD,TC.TSMF.P5,IT Solutions Consulting - Multi-Focus - Expert (P5),,,,,195810.0,203050.0,215150.0,251152.0
SYN00858,Owen Reed,United States of America,Georgia,Z3,Job Code: JC101289,Account Manager IV,,IC4,119280.0,136911.0,178920.0,1.0353,141744.93,in_range,0.1,14174.49,155919.43,3.28,2.16,2023-01-01,2024-02-05,3,Solid,Radford All Country,No,unmatched,No FJC Radford code available for market join.,,,,,,,,,,,,,,
SYN00859,Jack Reed,United States of America,California,Z3,Job Code: JC100454,SDET Engineer III,EN.SODE.P3,IC3,165257.0,173385.5,231376.0,0.9531,165257.0,in_range,0.1,16525.7,181782.7,3.34,2.67,2022-12-02,2023-08-13,3,Solid,Radford All Country,Yes,exact_us_zone,US row matched using country + zone + Radford job code.,United States - Z3,Z3 US,United States - TS 100M - 1B Rev Z2 US,U.S. Dollars - USD,EN.SODE.P3,Software - Software Development Engineering - Career (P3),,,,,185500.0,195700.0,203700.0,220000.0
SYN00860,Julian Reed,United States of America,California,Z3,Job Code: JC100141,Director Legal Counsel,LG.ATGC.M5,D1,228140.0,270087.5,342210.0,1.0926,295086.49,in_range,0.25,73771.62,368858.11,2.56,1.26,2023-09-12,2025-01-05,3,Solid,Radford All Country,No,unmatched,No match found on expected US country/zone + Radford job code.,,,,,,,,,,,,,,
SYN00861,Leo Reed,United States of America,Illinois,Z3,Job Code: JC100679,Software Engineer IV,EN.SODE.P4,IC4,196033.0,245041.5,294050.0,1.0305,252517.31,in_range,0.1,25251.73,277769.04,2.63,1.71,2023-08-23,2024-07-22,4,Strong,Radford All Country,Yes,exact_us_zone,US row matched using country + zone + Radford job code.,United States - Z3,Z3 US,United States - TS 100M - 1B Rev Z2 US,U.S. Dollars - USD,EN.SODE.P4,Software - Software Development Engineering - Advanced (P4),,,,,214795.0,226800.0,235000.0,251619.0
SYN00862,Isaac Reed,United States of America,California,Z3,Job Code: JC100095,Data Analyst IV,TE.DADA.P4,IC4,156082.0,195102.5,234123.0,0.876,170911.33,in_range,0.1,17091.13,188002.47,3.91,2.26,2022-05-17,2023-12-30,4,Strong,Radford All Country,Yes,exact_us_zone,US row matched using country + zone + Radford job code.,United States - Z3,Z3 US,United States - TS 100M - 1B Rev Z2 US,U.S. Dollars - USD,TE.DADA.P4,Data Management & Analytics - Data Analytics - Advanced (P4),,,,,175000.0,188818.0,191759.0,215400.0
SYN00863,Sebastian Reed,United States of America,California,Z3,Job Code: JC100201,Enterprise Sales Rep V,SA.FSDN.P5,IC5,163363.0,189189.0,245045.0,0.8924,168825.34,in_range,0.15,25323.8,194149.14,2.4,1.53,2023-11-19,2024-09-27,2,Developing,Radford All Country,Yes,exact_us_zone,US row matched using country + zone + Radford job code.,United States - Z3,Z3 US,United States - TS 100M - 1B Rev Z2 US,U.S. Dollars - USD,SA.FSDN.P5,Field Sales - Sales Account Management - Direct Sales - New Accounts - Expert (P5),,,,,170600.0,179687.0,185000.0,207950.0
SYN00864,Caleb Reed,United States of America,Colorado,Z3,Job Code: JC100680,Software Engineer V,EN.SODE.P5,IC5,232338.0,290422.0,348506.0,0.8883,257976.12,in_range,0.15,38696.42,296672.54,5.36,2.71,2020-11-27,2023-07-16,4,Strong,Radford All Country,Yes,exact_us_zone,US row matched using country + zone + Radford job code.,United States - Z3,Z3 US,United States - TS 100M - 1B Rev Z2 US,U.S. Dollars - USD,EN.SODE.P5,Software - Software Development Engineering - Expert (P5),,,,,246000.0,260000.0,270700.0,296706.0
SYN00865,Avery Murphy,United States of America,California,Z3,Job Code: JC100868,Business Development Enterprise Rep I,SA.ISTL.S1,IC1,30.0,36.0,43.0,0.9858,35.49,in_range,0.0,0.0,35.49,0.67,0.67,2025-07-31,2025-08-02,3,Solid,Radford All Country,Yes,exact_us_zone,US row matched using country + zone + Radford job code.,United States - Z3,Z3 US,United States - TS 100M - 1B Rev Z2 US,U.S. Dollars - USD,SA.ISTL.S1,Inside Sales / Telemarketing - Lead Development - Entry (S1),,,,,56056.0,60002.0,60008.0,65000.0
SYN00866,Jordan Murphy,United States of America,California,Z3,Job Code: JC100201,Enterprise Sales Rep V,SA.FSDN.P5,IC5,163363.0,189189.0,245045.0,0.9819,185769.69,in_range,0.15,27865.45,213635.15,1.76,1.42,2024-07-02,2024-11-06,4,Strong,Radford All Country,Yes,exact_us_zone,US row matched using country + zone + Radford job code.,United States - Z3,Z3 US,United States - TS 100M - 1B Rev Z2 US,U.S. Dollars - USD,SA.FSDN.P5,Field Sales - Sales Account Management - Direct Sales - New Accounts - Expert (P5),,,,,170600.0,179687.0,185000.0,207950.0
SYN00868,Morgan Murphy,United States of America,Colorado,Z3,Job Code: JC100209,Executive Assistant IV,CB.ADEA.P4,IC4,134204.0,167755.0,201306.0,0.9187,154117.08,in_range,0.1,15411.71,169528.79,4.43,2.64,2021-11-06,2023-08-21,3,Solid,Radford All Country,Yes,exact_us_zone,US row matched using country + zone + Radford job code.,United States - Z3,Z3 US,United States - TS 100M - 1B Rev Z2 US,U.S. Dollars - USD,CB.ADEA.P4,Administrative Support - Executive Assistant - Advanced (P4),,,,,160000.0,169983.0,176738.0,194922.0
SYN00869,Cameron Murphy,United States of America,Colorado,Z3,Job Code: JC100953,Systems Engineer V,TE.ISIS.P5,IC5,202787.0,253483.5,304180.0,1.0097,255943.29,in_range,0.15,38391.49,294334.78,4.66,2.66,2021-08-05,2023-08-06,3,Solid,Radford All Country,No,unmatched,No match found on expected US country/zone + Radford job code.,,,,,,,,,,,,,,
SYN00870,Riley Murphy,United States of America,California,Z3,Job Code: JC100679,Software Engineer IV,EN.SODE.P4,IC4,196033.0,245041.5,294050.0,0.948,232293.78,in_range,0.1,23229.38,255523.16,3.13,2.11,2023-02-12,2024-02-29,3,Solid,Radford All Country,Yes,exact_us_zone,US row matched using country + zone + Radford job code.,United States - Z3,Z3 US,United States - TS 100M - 1B Rev Z2 US,U.S. Dollars - USD,EN.SODE.P4,Software - Software Development Engineering - Advanced (P4),,,,,214795.0,226800.0,235000.0,251619.0
SYN00871,Parker Murphy,United States of America,California,Z3,Job Code: JC100959,Executive Assistant V,,IC5,151072.0,167632.5,226608.0,1.0543,176728.68,in_range,0.15,26509.3,203237.98,3.87,3.34,2022-05-29,2022-12-11,3,Solid,Radford All Country,No,unmatched,No FJC Radford code available for market join.,,,,,,,,,,,,,,
SYN00872,Quinn Murphy,United States of America,New York,Z3,Job Code: JC100220,"Governance, Risk and Compliance IV",CB.BRRC.P4,IC4,158707.0,198383.5,238060.0,0.9,178545.15,in_range,0.1,17854.51,196399.66,0.38,0.38,2025-11-26,2025-11-13,3,Solid,Radford All Country,No,unmatched,No match found on expected US country/zone + Radford job code.,,,,,,,,,,,,,,
SYN00873,Hayden Murphy,United States of America,Ohio,Z3,Job Code: JC101277,Product Support Partner II,SA.CRCS.P2,IC2,107996.0,113400.0,151204.0,0.9523,107996.0,in_range,0.1,10799.6,118795.6,0.56,0.56,2025-09-12,2025-09-14,3,Solid,Radford All Country,Yes,exact_us_zone,US row matched using country + zone + Radford job code.,United States - Z3,Z3 US,United States - TS 100M - 1B Rev Z2 US,U.S. Dollars - USD,SA.CRCS.P2,Customer Relationship Management - Customer Success - Developing (P2),,,,,92227.0,100000.0,104750.0,114050.0
SYN00874,Rowan Murphy,United States of America,California,Z3,Job Code: JC100409,Product Marketing Manager VI,MK.PIPM.P6,IC6,188788.0,235985.0,283182.0,1.1334,267468.13,in_range,0.2,53493.63,320961.76,4.69,1.86,2021-07-29,2024-06-01,3,Solid,Radford All Country,Yes,exact_us_zone,US row matched using country + zone + Radford job code.,United States - Z3,Z3 US,United States - TS 100M - 1B Rev Z2 US,U.S. Dollars - USD,MK.PIPM.P6,Product Marketing - Product Marketing - Principal (P6),,,,,244400.0,252426.0,255000.0,
SYN00875,Casey Murphy,United States of America,Texas,Z3,Job Code: JC100418,Professional Services III,TC.TSMF.P3,IC3,163135.0,171299.5,228405.0,0.8096,138681.29,below_min,0.1,13868.13,152549.42,3.27,2.31,2022-12-23,2023-12-20,3,Solid,Radford All Country,Yes,exact_us_zone,US row matched using country + zone + Radford job code.,United States - Z3,Z3 US,United States - TS 100M - 1B Rev Z2 US,U.S. Dollars - USD,TC.TSMF.P3,IT Solutions Consulting - Multi-Focus - Career (P3),,,,,125613.0,144000.0,147162.0,165000.0
SYN00876,Alex Murphy,United States of America,California,Z3,Job Code: JC101045,Deal Desk Rep III,SA.OPDD.P3,IC3,119641.0,124848.0,167509.0,0.99,123599.52,in_range,0.1,12359.95,135959.47,2.82,2.1,2023-06-09,2024-02-24,3,Solid,Radford All Country,Yes,exact_us_zone,US row matched using country + zone + Radford job code.,United States - Z3,Z3 US,United States - TS 100M - 1B Rev Z2 US,U.S. Dollars - USD,SA.OPDD.P3,Operations / Sales Support - Deal Desk - Career (P3),,,,,110125.0,113050.0,123125.0,136438.0
SYN00877,Jamie Murphy,United States of America,Colorado,Z3,Job Code: JC100420,Professional Services V,TC.TSMF.P5,IC5,219407.0,239976.0,329110.0,0.9257,222134.42,in_range,0.15,33320.16,255454.58,2.52,1.79,2023-10-06,2024-06-28,4,Strong,Radford All Country,Yes,exact_us_zone,US row matched using country + zone + Radford job code.,United States - Z3,Z3 US,United States - TS 100M - 1B Rev Z2 US,U.S. Dollars - USD,TC.TSMF.P5,IT Solutions Consulting - Multi-Focus - Expert (P5),,,,,195810.0,203050.0,215150.0,251152.0
SYN00878,Blake Murphy,United States of America,California,Z3,Job Code: JC100737,UI/UX Product Designer III,EN.UUUD.P3,IC3,157103.0,164964.5,219959.0,1.3334,219959.0,in_range,0.1,21995.9,241954.9,3.49,2.07,2022-10-16,2024-03-06,4,Strong,Radford All Country,Yes,exact_us_zone,US row matched using country + zone + Radford job code.,United States - Z3,Z3 US,United States - TS 100M - 1B Rev Z2 US,U.S. Dollars - USD,EN.UUUD.P3,User Interface / User Experience (UI / UX) - UI / UX Design - Career (P3),,,,,170000.0,182407.0,188625.0,209327.0
SYN00879,Drew Murphy,United States of America,California,Z3,Job Code: JC100678,Software Engineer III,EN.SODE.P3,IC3,174915.0,209906.5,244898.0,0.8249,173149.89,below_min,0.1,17314.99,190464.88,4.0,1.47,2022-04-03,2024-10-19,3,Solid,Radford All Country,Yes,exact_us_zone,US row matched using country + zone + Radford job code.,United States - Z3,Z3 US,United States - TS 100M - 1B Rev Z2 US,U.S. Dollars - USD,EN.SODE.P3,Software - Software Development Engineering - Career (P3),,,,,185500.0,195700.0,203700.0,220000.0
SYN00881,Sydney Murphy,United States of America,California,Z3,Job Code: JC100508,Sales Operations Analyst V,SA.OPSO.P5,IC5,193901.0,214144.0,290851.0,0.9185,196695.37,in_range,0.15,29504.3,226199.67,2.41,1.53,2023-11-14,2024-09-27,3,Solid,Radford All Country,Yes,exact_us_zone,US row matched using country + zone + Radford job code.,United States - Z3,Z3 US,United States - TS 100M - 1B Rev Z2 US,U.S. Dollars - USD,SA.OPSO.P5,Operations / Sales Support - Sales Operations - Expert (P5),,,,,180000.0,195016.0,204566.0,265000.0
SYN00882,Emerson Murphy,United States of America,California,Z3,Job Code: JC100752,"VP, Software Engineering",EN.GLEE.E1,VP1,272462.0,340577.0,408692.0,1.0154,345819.45,in_range,0.35,121036.81,466856.26,3.34,3.34,2022-12-01,2022-12-09,3,Solid,Radford All Country,Yes,exact_us_zone,US row matched using country + zone + Radford job code.,United States - Z3,Z3 US,United States - TS 100M - 1B Rev Z2 US,U.S. Dollars - USD,EN.GLEE.E1,General - Engineering - Executive - Executive 1 (E1),,,,,322140.0,333800.0,360000.0,
SYN00883,Logan Murphy,United States of America,California,Z3,Job Code: JC100455,SDET Engineer IV,EN.SODE.P4,IC4,186717.0,233396.5,280076.0,0.7276,169810.0,below_min,0.1,16981.0,186791.0,2.89,1.95,2023-05-24,2024-04-26,1,Low,Radford All Country,Yes,exact_us_zone,US row matched using country + zone + Radford job code.,United States - Z3,Z3 US,United States - TS 100M - 1B Rev Z2 US,U.S. Dollars - USD,EN.SODE.P4,Software - Software Development Engineering - Advanced (P4),,,,,214795.0,226800.0,235000.0,251619.0
SYN00884,Skyler Murphy,United States of America,Colorado,Z3,Job Code: JC100200,Enterprise Sales Rep IV,SA.FSDN.P4,IC4,147924.0,171310.0,221887.0,1.0151,173903.05,in_range,0.1,17390.31,191293.36,3.11,2.8,2023-03-05,2023-06-25,3,Solid,Radford All Country,Yes,exact_us_zone,US row matched using country + zone + Radford job code.,United States - Z3,Z3 US,United States - TS 100M - 1B Rev Z2 US,U.S. Dollars - USD,SA.FSDN.P4,Field Sales - Sales Account Management - Direct Sales - New Accounts - Advanced (P4),,,,,150000.0,160000.0,165000.0,175000.0
SYN00886,Harper Murphy,United States of America,California,Z3,Job Code: JC100583,Senior Director Software Engineering,EN.SODE.M6,D2,251835.0,314794.0,377753.0,1.0677,336120.94,in_range,0.3,100836.28,436957.23,4.03,4.03,2022-04-02,2022-04-03,4,Strong,Radford All Country,Yes,exact_us_zone,US row matched using country + zone + Radford job code.,United States - Z3,Z3 US,United States - TS 100M - 1B Rev Z2 US,U.S. Dollars - USD,EN.SODE.M6,Software - Software Development Engineering - Senior Director (M6),,,,,301036.0,319955.0,340000.0,387711.0
SYN00887,Elliot Murphy,United States of America,Colorado,Z3,Job Code: JC100200,Enterprise Sales Rep IV,SA.FSDN.P4,IC4,147924.0,171310.0,221887.0,0.8635,147924.0,in_range,0.1,14792.4,162716.4,3.6,1.78,2022-09-01,2024-06-27,3,Solid,Radford All Country,Yes,exact_us_zone,US row matched using country + zone + Radford job code.,United States - Z3,Z3 US,United States - TS 100M - 1B Rev Z2 US,U.S. Dollars - USD,SA.FSDN.P4,Field Sales - Sales Account Management - Direct Sales - New Accounts - Advanced (P4),,,,,150000.0,160000.0,165000.0,175000.0
SYN00888,Dakota Murphy,United States of America,Colorado,Z3,Job Code: JC100508,Sales Operations Analyst V,SA.OPSO.P5,IC5,193901.0,214144.0,290851.0,0.961,205788.04,in_range,0.15,30868.21,236656.24,4.3,2.47,2021-12-23,2023-10-11,3,Solid,Radford All Country,Yes,exact_us_zone,US row matched using country + zone + Radford job code.,United States - Z3,Z3 US,United States - TS 100M - 1B Rev Z2 US,U.S. Dollars - USD,SA.OPSO.P5,Operations / Sales Support - Sales Operations - Expert (P5),,,,,180000.0,195016.0,204566.0,265000.0
SYN00889,Kendall Murphy,United States of America,California,Z3,Job Code: JC100326,Manager SDET Engineering,EN.SODE.M3,M1,200540.0,250675.5,300811.0,1.05,263209.28,in_range,0.2,52641.86,315851.13,4.29,3.39,2021-12-24,2022-11-23,4,Strong,Radford All Country,Yes,exact_us_zone,US row matched using country + zone + Radford job code.,United States - Z3,Z3 US,United States - TS 100M - 1B Rev Z2 US,U.S. Dollars - USD,EN.SODE.M3,Software - Software Development Engineering - Manager (M3),,,,,231650.0,245000.0,253800.0,272441.0
SYN00890,Sage Murphy,United States of America,Colorado,Z3,Job Code: JC100650,Senior Manager Sales Operations,SA.OPSO.M4,M2,192565.0,218824.0,288848.0,0.9319,203916.81,in_range,0.2,40783.36,244700.17,4.68,2.22,2021-08-06,2024-01-14,2,Developing,Radford All Country,Yes,exact_us_zone,US row matched using country + zone + Radford job code.,United States - Z3,Z3 US,United States - TS 100M - 1B Rev Z2 US,U.S. Dollars - USD,SA.OPSO.M4,Operations / Sales Support - Sales Operations - Sr Manager (M4),,,,,197472.0,210518.0,219200.0,254140.0
SYN00891,Peyton Murphy,United States of America,Missouri,Z3,Job Code: JC100201,Enterprise Sales Rep V,SA.FSDN.P5,IC5,163363.0,189189.0,245045.0,0.8398,158881.35,below_min,0.15,23832.2,182713.55,4.17,1.94,2022-01-31,2024-04-30,3,Solid,Radford All Country,Yes,exact_us_zone,US row matched using country + zone + Radford job code.,United States - Z3,Z3 US,United States - TS 100M - 1B Rev Z2 US,U.S. Dollars - USD,SA.FSDN.P5,Field Sales - Sales Account Management - Direct Sales - New Accounts - Expert (P5),,,,,170600.0,179687.0,185000.0,207950.0
SYN00892,Tatum Murphy,United States of America,California,Z3,Job Code: JC100029,Commercial Sales Rep III,SA.FSDN.P3,IC3,76752.0,92106.0,107460.0,0.8846,81473.75,in_range,0.1,8147.37,89621.12,4.13,3.14,2022-02-13,2023-02-10,3,Solid,Radford All Country,Yes,exact_us_zone,US row matched using country + zone + Radford job code.,United States - Z3,Z3 US,United States - TS 100M - 1B Rev Z2 US,U.S. Dollars - USD,SA.FSDN.P3,Field Sales - Sales Account Management - Direct Sales - New Accounts - Career (P3),,,,,112000.0,123875.0,134200.0,150620.0
SYN00893,Micah Murphy,United States of America,California,Z3,Job Code: JC100905,"VP, Systems Engineering",TE.GLMF.E1,VP1,263792.0,329740.0,395688.0,1.14,375903.6,in_range,0.35,131566.26,507469.86,4.82,4.82,2021-06-17,2021-06-07,4,Strong,Radford All Country,Yes,exact_us_zone,US row matched using country + zone + Radford job code.,United States - Z3,Z3 US,United States - TS 100M - 1B Rev Z2 US,U.S. Dollars - USD,TE.GLMF.E1,General - Information Technology - Executive - Executive 1 (E1),,,,,295000.0,312677.0,332650.0,348115.0
SYN00894,Robin Murphy,United States of America,Illinois,Z3,Job Code: JC100201,Enterprise Sales Rep V,SA.FSDN.P5,IC5,163363.0,189189.0,245045.0,0.9355,176991.72,in_range,0.15,26548.76,203540.47,4.33,2.0,2021-12-01,2024-04-03,4,Strong,Radford All Country,Yes,exact_us_zone,US row matched using country + zone + Radford job code.,United States - Z3,Z3 US,United States - TS 100M - 1B Rev Z2 US,U.S. Dollars - USD,SA.FSDN.P5,Field Sales - Sales Account Management - Direct Sales - New Accounts - Expert (P5),,,,,170600.0,179687.0,185000.0,207950.0
SYN00895,Devon Murphy,United States of America,California,Z3,Job Code: JC101317,Escalations Manager V,,IC5,174827.0,191217.5,262240.0,0.94,179744.45,in_range,0.15,26961.67,206706.12,4.42,3.34,2021-11-06,2022-12-01,3,Solid,Radford All Country,No,unmatched,No FJC Radford code available for market join.,,,,,,,,,,,,,,
SYN00896,Sawyer Murphy,United States of America,California,Z3,Job Code: JC100175,Director Strategy and Corporate Development,FI.ACFP.M5,D1,188650.0,235812.5,282975.0,1.2,282975.0,in_range,0.25,70743.75,353718.75,4.64,2.18,2021-08-14,2024-02-02,4,Strong,Radford All Country,Yes,exact_us_zone,US row matched using country + zone + Radford job code.,United States - Z3,Z3 US,United States - TS 100M - 1B Rev Z2 US,U.S. Dollars - USD,FI.ACFP.M5,Accounting - Financial Planning & Analysis - Director (M5),,,,,230000.0,246868.0,253142.0,275000.0
SYN00897,Charlie Murphy,United States of America,New York,Z3,Job Code: JC101288,Account Manager III,,IC3,100913.0,107223.0,141324.0,1.0875,116604.76,in_range,0.1,11660.48,128265.24,3.91,2.11,2022-05-09,2024-02-20,3,Solid,Radford All Country,No,unmatched,No FJC Radford code available for market join.,,,,,,,,,,,,,,
SYN00898,Remy Murphy,United States of America,Florida,Z3,Job Code: JC101127,HR Business Partner VII,HR.GLBP.M6,IC7,220056.0,244437.5,330084.0,0.97,237104.38,in_range,0.0,0.0,237104.38,7.84,3.41,2018-06-10,2022-11-06,5,High,Radford All Country,Yes,exact_us_zone,US row matched using country + zone + Radford job code.,United States - Z3,Z3 US,United States - TS 100M - 1B Rev Z2 US,U.S. Dollars - USD,HR.GLBP.M6,General - Business Partner - Senior Director (M6),,,,,270000.0,282801.0,284300.0,316800.0
SYN00899,Shawn Murphy,United States of America,California,Z3,Job Code: JC100031,Commercial Sales Rep V,SA.FSDN.P5,IC5,109819.0,129730.0,164729.0,0.8649,112204.54,in_range,0.15,16830.68,129035.22,3.33,2.03,2022-12-04,2024-03-23,4,Strong,Radford All Country,Yes,exact_us_zone,US row matched using country + zone + Radford job code.,United States - Z3,Z3 US,United States - TS 100M - 1B Rev Z2 US,U.S. Dollars - USD,SA.FSDN.P5,Field Sales - Sales Account Management - Direct Sales - New Accounts - Expert (P5),,,,,170600.0,179687.0,185000.0,207950.0
SYN00900,Noel Murphy,United States of America,Idaho,Z3,Job Code: JC100552,Senior Director Leadership & Development,HR.LDOD.M6,D2,215960.0,253986.5,323940.0,1.07,271765.55,in_range,0.3,81529.67,353295.22,2.01,2.01,2024-03-31,2024-03-29,3,Solid,Radford All Country,Yes,exact_us_zone,US row matched using country + zone + Radford job code.,United States - Z3,Z3 US,United States - TS 100M - 1B Rev Z2 US,U.S. Dollars - USD,HR.LDOD.M6,Learning & Development - Organizational Effectiveness - Senior Director (M6),,,,,261600.0,,,
SYN00901,Aubrey Murphy,United States of America,California,Z3,Job Code: JC100201,Enterprise Sales Rep V,SA.FSDN.P5,IC5,163363.0,189189.0,245045.0,0.966,182748.11,in_range,0.15,27412.22,210160.33,5.2,1.32,2021-01-25,2024-12-08,3,Solid,Radford All Country,Yes,exact_us_zone,US row matched using country + zone + Radford job code.,United States - Z3,Z3 US,United States - TS 100M - 1B Rev Z2 US,U.S. Dollars - USD,SA.FSDN.P5,Field Sales - Sales Account Management - Direct Sales - New Accounts - Expert (P5),,,,,170600.0,179687.0,185000.0,207950.0
SYN00902,Bailey Murphy,United States of America,Colorado,Z3,Job Code: JC100737,UI/UX Product Designer III,EN.UUUD.P3,IC3,157103.0,164964.5,219959.0,1.3334,219959.0,in_range,0.1,21995.9,241954.9,4.22,1.81,2022-01-20,2024-06-08,4,Strong,Radford All Country,Yes,exact_us_zone,US row matched using country + zone + Radford job code.,United States - Z3,Z3 US,United States - TS 100M - 1B Rev Z2 US,U.S. Dollars - USD,EN.UUUD.P3,User Interface / User Experience (UI / UX) - UI / UX Design - Career (P3),,,,,170000.0,182407.0,188625.0,209327.0
SYN00903,Jules Murphy,United States of America,California,Z3,Job Code: JC100624,Senior Manager Legal Counsel,LG.ATMF.M4,M2,245092.0,273731.5,367639.0,1.0,273731.5,in_range,0.2,54746.3,328477.8,4.15,2.27,2022-02-07,2023-12-27,3,Solid,Radford All Country,Yes,exact_us_zone,US row matched using country + zone + Radford job code.,United States - Z3,Z3 US,United States - TS 100M - 1B Rev Z2 US,U.S. Dollars - USD,LG.ATMF.M4,Attorney - Multi-Focus - Sr Manager (M4),,,,,258603.0,277080.0,286025.0,296128.0
SYN00904,Kieran Murphy,United States of America,Illinois,Z3,Job Code: JC101187,"Vice President, Global Compensation",HR.CBCD.E1,VP1,239129.0,298911.5,358694.0,1.14,340759.11,in_range,0.35,119265.69,460024.8,3.85,3.85,2022-05-27,2022-06-06,4,Strong,Radford All Country,Yes,exact_us_zone,US row matched using country + zone + Radford job code.,United States - Z3,Z3 US,United States - TS 100M - 1B Rev Z2 US,U.S. Dollars - USD,HR.CBCD.E1,Compensation & Benefits - Head of Compensation & Benefits - Corporate - Executive 1 (E1),,,,,336000.0,356100.0,360500.0,
SYN00905,Marlowe Murphy,United States of America,Colorado,Z3,Job Code: JC100088,Customer Support Engineer III,CS.FSTS.P3,IC3,111714.0,120655.0,156410.0,1.1523,139029.08,in_range,0.1,13902.91,152931.99,3.49,2.06,2022-10-04,2024-03-16,5,High,Radford All Country,Yes,exact_us_zone,US row matched using country + zone + Radford job code.,United States - Z3,Z3 US,United States - TS 100M - 1B Rev Z2 US,U.S. Dollars - USD,CS.FSTS.P3,Field Support - Technical Support Engineering - Career (P3),,,,,113000.0,120127.0,131082.0,151875.0
SYN00906,Adrian Murphy,United States of America,Colorado,Z3,Job Code: JC100508,Sales Operations Analyst V,SA.OPSO.P5,IC5,193901.0,214144.0,290851.0,0.9661,206879.62,in_range,0.15,31031.94,237911.56,5.17,2.11,2021-02-08,2024-02-28,3,Solid,Radford All Country,Yes,exact_us_zone,US row matched using country + zone + Radford job code.,United States - Z3,Z3 US,United States - TS 100M - 1B Rev Z2 US,U.S. Dollars - USD,SA.OPSO.P5,Operations / Sales Support - Sales Operations - Expert (P5),,,,,180000.0,195016.0,204566.0,265000.0
SYN00907,Eden Murphy,United States of America,Pennsylvania,Z3,Job Code: JC100680,Software Engineer V,EN.SODE.P5,IC5,232338.0,290422.0,348506.0,1.0045,291739.98,in_range,0.15,43761.0,335500.98,4.67,2.92,2021-08-06,2023-05-10,3,Solid,Radford All Country,Yes,exact_us_zone,US row matched using country + zone + Radford job code.,United States - Z3,Z3 US,United States - TS 100M - 1B Rev Z2 US,U.S. Dollars - USD,EN.SODE.P5,Software - Software Development Engineering - Expert (P5),,,,,246000.0,260000.0,270700.0,296706.0
SYN00908,Jesse Murphy,United States of America,Florida,Z3,Job Code: JC100029,Commercial Sales Rep III,SA.FSDN.P3,IC3,76752.0,92106.0,107460.0,0.9386,86453.79,in_range,0.1,8645.38,95099.16,2.85,1.74,2023-05-27,2024-07-15,4,Strong,Radford All Country,Yes,exact_us_zone,US row matched using country + zone + Radford job code.,United States - Z3,Z3 US,United States - TS 100M - 1B Rev Z2 US,U.S. Dollars - USD,SA.FSDN.P3,Field Sales - Sales Account Management - Direct Sales - New Accounts - Career (P3),,,,,112000.0,123875.0,134200.0,150620.0
SYN00909,Lane Murphy,United States of America,Colorado,Z3,Job Code: JC100030,Commercial Sales Rep IV,SA.FSDN.P4,IC4,92552.0,111129.0,138828.0,0.9694,107731.58,in_range,0.1,10773.16,118504.73,2.43,1.57,2023-10-27,2024-09-10,3,Solid,Radford All Country,Yes,exact_us_zone,US row matched using country + zone + Radford job code.,United States - Z3,Z3 US,United States - TS 100M - 1B Rev Z2 US,U.S. Dollars - USD,SA.FSDN.P4,Field Sales - Sales Account Management - Direct Sales - New Accounts - Advanced (P4),,,,,150000.0,160000.0,165000.0,175000.0
SYN00910,Shiloh Murphy,United States of America,California,Z3,Job Code: JC100680,Software Engineer V,EN.SODE.P5,IC5,232338.0,290422.0,348506.0,0.8099,235222.56,in_range,0.15,35283.38,270505.94,4.16,2.75,2022-02-06,2023-07-01,3,Solid,Radford All Country,Yes,exact_us_zone,US row matched using country + zone + Radford job code.,United States - Z3,Z3 US,United States - TS 100M - 1B Rev Z2 US,U.S. Dollars - USD,EN.SODE.P5,Software - Software Development Engineering - Expert (P5),,,,,246000.0,260000.0,270700.0,296706.0
SYN00911,Teagan Murphy,United States of America,California,Z3,Job Code: JC100209,Executive Assistant IV,CB.ADEA.P4,IC4,134204.0,167755.0,201306.0,1.2252,205528.31,above_max,0.1,20552.83,226081.14,3.01,2.23,2023-04-10,2024-01-07,3,Solid,Radford All Country,Yes,exact_us_zone,US row matched using country + zone + Radford job code.,United States - Z3,Z3 US,United States - TS 100M - 1B Rev Z2 US,U.S. Dollars - USD,CB.ADEA.P4,Administrative Support - Executive Assistant - Advanced (P4),,,,,160000.0,169983.0,176738.0,194922.0
SYN00912,Ari Murphy,United States of America,California,Z3,Job Code: JC100215,Financial Analyst V,FI.ACFP.P5,IC5,176204.0,192723.5,264306.0,0.93,179232.86,in_range,0.15,26884.93,206117.78,5.74,4.41,2020-07-16,2021-11-10,4,Strong,Radford All Country,Yes,exact_us_zone,US row matched using country + zone + Radford job code.,United States - Z3,Z3 US,United States - TS 100M - 1B Rev Z2 US,U.S. Dollars - USD,FI.ACFP.P5,Accounting - Financial Planning & Analysis - Expert (P5),,,,,190500.0,202237.0,210000.0,217550.0
SYN00913,Milan Murphy,United States of America,Colorado,Z3,Job Code: JC100501,Sales Engineer Enterprise IV,SA.ASRS.P4,IC4,175567.0,219459.0,263351.0,1.0746,235828.37,in_range,0.1,23582.84,259411.21,2.0,1.58,2024-04-01,2024-09-03,3,Solid,Radford All Country,Yes,exact_us_zone,US row matched using country + zone + Radford job code.,United States - Z3,Z3 US,United States - TS 100M - 1B Rev Z2 US,U.S. Dollars - USD,SA.ASRS.P4,Applications / Systems Engineering - Pre-Sales - Sales Plan - Advanced (P4),,,,,168613.0,175000.0,181247.0,191729.0
SYN00914,Nico Murphy,United States of America,New York,Z3,Job Code: JC100508,Sales Operations Analyst V,SA.OPSO.P5,IC5,193901.0,214144.0,290851.0,0.9055,193901.0,in_range,0.15,29085.15,222986.15,6.01,2.3,2020-04-10,2023-12-22,3,Solid,Radford All Country,Yes,exact_us_zone,US row matched using country + zone + Radford job code.,United States - Z3,Z3 US,United States - TS 100M - 1B Rev Z2 US,U.S. Dollars - USD,SA.OPSO.P5,Operations / Sales Support - Sales Operations - Expert (P5),,,,,180000.0,195016.0,204566.0,265000.0
SYN00915,Aisha Murphy,United States of America,Tennessee,Z3,Job Code: JC100624,Senior Manager Legal Counsel,LG.ATMF.M4,M2,245092.0,273731.5,367639.0,1.4822,405715.89,above_max,0.2,81143.18,486859.07,4.61,3.28,2021-08-28,2022-12-31,4,Strong,Radford All Country,Yes,exact_us_zone,US row matched using country + zone + Radford job code.,United States - Z3,Z3 US,United States - TS 100M - 1B Rev Z2 US,U.S. Dollars - USD,LG.ATMF.M4,Attorney - Multi-Focus - Sr Manager (M4),,,,,258603.0,277080.0,286025.0,296128.0
SYN00916,Priya Murphy,United States of America,Colorado,Z3,Job Code: JC101127,HR Business Partner VII,HR.GLBP.M6,IC7,220056.0,244437.5,330084.0,0.97,237104.38,in_range,0.0,0.0,237104.38,7.15,2.7,2019-02-07,2023-07-29,3,Solid,Radford All Country,Yes,exact_us_zone,US row matched using country + zone + Radford job code.,United States - Z3,Z3 US,United States - TS 100M - 1B Rev Z2 US,U.S. Dollars - USD,HR.GLBP.M6,General - Business Partner - Senior Director (M6),,,,,270000.0,282801.0,284300.0,316800.0
SYN00917,Leah Murphy,United States of America,Colorado,Z3,Job Code: JC100209,Executive Assistant IV,CB.ADEA.P4,IC4,134204.0,167755.0,201306.0,1.2543,210414.58,above_max,0.1,21041.46,231456.04,4.35,1.51,2021-12-02,2024-10-01,2,Developing,Radford All Country,Yes,exact_us_zone,US row matched using country + zone + Radford job code.,United States - Z3,Z3 US,United States - TS 100M - 1B Rev Z2 US,U.S. Dollars - USD,CB.ADEA.P4,Administrative Support - Executive Assistant - Advanced (P4),,,,,160000.0,169983.0,176738.0,194922.0
SYN00918,Sophia Murphy,United States of America,Colorado,Z3,Job Code: JC100680,Software Engineer V,EN.SODE.P5,IC5,232338.0,290422.0,348506.0,0.8886,258058.96,in_range,0.15,38708.84,296767.8,3.7,3.08,2022-07-31,2023-03-15,4,Strong,Radford All Country,Yes,exact_us_zone,US row matched using country + zone + Radford job code.,United States - Z3,Z3 US,United States - TS 100M - 1B Rev Z2 US,U.S. Dollars - USD,EN.SODE.P5,Software - Software Development Engineering - Expert (P5),,,,,246000.0,260000.0,270700.0,296706.0
SYN00919,Maya Murphy,United States of America,California,Z3,Job Code: JC100501,Sales Engineer Enterprise IV,SA.ASRS.P4,IC4,175567.0,219459.0,263351.0,0.9861,216405.03,in_range,0.1,21640.5,238045.53,3.66,1.77,2022-08-05,2024-07-02,3,Solid,Radford All Country,Yes,exact_us_zone,US row matched using country + zone + Radford job code.,United States - Z3,Z3 US,United States - TS 100M - 1B Rev Z2 US,U.S. Dollars - USD,SA.ASRS.P4,Applications / Systems Engineering - Pre-Sales - Sales Plan - Advanced (P4),,,,,168613.0,175000.0,181247.0,191729.0
SYN00920,Zoe Murphy,United States of America,Massachusetts,Z3,Job Code: JC100426,Project/Program (Admin) Manager V,CB.PMPM.P5,IC5,179667.0,224583.5,269500.0,0.9327,209461.61,in_range,0.15,31419.24,240880.85,4.66,2.8,2021-08-07,2023-06-19,3,Solid,Radford All Country,Yes,exact_us_zone,US row matched using country + zone + Radford job code.,United States - Z3,Z3 US,United States - TS 100M - 1B Rev Z2 US,U.S. Dollars - USD,CB.PMPM.P5,Project Management - Project / Program Management - Expert (P5),,,,,190000.0,208580.0,216450.0,244590.0
SYN00921,Olivia Murphy,United States of America,California,Z3,Job Code: JC100252,IT/ Security IV,TE.ICIS.P4,IC4,186082.0,201552.0,279124.0,0.9943,200394.68,in_range,0.1,20039.47,220434.15,4.93,1.98,2021-05-04,2024-04-14,3,Solid,Radford All Country,Yes,exact_us_zone,US row matched using country + zone + Radford job code.,United States - Z3,Z3 US,United States - TS 100M - 1B Rev Z2 US,U.S. Dollars - USD,TE.ICIS.P4,Information / Cyber Security - Information Security Engineering - Advanced (P4),,,,,208000.0,223720.0,227500.0,238500.0
SYN00922,Emma Murphy,United States of America,Colorado,Z3,Job Code: JC100577,Senior Director Sales Engineering Enterprise,SA.ASRS.M6,D2,245698.0,276410.0,368547.0,0.947,261763.91,in_range,0.3,78529.17,340293.08,4.9,4.9,2021-05-18,2021-05-19,3,Solid,Radford All Country,Yes,exact_us_zone,US row matched using country + zone + Radford job code.,United States - Z3,Z3 US,United States - TS 100M - 1B Rev Z2 US,U.S. Dollars - USD,SA.ASRS.M6,Applications / Systems Engineering - Pre-Sales - Sales Plan - Senior Director (M6),,,,,262500.0,276316.0,279320.0,298599.0
SYN00923,Isabella Murphy,United States of America,Colorado,Z3,Job Code: JC100137,Director IT Management,TE.ISMF.M5,D1,171765.0,214706.0,257647.0,1.13,242617.78,in_range,0.25,60654.44,303272.22,4.35,2.3,2021-11-30,2023-12-20,3,Solid,Radford All Country,Yes,exact_us_zone,US row matched using country + zone + Radford job code.,United States - Z3,Z3 US,United States - TS 100M - 1B Rev Z2 US,U.S. Dollars - USD,TE.ISMF.M5,Information Systems - Multi-Focus - Director (M5),,,,,237250.0,245143.0,250000.0,285635.0
SYN00925,Amelia Murphy,United States of America,Georgia,Z3,Job Code: JC100678,Software Engineer III,EN.SODE.P3,IC3,174915.0,209906.5,244898.0,1.1667,244898.0,in_range,0.1,24489.8,269387.8,0.54,0.54,2025-09-19,2025-09-25,4,Strong,Radford All Country,Yes,exact_us_zone,US row matched using country + zone + Radford job code.,United States - Z3,Z3 US,United States - TS 100M - 1B Rev Z2 US,U.S. Dollars - USD,EN.SODE.P3,Software - Software Development Engineering - Career (P3),,,,,185500.0,195700.0,203700.0,220000.0
SYN00926,Charlotte Murphy,United States of America,California,Z3,Job Code: JC100419,Professional Services IV,TC.TSMF.P4,IC4,191981.0,209979.0,287971.0,0.9242,194061.43,in_range,0.1,19406.14,213467.58,3.21,2.03,2023-01-23,2024-03-21,4,Strong,Radford All Country,Yes,exact_us_zone,US row matched using country + zone + Radford job code.,United States - Z3,Z3 US,United States - TS 100M - 1B Rev Z2 US,U.S. Dollars - USD,TC.TSMF.P4,IT Solutions Consulting - Multi-Focus - Advanced (P4),,,,,156457.0,173834.0,182750.0,204168.0
SYN00927,Lila Murphy,United States of America,Pennsylvania,Z3,Job Code: JC100220,"Governance, Risk and Compliance IV",CB.BRRC.P4,IC4,158707.0,198383.5,238060.0,0.9,178545.15,in_range,0.1,17854.51,196399.66,4.11,2.14,2022-02-22,2024-02-19,3,Solid,Radford All Country,No,unmatched,No match found on expected US country/zone + Radford job code.,,,,,,,,,,,,,,
SYN00928,Nora Murphy,United States of America,Colorado,Z3,Job Code: JC100491,SI Alliance / Partnership Specialist V,SA.APAP.P5,IC5,158971.0,177966.0,238457.0,0.8933,158971.0,in_range,0.15,23845.65,182816.65,3.36,2.57,2022-11-24,2023-09-04,3,Solid,Radford All Country,Yes,exact_us_zone,US row matched using country + zone + Radford job code.,United States - Z3,Z3 US,United States - TS 100M - 1B Rev Z2 US,U.S. Dollars - USD,SA.APAP.P5,Alliance Partnership - Alliance Partnership - Expert (P5),,,,,193879.0,208172.0,216993.0,238234.0
SYN00929,Layla Murphy,United States of America,New York,Z3,Job Code: JC100150,Director Product Management,EN.PGPG.M5,D1,237838.0,297297.0,356756.0,1.0821,321691.6,in_range,0.25,80422.9,402114.51,2.34,1.83,2023-12-10,2024-06-11,3,Solid,Radford All Country,Yes,exact_us_zone,US row matched using country + zone + Radford job code.,United States - Z3,Z3 US,United States - TS 100M - 1B Rev Z2 US,U.S. Dollars - USD,EN.PGPG.M5,Product Management - Technology Product Management - Director (M5),,,,,254000.0,275000.0,288042.0,315316.0
SYN00930,Hazel Murphy,United States of America,California,Z3,Job Code: JC100150,Director Product Management,EN.PGPG.M5,D1,237838.0,297297.0,356756.0,1.1229,333838.48,in_range,0.25,83459.62,417298.1,3.43,3.43,2022-10-28,2022-11-02,4,Strong,Radford All Country,Yes,exact_us_zone,US row matched using country + zone + Radford job code.,United States - Z3,Z3 US,United States - TS 100M - 1B Rev Z2 US,U.S. Dollars - USD,EN.PGPG.M5,Product Management - Technology Product Management - Director (M5),,,,,254000.0,275000.0,288042.0,315316.0
SYN00931,Aria Murphy,United States of America,California,Z3,Job Code: JC100369,Marketing Specialist IV,MK.GLMF.P4,IC4,145495.0,181868.5,218242.0,0.8933,162463.86,in_range,0.1,16246.39,178710.25,2.74,1.82,2023-07-10,2024-06-14,3,Solid,Radford All Country,Yes,exact_us_zone,US row matched using country + zone + Radford job code.,United States - Z3,Z3 US,United States - TS 100M - 1B Rev Z2 US,U.S. Dollars - USD,MK.GLMF.P4,General - Multi-Focus - Advanced (P4),,,,,164024.0,172000.0,178600.0,192970.0
SYN00932,Ivy Murphy,United States of America,California,Z3,Job Code: JC101316,Escalations Manager IV,,IC4,141531.0,176914.0,212297.0,1.2472,220646.18,above_max,0.1,22064.62,242710.8,1.81,1.63,2024-06-20,2024-08-27,5,High,Radford All Country,No,unmatched,No FJC Radford code available for market join.,,,,,,,,,,,,,,
SYN00933,Naomi Murphy,United States of America,Colorado,Z3,Job Code: JC100188,Engineering Program Manager IV,TE.PMPI.P4,IC4,158284.0,178286.5,237426.0,1.0573,188507.69,in_range,0.1,18850.77,207358.46,1.57,1.13,2024-09-15,2025-02-15,3,Solid,Radford All Country,Yes,exact_us_zone,US row matched using country + zone + Radford job code.,United States - Z3,Z3 US,United States - TS 100M - 1B Rev Z2 US,U.S. Dollars - USD,TE.PMPI.P4,Project Management - Project / Program Management - Information Systems - Advanced (P4),,,,,187200.0,194900.0,198063.0,203866.0
SYN00934,Elena Murphy,United States of America,Colorado,Z3,Job Code: JC100995,Onboarding Specialist IV,MC.PMMF.P4,IC4,166519.0,180999.0,249779.0,1.0438,188932.76,in_range,0.1,18893.28,207826.04,3.9,1.98,2022-05-07,2024-04-19,3,Solid,Radford All Country,Yes,exact_us_zone,US row matched using country + zone + Radford job code.,United States - Z3,Z3 US,United States - TS 100M - 1B Rev Z2 US,U.S. Dollars - USD,MC.PMMF.P4,Project Management - Multi-Focus - Advanced (P4),,,,,147500.0,152033.0,154500.0,176560.0
SYN00935,Lucy Murphy,United States of America,Colorado,Z3,Job Code: JC100408,Product Marketing Manager V,MK.PIPM.P5,IC5,195103.0,243878.5,292654.0,0.8573,209072.56,in_range,0.15,31360.88,240433.44,5.34,4.11,2020-11-28,2022-02-26,3,Solid,Radford All Country,Yes,exact_us_zone,US row matched using country + zone + Radford job code.,United States - Z3,Z3 US,United States - TS 100M - 1B Rev Z2 US,U.S. Dollars - USD,MK.PIPM.P5,Product Marketing - Product Marketing - Expert (P5),,,,,210000.0,223014.0,230450.0,248815.0
SYN00937,Grace Murphy,United States of America,Colorado,Z3,Job Code: JC100868,Business Development Enterprise Rep I,SA.ISTL.S1,IC1,30.0,36.0,43.0,0.9713,34.97,in_range,0.0,0.0,34.97,0.76,0.76,2025-06-28,2025-06-26,3,Solid,Radford All Country,Yes,exact_us_zone,US row matched using country + zone + Radford job code.,United States - Z3,Z3 US,United States - TS 100M - 1B Rev Z2 US,U.S. Dollars - USD,SA.ISTL.S1,Inside Sales / Telemarketing - Lead Development - Entry (S1),,,,,56056.0,60002.0,60008.0,65000.0
SYN00938,Hannah Murphy,United States of America,California,Z3,Job Code: JC100369,Marketing Specialist IV,MK.GLMF.P4,IC4,145495.0,181868.5,218242.0,0.8824,160485.22,in_range,0.1,16048.52,176533.74,3.16,2.09,2023-02-01,2024-03-11,3,Solid,Radford All Country,Yes,exact_us_zone,US row matched using country + zone + Radford job code.,United States - Z3,Z3 US,United States - TS 100M - 1B Rev Z2 US,U.S. Dollars - USD,MK.GLMF.P4,General - Multi-Focus - Advanced (P4),,,,,164024.0,172000.0,178600.0,192970.0
SYN00939,Violet Murphy,United States of America,Colorado,Z3,Job Code: JC100967,Major Sales Rep V,SA.FSDN.P5,IC5,185989.0,232486.5,278984.0,0.8793,204415.48,in_range,0.15,30662.32,235077.81,6.27,5.08,2020-01-05,2021-03-06,3,Solid,Radford All Country,Yes,exact_us_zone,US row matched using country + zone + Radford job code.,United States - Z3,Z3 US,United States - TS 100M - 1B Rev Z2 US,U.S. Dollars - USD,SA.FSDN.P5,Field Sales - Sales Account Management - Direct Sales - New Accounts - Expert (P5),,,,,170600.0,179687.0,185000.0,207950.0
SYN00940,Luna Murphy,United States of America,Colorado,Z3,Job Code: JC100368,Marketing Specialist III,MK.GLMF.P3,IC3,122403.0,146889.0,171375.0,0.9966,146392.44,in_range,0.1,14639.24,161031.68,3.5,2.23,2022-10-11,2024-01-08,3,Solid,Radford All Country,Yes,exact_us_zone,US row matched using country + zone + Radford job code.,United States - Z3,Z3 US,United States - TS 100M - 1B Rev Z2 US,U.S. Dollars - USD,MK.GLMF.P3,General - Multi-Focus - Career (P3),,,,,131174.0,140000.0,148400.0,160292.0
SYN00942,Benjamin Murphy,United States of America,Colorado,Z3,Job Code: JC100635,Senior Manager Professional Services,TC.TSMF.M4,M2,213928.0,246782.0,320893.0,1.1933,294472.86,in_range,0.2,58894.57,353367.43,5.32,3.35,2020-12-09,2022-11-26,3,Solid,Radford All Country,Yes,exact_us_zone,US row matched using country + zone + Radford job code.,United States - Z3,Z3 US,United States - TS 100M - 1B Rev Z2 US,U.S. Dollars - USD,TC.TSMF.M4,IT Solutions Consulting - Multi-Focus - Sr Manager (M4),,,,,189170.0,208413.0,220848.0,230000.0
SYN00943,Liam Murphy,United States of America,Michigan,Z3,Job Code: JC100865,Manager Help Desk,TE.OPHD.M3,M1,134160.0,153000.0,201240.0,0.93,142290.0,in_range,0.2,28458.0,170748.0,4.24,2.0,2022-01-06,2024-04-08,3,Solid,Radford All Country,Yes,exact_us_zone,US row matched using country + zone + Radford job code.,United States - Z3,Z3 US,United States - TS 100M - 1B Rev Z2 US,U.S. Dollars - USD,TE.OPHD.M3,IT Operations - Information Technology Help Desk - Manager (M3),,,,,162335.0,168750.0,171806.0,
SYN00944,Noah Murphy,United States of America,Colorado,Z3,Job Code: JC100200,Enterprise Sales Rep IV,SA.FSDN.P4,IC4,147924.0,171310.0,221887.0,0.9067,155318.54,in_range,0.1,15531.85,170850.4,0.52,0.52,2025-09-30,2025-10-05,2,Developing,Radford All Country,Yes,exact_us_zone,US row matched using country + zone + Radford job code.,United States - Z3,Z3 US,United States - TS 100M - 1B Rev Z2 US,U.S. Dollars - USD,SA.FSDN.P4,Field Sales - Sales Account Management - Direct Sales - New Accounts - Advanced (P4),,,,,150000.0,160000.0,165000.0,175000.0
SYN00945,Ethan Murphy,United States of America,Illinois,Z3,Job Code: JC100201,Enterprise Sales Rep V,SA.FSDN.P5,IC5,163363.0,189189.0,245045.0,0.9011,170473.93,in_range,0.15,25571.09,196045.02,3.59,2.15,2022-09-07,2024-02-07,3,Solid,Radford All Country,Yes,exact_us_zone,US row matched using country + zone + Radford job code.,United States - Z3,Z3 US,United States - TS 100M - 1B Rev Z2 US,U.S. Dollars - USD,SA.FSDN.P5,Field Sales - Sales Account Management - Direct Sales - New Accounts - Expert (P5),,,,,170600.0,179687.0,185000.0,207950.0
SYN00946,Mason Murphy,United States of America,California,Z3,Job Code: JC100030,Commercial Sales Rep IV,SA.FSDN.P4,IC4,92552.0,111129.0,138828.0,0.9649,107224.86,in_range,0.1,10722.49,117947.35,4.04,1.83,2022-03-16,2024-06-06,3,Solid,Radford All Country,Yes,exact_us_zone,US row matched using country + zone + Radford job code.,United States - Z3,Z3 US,United States - TS 100M - 1B Rev Z2 US,U.S. Dollars - USD,SA.FSDN.P4,Field Sales - Sales Account Management - Direct Sales - New Accounts - Advanced (P4),,,,,150000.0,160000.0,165000.0,175000.0
SYN00947,Lucas Murphy,United States of America,California,Z3,Job Code: JC100454,SDET Engineer III,EN.SODE.P3,IC3,165257.0,173385.5,231376.0,0.9531,165257.0,in_range,0.1,16525.7,181782.7,2.57,2.14,2023-09-12,2024-02-19,3,Solid,Radford All Country,Yes,exact_us_zone,US row matched using country + zone + Radford job code.,United States - Z3,Z3 US,United States - TS 100M - 1B Rev Z2 US,U.S. Dollars - USD,EN.SODE.P3,Software - Software Development Engineering - Career (P3),,,,,185500.0,195700.0,203700.0,220000.0
SYN00948,Elijah Murphy,United States of America,California,Z3,Job Code: JC100953,Systems Engineer V,TE.ISIS.P5,IC5,202787.0,253483.5,304180.0,0.9524,241421.56,in_range,0.15,36213.23,277634.79,3.68,2.03,2022-08-01,2024-03-26,4,Strong,Radford All Country,No,unmatched,No match found on expected US country/zone + Radford job code.,,,,,,,,,,,,,,
SYN00949,James Murphy,United States of America,Florida,Z3,Job Code: JC100868,Business Development Enterprise Rep I,SA.ISTL.S1,IC1,30.0,36.0,43.0,0.9978,35.92,in_range,0.0,0.0,35.92,0.54,0.54,2025-09-29,2025-09-15,3,Solid,Radford All Country,Yes,exact_us_zone,US row matched using country + zone + Radford job code.,United States - Z3,Z3 US,United States - TS 100M - 1B Rev Z2 US,U.S. Dollars - USD,SA.ISTL.S1,Inside Sales / Telemarketing - Lead Development - Entry (S1),,,,,56056.0,60002.0,60008.0,65000.0
SYN00950,Henry Murphy,United States of America,California,Z3,Job Code: JC100674,Social Media Specialist IV,MK.DISM.P4,IC4,126896.0,158620.0,190344.0,1.3333,211490.98,above_max,0.1,21149.1,232640.08,2.85,2.05,2023-05-28,2024-03-23,3,Solid,Radford All Country,Yes,exact_us_zone,US row matched using country + zone + Radford job code.,United States - Z3,Z3 US,United States - TS 100M - 1B Rev Z2 US,U.S. Dollars - USD,MK.DISM.P4,Digital Marketing - Social Media - Advanced (P4),,,,,137025.0,,,
SYN00951,Alexander Murphy,United States of America,Colorado,Z3,Job Code: JC101047,Deal Desk Rep V,SA.OPDD.P5,IC5,190306.0,206855.0,285460.0,0.92,190306.0,in_range,0.15,28545.9,218851.9,4.35,1.69,2021-11-27,2024-07-23,3,Solid,Radford All Country,Yes,exact_us_zone,US row matched using country + zone + Radford job code.,United States - Z3,Z3 US,United States - TS 100M - 1B Rev Z2 US,U.S. Dollars - USD,SA.OPDD.P5,Operations / Sales Support - Deal Desk - Expert (P5),,,,,171860.0,193694.0,214100.0,
SYN00952,Daniel Murphy,United States of America,Colorado,Z3,Job Code: JC100552,Senior Director Leadership & Development,HR.LDOD.M6,D2,215960.0,253986.5,323940.0,1.07,271765.55,in_range,0.3,81529.67,353295.22,5.14,5.14,2021-02-17,2021-02-20,5,High,Radford All Country,Yes,exact_us_zone,US row matched using country + zone + Radford job code.,United States - Z3,Z3 US,United States - TS 100M - 1B Rev Z2 US,U.S. Dollars - USD,HR.LDOD.M6,Learning & Development - Organizational Effectiveness - Senior Director (M6),,,,,261600.0,,,
SYN00953,Samuel Murphy,United States of America,Colorado,Z3,Job Code: JC100715,Tech Alliance / Partnership Specialist V,SA.APAP.P6,IC5,162427.0,203034.0,243641.0,0.9482,192523.68,in_range,0.15,28878.55,221402.23,3.74,1.53,2022-07-12,2024-09-22,3,Solid,Radford All Country,Yes,exact_us_zone,US row matched using country + zone + Radford job code.,United States - Z3,Z3 US,United States - TS 100M - 1B Rev Z2 US,U.S. Dollars - USD,SA.APAP.P6,Alliance Partnership - Alliance Partnership - Principal (P6),,,,,233650.0,270250.0,275410.0,
SYN00954,Owen Murphy,United States of America,New York,Z3,Job Code: JC100419,Professional Services IV,TC.TSMF.P4,IC4,191981.0,209979.0,287971.0,1.0877,228400.79,in_range,0.1,22840.08,251240.87,3.8,3.22,2022-06-15,2023-01-10,3,Solid,Radford All Country,Yes,exact_us_zone,US row matched using country + zone + Radford job code.,United States - Z3,Z3 US,United States - TS 100M - 1B Rev Z2 US,U.S. Dollars - USD,TC.TSMF.P4,IT Solutions Consulting - Multi-Focus - Advanced (P4),,,,,156457.0,173834.0,182750.0,204168.0
SYN00956,Julian Murphy,United States of America,New York,Z3,Job Code: JC100096,Data Analyst V,TE.DADA.P5,IC5,178493.0,223116.0,267739.0,0.9091,202832.24,in_range,0.15,30424.84,233257.08,3.46,2.77,2022-10-18,2023-06-26,3,Solid,Radford All Country,Yes,exact_us_zone,US row matched using country + zone + Radford job code.,United States - Z3,Z3 US,United States - TS 100M - 1B Rev Z2 US,U.S. Dollars - USD,TE.DADA.P5,Data Management & Analytics - Data Analytics - Expert (P5),,,,,211068.0,229339.0,240000.0,251600.0
SYN00957,Leo Murphy,United States of America,California,Z3,Job Code: JC100087,Customer Support Engineer II,CS.FSTS.P2,IC2,89731.0,96590.5,125632.0,0.929,89731.0,in_range,0.1,8973.1,98704.1,0.62,0.62,2025-08-21,2025-08-20,3,Solid,Radford All Country,Yes,exact_us_zone,US row matched using country + zone + Radford job code.,United States - Z3,Z3 US,United States - TS 100M - 1B Rev Z2 US,U.S. Dollars - USD,CS.FSTS.P2,Field Support - Technical Support Engineering - Developing (P2),,,,,91000.0,100109.0,107901.0,129190.0
SYN00958,Isaac Murphy,United States of America,North Carolina,Z3,Job Code: JC100713,Tech Alliance / Partnership Specialist III,SA.APAP.P3,IC3,121480.0,130287.0,170083.0,0.9324,121480.0,in_range,0.1,12148.0,133628.0,2.73,2.17,2023-07-11,2024-02-07,4,Strong,Radford All Country,Yes,exact_us_zone,US row matched using country + zone + Radford job code.,United States - Z3,Z3 US,United States - TS 100M - 1B Rev Z2 US,U.S. Dollars - USD,SA.APAP.P3,Alliance Partnership - Alliance Partnership - Career (P3),,,,,113000.0,127669.0,135163.0,154747.0
SYN00959,Sebastian Murphy,United States of America,New York,Z3,Job Code: JC100019,Business Development Rep II,SA.ISTL.P2,IC2,29.0,32.0,41.0,1.0295,32.94,in_range,0.1,3.29,36.24,3.36,1.55,2022-11-20,2024-09-11,3,Solid,Radford All Country,No,unmatched,No match found on expected US country/zone + Radford job code.,,,,,,,,,,,,,,
SYN00960,Caleb Murphy,United States of America,California,Z3,Job Code: JC100466,SE Commercial IV,,IC4,158878.0,198597.0,238316.0,1.0134,201251.14,in_range,0.1,20125.11,221376.26,2.8,1.57,2023-06-26,2024-09-11,3,Solid,Radford All Country,No,unmatched,No FJC Radford code available for market join.,,,,,,,,,,,,,,
SYN00961,Avery Price,United States of America,Colorado,Z3,Job Code: JC100209,Executive Assistant IV,CB.ADEA.P4,IC4,134204.0,167755.0,201306.0,1.2115,203234.68,above_max,0.1,20323.47,223558.15,1.98,1.3,2024-04-15,2024-12-16,4,Strong,Radford All Country,Yes,exact_us_zone,US row matched using country + zone + Radford job code.,United States - Z3,Z3 US,United States - TS 100M - 1B Rev Z2 US,U.S. Dollars - USD,CB.ADEA.P4,Administrative Support - Executive Assistant - Advanced (P4),,,,,160000.0,169983.0,176738.0,194922.0
SYN00962,Jordan Price,United States of America,Colorado,Z3,Job Code: JC100738,UI/UX Product Designer IV,EN.UUUD.P4,IC4,174391.0,190740.5,261587.0,1.0002,190772.59,in_range,0.1,19077.26,209849.85,3.32,2.04,2022-12-10,2024-03-18,5,High,Radford All Country,Yes,exact_us_zone,US row matched using country + zone + Radford job code.,United States - Z3,Z3 US,United States - TS 100M - 1B Rev Z2 US,U.S. Dollars - USD,EN.UUUD.P4,User Interface / User Experience (UI / UX) - UI / UX Design - Advanced (P4),,,,,190000.0,201345.0,211750.0,230000.0
SYN00963,Taylor Price,United States of America,California,Z3,Job Code: JC100465,SE Commercial III,,IC3,138464.0,166163.5,193863.0,0.9412,156388.97,in_range,0.1,15638.9,172027.87,3.81,2.01,2022-06-15,2024-04-07,3,Solid,Radford All Country,No,unmatched,No FJC Radford code available for market join.,,,,,,,,,,,,,,
SYN00964,Morgan Price,United States of America,Colorado,Z3,Job Code: JC100514,Sales Trainer V,SA.OPSE.P5,IC5,182659.0,201742.0,273989.0,1.0051,202777.1,in_range,0.15,30416.56,233193.66,5.39,2.12,2020-11-17,2024-02-20,3,Solid,Radford All Country,Yes,exact_us_zone,US row matched using country + zone + Radford job code.,United States - Z3,Z3 US,United States - TS 100M - 1B Rev Z2 US,U.S. Dollars - USD,SA.OPSE.P5,Operations / Sales Support - Sales Enablement - Expert (P5),,,,,182475.0,206100.0,207794.0,
SYN00966,Riley Price,United States of America,California,Z3,Job Code: JC100200,Enterprise Sales Rep IV,SA.FSDN.P4,IC4,147924.0,171310.0,221887.0,0.8838,151397.35,in_range,0.1,15139.73,166537.08,3.86,1.92,2022-06-03,2024-05-03,4,Strong,Radford All Country,Yes,exact_us_zone,US row matched using country + zone + Radford job code.,United States - Z3,Z3 US,United States - TS 100M - 1B Rev Z2 US,U.S. Dollars - USD,SA.FSDN.P4,Field Sales - Sales Account Management - Direct Sales - New Accounts - Advanced (P4),,,,,150000.0,160000.0,165000.0,175000.0
SYN00967,Parker Price,United States of America,Colorado,Z3,Job Code: JC101324,Chief Engineering Officer,,E3,377500.0,471875.0,566250.0,0.99,467156.25,in_range,0.0,0.0,467156.25,1.51,1.51,2024-09-28,2024-10-07,3,Solid,Radford All Country,No,unmatched,No FJC Radford code available for market join.,,,,,,,,,,,,,,
SYN00968,Quinn Price,United States of America,Illinois,Z3,Job Code: JC100677,Software Engineer II,EN.SODE.P2,IC2,140592.0,168717.5,196843.0,1.0188,171892.26,in_range,0.1,17189.23,189081.48,0.74,0.74,2025-07-13,2025-07-13,5,High,Radford All Country,Yes,exact_us_zone,US row matched using country + zone + Radford job code.,United States - Z3,Z3 US,United States - TS 100M - 1B Rev Z2 US,U.S. Dollars - USD,EN.SODE.P2,Software - Software Development Engineering - Developing (P2),,,,,150000.0,157600.0,163333.0,180000.0
SYN00969,Hayden Price,United States of America,California,Z3,Job Code: JC100421,Professional Services VI,TC.TSMF.P6,IC6,200200.0,225225.0,300300.0,1.16,261261.0,in_range,0.2,52252.2,313513.2,5.39,1.66,2020-11-10,2024-08-06,4,Strong,Radford All Country,Yes,exact_us_zone,US row matched using country + zone + Radford job code.,United States - Z3,Z3 US,United States - TS 100M - 1B Rev Z2 US,U.S. Dollars - USD,TC.TSMF.P6,IT Solutions Consulting - Multi-Focus - Principal (P6),,,,,213075.0,,,
SYN00970,Rowan Price,United States of America,Pennsylvania,Z3,Job Code: JC100680,Software Engineer V,EN.SODE.P5,IC5,232338.0,290422.0,348506.0,0.9242,268401.06,in_range,0.15,40260.16,308661.22,2.31,1.41,2023-12-13,2024-11-05,3,Solid,Radford All Country,Yes,exact_us_zone,US row matched using country + zone + Radford job code.,United States - Z3,Z3 US,United States - TS 100M - 1B Rev Z2 US,U.S. Dollars - USD,EN.SODE.P5,Software - Software Development Engineering - Expert (P5),,,,,246000.0,260000.0,270700.0,296706.0
SYN00971,Casey Price,United States of America,California,Z3,Job Code: JC100752,"VP, Software Engineering",EN.GLEE.E1,VP1,272462.0,340577.0,408692.0,1.1188,381051.06,in_range,0.35,133367.87,514418.93,4.34,4.34,2021-11-27,2021-11-30,5,High,Radford All Country,Yes,exact_us_zone,US row matched using country + zone + Radford job code.,United States - Z3,Z3 US,United States - TS 100M - 1B Rev Z2 US,U.S. Dollars - USD,EN.GLEE.E1,General - Engineering - Executive - Executive 1 (E1),,,,,322140.0,333800.0,360000.0,
SYN00972,Alex Price,United States of America,California,Z3,Job Code: JC100031,Commercial Sales Rep V,SA.FSDN.P5,IC5,109819.0,129730.0,164729.0,0.8465,109819.0,in_range,0.15,16472.85,126291.85,3.32,2.06,2022-12-11,2024-03-15,3,Solid,Radford All Country,Yes,exact_us_zone,US row matched using country + zone + Radford job code.,United States - Z3,Z3 US,United States - TS 100M - 1B Rev Z2 US,U.S. Dollars - USD,SA.FSDN.P5,Field Sales - Sales Account Management - Direct Sales - New Accounts - Expert (P5),,,,,170600.0,179687.0,185000.0,207950.0
SYN00973,Jamie Price,United States of America,Ohio,Z3,Job Code: JC101275,Senior Manager Product Support,SA.CRCS.M4,M2,192720.0,224475.0,289080.0,0.8497,190729.97,below_min,0.2,38145.99,228875.96,3.56,2.6,2022-09-20,2023-09-02,3,Solid,Radford All Country,Yes,exact_us_zone,US row matched using country + zone + Radford job code.,United States - Z3,Z3 US,United States - TS 100M - 1B Rev Z2 US,U.S. Dollars - USD,SA.CRCS.M4,Customer Relationship Management - Customer Success - Sr Manager (M4),,,,,164600.0,178583.0,182360.0,202720.0
SYN00974,Blake Price,United States of America,Colorado,Z3,Job Code: JC100561,Senior Director Product Marketing,MK.PIPM.M6,D2,211592.0,235589.0,317389.0,1.14,268571.46,in_range,0.3,80571.44,349142.9,4.41,4.41,2021-11-09,2021-11-03,4,Strong,Radford All Country,Yes,exact_us_zone,US row matched using country + zone + Radford job code.,United States - Z3,Z3 US,United States - TS 100M - 1B Rev Z2 US,U.S. Dollars - USD,MK.PIPM.M6,Product Marketing - Product Marketing - Senior Director (M6),,,,,282000.0,300000.0,321360.0,335000.0
SYN00975,Drew Price,United States of America,Arizona,Z3,Job Code: JC100369,Marketing Specialist IV,MK.GLMF.P4,IC4,145495.0,181868.5,218242.0,0.9545,173586.27,in_range,0.1,17358.63,190944.9,3.43,2.55,2022-11-02,2023-09-20,3,Solid,Radford All Country,Yes,exact_us_zone,US row matched using country + zone + Radford job code.,United States - Z3,Z3 US,United States - TS 100M - 1B Rev Z2 US,U.S. Dollars - USD,MK.GLMF.P4,General - Multi-Focus - Advanced (P4),,,,,164024.0,172000.0,178600.0,192970.0
SYN00976,Reese Price,United States of America,California,Z3,Job Code: JC100635,Senior Manager Professional Services,TC.TSMF.M4,M2,213928.0,246782.0,320893.0,1.1122,274483.19,in_range,0.2,54896.64,329379.83,5.67,3.36,2020-08-10,2022-11-23,3,Solid,Radford All Country,Yes,exact_us_zone,US row matched using country + zone + Radford job code.,United States - Z3,Z3 US,United States - TS 100M - 1B Rev Z2 US,U.S. Dollars - USD,TC.TSMF.M4,IT Solutions Consulting - Multi-Focus - Sr Manager (M4),,,,,189170.0,208413.0,220848.0,230000.0
SYN00977,Sydney Price,United States of America,California,Z3,Job Code: JC100201,Enterprise Sales Rep V,SA.FSDN.P5,IC5,163363.0,189189.0,245045.0,0.8635,163363.0,in_range,0.15,24504.45,187867.45,4.64,2.37,2021-08-18,2023-11-16,3,Solid,Radford All Country,Yes,exact_us_zone,US row matched using country + zone + Radford job code.,United States - Z3,Z3 US,United States - TS 100M - 1B Rev Z2 US,U.S. Dollars - USD,SA.FSDN.P5,Field Sales - Sales Account Management - Direct Sales - New Accounts - Expert (P5),,,,,170600.0,179687.0,185000.0,207950.0
SYN00978,Emerson Price,United States of America,Colorado,Z3,Job Code: JC100932,Data Scientist V,TE.DADS.P5,IC5,224926.0,281158.0,337390.0,1.01,283969.58,in_range,0.15,42595.44,326565.02,3.98,3.15,2022-04-15,2023-02-16,3,Solid,Radford All Country,Yes,exact_us_zone,US row matched using country + zone + Radford job code.,United States - Z3,Z3 US,United States - TS 100M - 1B Rev Z2 US,U.S. Dollars - USD,TE.DADS.P5,Data Management & Analytics - Data Science - Expert (P5),,,,,242507.0,254977.0,268350.0,280000.0
SYN00979,Logan Price,United States of America,California,Z3,Job Code: JC100680,Software Engineer V,EN.SODE.P5,IC5,232338.0,290422.0,348506.0,0.9415,273445.94,in_range,0.15,41016.89,314462.83,3.95,3.44,2022-04-18,2022-11-03,3,Solid,Radford All Country,Yes,exact_us_zone,US row matched using country + zone + Radford job code.,United States - Z3,Z3 US,United States - TS 100M - 1B Rev Z2 US,U.S. Dollars - USD,EN.SODE.P5,Software - Software Development Engineering - Expert (P5),,,,,246000.0,260000.0,270700.0,296706.0
SYN00980,Skyler Price,United States of America,Colorado,Z3,Job Code: JC100553,Senior Director Legal Counsel,LG.ATMF.M6,D2,240845.0,301056.0,361267.0,1.152,346808.59,in_range,0.3,104042.58,450851.17,4.16,4.16,2022-02-01,2022-02-07,3,Solid,Radford All Country,Yes,exact_us_zone,US row matched using country + zone + Radford job code.,United States - Z3,Z3 US,United States - TS 100M - 1B Rev Z2 US,U.S. Dollars - USD,LG.ATMF.M6,Attorney - Multi-Focus - Senior Director (M6),,,,,318000.0,327000.0,342400.0,367543.0
SYN00981,Finley Price,United States of America,Washington,Z3,Job Code: JC100094,Data Analyst III,TE.DADA.P3,IC3,134297.0,161163.0,188029.0,0.9655,155606.03,in_range,0.1,15560.6,171166.64,1.82,1.37,2024-06-08,2024-11-21,4,Strong,Radford All Country,Yes,exact_us_zone,US row matched using country + zone + Radford job code.,United States - Z3,Z3 US,United States - TS 100M - 1B Rev Z2 US,U.S. Dollars - USD,TE.DADA.P3,Data Management & Analytics - Data Analytics - Career (P3),,,,,140000.0,150000.0,154650.0,175000.0
SYN00982,Harper Price,United States of America,Indiana,Z3,Job Code: JC101253,Tax Analyst VII,FI.OPTX.M6,IC7,221349.0,276686.5,332024.0,1.07,296054.55,in_range,0.0,0.0,296054.55,6.62,4.41,2019-08-20,2021-11-13,4,Strong,Radford All Country,Yes,exact_us_zone,US row matched using country + zone + Radford job code.,United States - Z3,Z3 US,United States - TS 100M - 1B Rev Z2 US,U.S. Dollars - USD,FI.OPTX.M6,Finance Operations - Tax Operations - Senior Director (M6),,,,,284550.0,303218.0,309000.0,
SYN00983,Elliot Price,United States of America,Texas,Z3,Job Code: JC100340,Manager Software Engineering,EN.SODE.M3,M1,211513.0,233376.0,317269.0,1.0103,235782.96,in_range,0.2,47156.59,282939.55,4.33,2.79,2021-12-13,2023-06-18,3,Solid,Radford All Country,Yes,exact_us_zone,US row matched using country + zone + Radford job code.,United States - Z3,Z3 US,United States - TS 100M - 1B Rev Z2 US,U.S. Dollars - USD,EN.SODE.M3,Software - Software Development Engineering - Manager (M3),,,,,231650.0,245000.0,253800.0,272441.0
SYN00984,Dakota Price,United States of America,California,Z3,Job Code: JC100994,Onboarding Specialist III,MC.PMMF.P3,IC3,140608.0,168736.0,196864.0,1.13,190671.68,in_range,0.1,19067.17,209738.85,2.11,1.28,2024-02-28,2024-12-29,3,Solid,Radford All Country,Yes,exact_us_zone,US row matched using country + zone + Radford job code.,United States - Z3,Z3 US,United States - TS 100M - 1B Rev Z2 US,U.S. Dollars - USD,MC.PMMF.P3,Project Management - Multi-Focus - Career (P3),,,,,110697.0,114800.0,132943.0,146500.0
SYN00985,Kendall Price,United States of America,Tennessee,Z3,Job Code: JC100030,Commercial Sales Rep IV,SA.FSDN.P4,IC4,92552.0,111129.0,138828.0,0.8563,95162.68,in_range,0.1,9516.27,104678.95,0.48,0.48,2025-10-20,2025-10-16,1,Low,Radford All Country,Yes,exact_us_zone,US row matched using country + zone + Radford job code.,United States - Z3,Z3 US,United States - TS 100M - 1B Rev Z2 US,U.S. Dollars - USD,SA.FSDN.P4,Field Sales - Sales Account Management - Direct Sales - New Accounts - Advanced (P4),,,,,150000.0,160000.0,165000.0,175000.0
SYN00987,Peyton Price,United States of America,Colorado,Z3,Job Code: JC100089,Customer Support Engineer IV,CS.FSTS.P4,IC4,128665.0,160831.0,192997.0,0.9874,158803.49,in_range,0.1,15880.35,174683.84,3.23,2.07,2023-01-14,2024-03-17,3,Solid,Radford All Country,Yes,exact_us_zone,US row matched using country + zone + Radford job code.,United States - Z3,Z3 US,United States - TS 100M - 1B Rev Z2 US,U.S. Dollars - USD,CS.FSTS.P4,Field Support - Technical Support Engineering - Advanced (P4),,,,,130650.0,139560.0,150984.0,168419.0
SYN00988,Tatum Price,United States of America,California,Z3,Job Code: JC100089,Customer Support Engineer IV,CS.FSTS.P4,IC4,128665.0,160831.0,192997.0,1.2014,193227.71,above_max,0.1,19322.77,212550.49,3.78,2.72,2022-06-30,2023-07-25,3,Solid,Radford All Country,Yes,exact_us_zone,US row matched using country + zone + Radford job code.,United States - Z3,Z3 US,United States - TS 100M - 1B Rev Z2 US,U.S. Dollars - USD,CS.FSTS.P4,Field Support - Technical Support Engineering - Advanced (P4),,,,,130650.0,139560.0,150984.0,168419.0
SYN00989,Micah Price,United States of America,Colorado,Z3,Job Code: JC100201,Enterprise Sales Rep V,SA.FSDN.P5,IC5,163363.0,189189.0,245045.0,0.8747,165486.05,in_range,0.15,24822.91,190308.95,3.93,1.91,2022-04-26,2024-05-09,3,Solid,Radford All Country,Yes,exact_us_zone,US row matched using country + zone + Radford job code.,United States - Z3,Z3 US,United States - TS 100M - 1B Rev Z2 US,U.S. Dollars - USD,SA.FSDN.P5,Field Sales - Sales Account Management - Direct Sales - New Accounts - Expert (P5),,,,,170600.0,179687.0,185000.0,207950.0
SYN00990,Robin Price,United States of America,California,Z3,Job Code: JC100669,Site Reliability Engineer V,EN.SODE.P5,IC5,232338.0,290422.0,348506.0,0.96,278805.12,in_range,0.15,41820.77,320625.89,4.28,1.83,2022-01-01,2024-06-01,3,Solid,Radford All Country,Yes,exact_us_zone,US row matched using country + zone + Radford job code.,United States - Z3,Z3 US,United States - TS 100M - 1B Rev Z2 US,U.S. Dollars - USD,EN.SODE.P5,Software - Software Development Engineering - Expert (P5),,,,,246000.0,260000.0,270700.0,296706.0
SYN00991,Devon Price,United States of America,Colorado,Z3,Job Code: JC100201,Enterprise Sales Rep V,SA.FSDN.P5,IC5,163363.0,189189.0,245045.0,0.8106,153357.61,below_min,0.15,23003.64,176361.25,4.38,3.54,2021-11-16,2022-09-26,3,Solid,Radford All Country,Yes,exact_us_zone,US row matched using country + zone + Radford job code.,United States - Z3,Z3 US,United States - TS 100M - 1B Rev Z2 US,U.S. Dollars - USD,SA.FSDN.P5,Field Sales - Sales Account Management - Direct Sales - New Accounts - Expert (P5),,,,,170600.0,179687.0,185000.0,207950.0
SYN00992,Sawyer Price,United States of America,New York,Z3,Job Code: JC101066,Revenue Accounting Analyst V,FI.ACRR.P5,IC5,165068.0,206335.0,247602.0,0.96,198081.6,in_range,0.15,29712.24,227793.84,5.78,2.51,2020-07-03,2023-10-01,4,Strong,Radford All Country,Yes,exact_us_zone,US row matched using country + zone + Radford job code.,United States - Z3,Z3 US,United States - TS 100M - 1B Rev Z2 US,U.S. Dollars - USD,FI.ACRR.P5,Accounting - Revenue Recognition - Expert (P5),,,,,158267.0,183015.0,194300.0,
SYN00993,Charlie Price,United States of America,California,Z3,Job Code: JC100959,Executive Assistant V,,IC5,151072.0,167632.5,226608.0,0.9351,156760.08,in_range,0.15,23514.01,180274.09,3.07,1.95,2023-03-13,2024-04-26,3,Solid,Radford All Country,No,unmatched,No FJC Radford code available for market join.,,,,,,,,,,,,,,
SYN00994,Remy Price,United States of America,Massachusetts,Z3,Job Code: JC100865,Manager Help Desk,TE.OPHD.M3,M1,134160.0,153000.0,201240.0,0.93,142290.0,in_range,0.2,28458.0,170748.0,3.9,1.79,2022-05-16,2024-06-21,5,High,Radford All Country,Yes,exact_us_zone,US row matched using country + zone + Radford job code.,United States - Z3,Z3 US,United States - TS 100M - 1B Rev Z2 US,U.S. Dollars - USD,TE.OPHD.M3,IT Operations - Information Technology Help Desk - Manager (M3),,,,,162335.0,168750.0,171806.0,
SYN00995,Shawn Price,United States of America,New York,Z3,Job Code: JC100137,Director IT Management,TE.ISMF.M5,D1,171765.0,214706.0,257647.0,1.13,242617.78,in_range,0.25,60654.44,303272.22,4.95,1.46,2021-04-25,2024-10-22,4,Strong,Radford All Country,Yes,exact_us_zone,US row matched using country + zone + Radford job code.,United States - Z3,Z3 US,United States - TS 100M - 1B Rev Z2 US,U.S. Dollars - USD,TE.ISMF.M5,Information Systems - Multi-Focus - Director (M5),,,,,237250.0,245143.0,250000.0,285635.0
SYN00996,Noel Price,United States of America,California,Z3,Job Code: JC100547,Senior Director HR Generalist,HR.GLGL.M6,D2,201993.0,252491.5,302990.0,1.0,252491.5,in_range,0.3,75747.45,328238.95,3.46,3.46,2022-10-17,2022-10-18,3,Solid,Radford All Country,Yes,exact_us_zone,US row matched using country + zone + Radford job code.,United States - Z3,Z3 US,United States - TS 100M - 1B Rev Z2 US,U.S. Dollars - USD,HR.GLGL.M6,General - HR Generalist - Senior Director (M6),,,,,264092.0,272300.0,291237.0,327000.0
SYN00997,Aubrey Price,United States of America,California,Z3,Job Code: JC100465,SE Commercial III,,IC3,138464.0,166163.5,193863.0,0.942,156529.76,in_range,0.1,15652.98,172182.73,3.11,2.03,2023-03-03,2024-03-29,4,Strong,Radford All Country,No,unmatched,No FJC Radford code available for market join.,,,,,,,,,,,,,,
SYN00999,Jules Price,United States of America,Iowa,Z3,Job Code: JC100200,Enterprise Sales Rep IV,SA.FSDN.P4,IC4,147924.0,171310.0,221887.0,0.9191,157446.46,in_range,0.1,15744.65,173191.11,4.73,2.99,2021-07-09,2023-04-16,3,Solid,Radford All Country,Yes,exact_us_zone,US row matched using country + zone + Radford job code.,United States - Z3,Z3 US,United States - TS 100M - 1B Rev Z2 US,U.S. Dollars - USD,SA.FSDN.P4,Field Sales - Sales Account Management - Direct Sales - New Accounts - Advanced (P4),,,,,150000.0,160000.0,165000.0,175000.0
SYN01000,Kieran Price,United States of America,California,Z3,Job Code: JC100437,Talent Acquisition Partner IV,HR.TATA.P4,IC4,150156.0,164232.5,225234.0,1.0434,171361.15,in_range,0.1,17136.12,188497.27,4.35,1.87,2021-11-25,2024-05-28,4,Strong,Radford All Country,Yes,exact_us_zone,US row matched using country + zone + Radford job code.,United States - Z3,Z3 US,United States - TS 100M - 1B Rev Z2 US,U.S. Dollars - USD,HR.TATA.P4,Talent Acquisition - Talent Acquisition - Advanced (P4),,,,,168500.0,178220.0,182050.0,200893.0
SYN01001,Marlowe Price,United States of America,Colorado,Z3,Job Code: JC100419,Professional Services IV,TC.TSMF.P4,IC4,191981.0,209979.0,287971.0,0.9143,191981.0,in_range,0.1,19198.1,211179.1,1.66,1.03,2024-08-14,2025-03-25,1,Low,Radford All Country,Yes,exact_us_zone,US row matched using country + zone + Radford job code.,United States - Z3,Z3 US,United States - TS 100M - 1B Rev Z2 US,U.S. Dollars - USD,TC.TSMF.P4,IT Solutions Consulting - Multi-Focus - Advanced (P4),,,,,156457.0,173834.0,182750.0,204168.0
SYN01002,Adrian Price,United States of America,California,Z3,Job Code: JC100090,Customer Support Engineer V,CS.FSTS.P5,IC5,158933.0,198666.5,238400.0,1.0616,210898.45,in_range,0.15,31634.77,242533.21,4.39,3.88,2021-11-12,2022-05-26,4,Strong,Radford All Country,Yes,exact_us_zone,US row matched using country + zone + Radford job code.,United States - Z3,Z3 US,United States - TS 100M - 1B Rev Z2 US,U.S. Dollars - USD,CS.FSTS.P5,Field Support - Technical Support Engineering - Expert (P5),,,,,164796.0,174246.0,180000.0,211849.0
SYN01003,Eden Price,United States of America,Colorado,Z3,Job Code: JC101066,Revenue Accounting Analyst V,FI.ACRR.P5,IC5,165068.0,206335.0,247602.0,0.96,198081.6,in_range,0.15,29712.24,227793.84,2.64,2.23,2023-08-21,2024-01-17,4,Strong,Radford All Country,Yes,exact_us_zone,US row matched using country + zone + Radford job code.,United States - Z3,Z3 US,United States - TS 100M - 1B Rev Z2 US,U.S. Dollars - USD,FI.ACRR.P5,Accounting - Revenue Recognition - Expert (P5),,,,,158267.0,183015.0,194300.0,
SYN01004,Jesse Price,United States of America,California,Z3,Job Code: JC100089,Customer Support Engineer IV,CS.FSTS.P4,IC4,128665.0,160831.0,192997.0,0.876,140885.18,in_range,0.1,14088.52,154973.7,2.07,1.2,2024-03-16,2025-01-20,4,Strong,Radford All Country,Yes,exact_us_zone,US row matched using country + zone + Radford job code.,United States - Z3,Z3 US,United States - TS 100M - 1B Rev Z2 US,U.S. Dollars - USD,CS.FSTS.P4,Field Support - Technical Support Engineering - Advanced (P4),,,,,130650.0,139560.0,150984.0,168419.0
SYN01005,Lane Price,United States of America,Mississippi,Z3,Job Code: JC100583,Senior Director Software Engineering,EN.SODE.M6,D2,251835.0,314794.0,377753.0,1.0811,340308.24,in_range,0.3,102092.47,442400.72,2.8,2.8,2023-06-22,2023-06-15,3,Solid,Radford All Country,Yes,exact_us_zone,US row matched using country + zone + Radford job code.,United States - Z3,Z3 US,United States - TS 100M - 1B Rev Z2 US,U.S. Dollars - USD,EN.SODE.M6,Software - Software Development Engineering - Senior Director (M6),,,,,301036.0,319955.0,340000.0,387711.0
SYN01006,Shiloh Price,United States of America,Colorado,Z3,Job Code: JC100677,Software Engineer II,EN.SODE.P2,IC2,140592.0,168717.5,196843.0,0.9777,164951.88,in_range,0.1,16495.19,181447.07,0.72,0.72,2025-07-12,2025-07-12,3,Solid,Radford All Country,Yes,exact_us_zone,US row matched using country + zone + Radford job code.,United States - Z3,Z3 US,United States - TS 100M - 1B Rev Z2 US,U.S. Dollars - USD,EN.SODE.P2,Software - Software Development Engineering - Developing (P2),,,,,150000.0,157600.0,163333.0,180000.0
SYN01007,Teagan Price,United States of America,Massachusetts,Z3,Job Code: JC100508,Sales Operations Analyst V,SA.OPSO.P5,IC5,193901.0,214144.0,290851.0,1.022,218847.34,in_range,0.15,32827.1,251674.44,1.94,1.43,2024-05-02,2024-10-28,3,Solid,Radford All Country,Yes,exact_us_zone,US row matched using country + zone + Radford job code.,United States - Z3,Z3 US,United States - TS 100M - 1B Rev Z2 US,U.S. Dollars - USD,SA.OPSO.P5,Operations / Sales Support - Sales Operations - Expert (P5),,,,,180000.0,195016.0,204566.0,265000.0
SYN01008,Ari Price,United States of America,Colorado,Z3,Job Code: JC100861,Help Desk Analyst II,TE.OPHD.P2,IC2,89996.0,107999.5,126003.0,1.05,113399.48,in_range,0.1,11339.95,124739.42,0.42,0.42,2025-10-31,2025-11-11,3,Solid,Radford All Country,Yes,exact_us_zone,US row matched using country + zone + Radford job code.,United States - Z3,Z3 US,United States - TS 100M - 1B Rev Z2 US,U.S. Dollars - USD,TE.OPHD.P2,IT Operations - Information Technology Help Desk - Developing (P2),,,,,100000.0,107559.0,116605.0,125300.0
SYN01009,Milan Price,United States of America,Colorado,Z3,Job Code: JC100500,Sales Engineer Enterprise III,SA.ASRS.P3,IC3,148180.0,160040.5,207466.0,0.9312,149032.99,in_range,0.1,14903.3,163936.29,3.87,1.97,2022-05-28,2024-04-18,5,High,Radford All Country,Yes,exact_us_zone,US row matched using country + zone + Radford job code.,United States - Z3,Z3 US,United States - TS 100M - 1B Rev Z2 US,U.S. Dollars - USD,SA.ASRS.P3,Applications / Systems Engineering - Pre-Sales - Sales Plan - Career (P3),,,,,136925.0,147061.0,152610.0,166600.0
SYN01010,Nico Price,United States of America,California,Z3,Job Code: JC100757,"Vice President, Enterprise Sales",SA.FSMF.E1,VP1,231840.0,289800.0,347760.0,0.92,266616.0,in_range,0.35,93315.6,359931.6,3.8,3.8,2022-06-21,2022-06-15,3,Solid,Radford All Country,Yes,exact_us_zone,US row matched using country + zone + Radford job code.,United States - Z3,Z3 US,United States - TS 100M - 1B Rev Z2 US,U.S. Dollars - USD,SA.FSMF.E1,Field Sales - Sales Account Management - Field Sales - Sales Account Management - Executive - Executive 1 (E1),,,,,266250.0,291750.0,300101.0,334003.0
SYN01011,Aisha Price,United States of America,Virginia,Z3,Job Code: JC100022,CEO,LE.GLEC.E6,E4,366400.0,458000.0,549600.0,0.92,421360.0,in_range,0.0,0.0,421360.0,14.18,14.18,2012-01-25,2012-01-29,3,Solid,Radford All Country,Yes,exact_us_zone,US row matched using country + zone + Radford job code.,United States - Z3,Z3 US,United States - TS 100M - 1B Rev Z2 US,U.S. Dollars - USD,LE.GLEC.E6,General - Chief Executive Officer (CEO) - Corporate - Executive 6 (E6),,,,,500000.0,519750.0,600000.0,697000.0
SYN01012,Priya Price,United States of America,California,Z3,Job Code: JC100029,Commercial Sales Rep III,SA.FSDN.P3,IC3,76752.0,92106.0,107460.0,0.9382,86409.84,in_range,0.1,8640.98,95050.82,2.81,1.21,2023-06-10,2025-01-21,4,Strong,Radford All Country,Yes,exact_us_zone,US row matched using country + zone + Radford job code.,United States - Z3,Z3 US,United States - TS 100M - 1B Rev Z2 US,U.S. Dollars - USD,SA.FSDN.P3,Field Sales - Sales Account Management - Direct Sales - New Accounts - Career (P3),,,,,112000.0,123875.0,134200.0,150620.0
SYN01013,Leah Price,United States of America,Oregon,Z3,Job Code: JC100561,Senior Director Product Marketing,MK.PIPM.M6,D2,211592.0,235589.0,317389.0,1.14,268571.46,in_range,0.3,80571.44,349142.9,4.33,4.33,2021-12-14,2021-12-03,5,High,Radford All Country,Yes,exact_us_zone,US row matched using country + zone + Radford job code.,United States - Z3,Z3 US,United States - TS 100M - 1B Rev Z2 US,U.S. Dollars - USD,MK.PIPM.M6,Product Marketing - Product Marketing - Senior Director (M6),,,,,282000.0,300000.0,321360.0,335000.0
SYN01014,Sophia Price,United States of America,California,Z3,Job Code: JC100501,Sales Engineer Enterprise IV,SA.ASRS.P4,IC4,175567.0,219459.0,263351.0,0.9984,219102.53,in_range,0.1,21910.25,241012.78,4.02,1.95,2022-03-29,2024-04-28,3,Solid,Radford All Country,Yes,exact_us_zone,US row matched using country + zone + Radford job code.,United States - Z3,Z3 US,United States - TS 100M - 1B Rev Z2 US,U.S. Dollars - USD,SA.ASRS.P4,Applications / Systems Engineering - Pre-Sales - Sales Plan - Advanced (P4),,,,,168613.0,175000.0,181247.0,191729.0
SYN01015,Maya Price,United States of America,Texas,Z3,Job Code: JC100577,Senior Director Sales Engineering Enterprise,SA.ASRS.M6,D2,245698.0,276410.0,368547.0,0.9019,249291.58,in_range,0.3,74787.47,324079.05,3.38,3.38,2022-11-14,2022-11-19,3,Solid,Radford All Country,Yes,exact_us_zone,US row matched using country + zone + Radford job code.,United States - Z3,Z3 US,United States - TS 100M - 1B Rev Z2 US,U.S. Dollars - USD,SA.ASRS.M6,Applications / Systems Engineering - Pre-Sales - Sales Plan - Senior Director (M6),,,,,262500.0,276316.0,279320.0,298599.0
SYN01016,Zoe Price,United States of America,California,Z3,Job Code: JC100680,Software Engineer V,EN.SODE.P5,IC5,232338.0,290422.0,348506.0,0.9141,265488.89,in_range,0.15,39823.33,305312.23,3.74,1.9,2022-07-15,2024-05-11,4,Strong,Radford All Country,Yes,exact_us_zone,US row matched using country + zone + Radford job code.,United States - Z3,Z3 US,United States - TS 100M - 1B Rev Z2 US,U.S. Dollars - USD,EN.SODE.P5,Software - Software Development Engineering - Expert (P5),,,,,246000.0,260000.0,270700.0,296706.0
SYN01017,Olivia Price,United States of America,California,Z3,Job Code: JC100283,Manager Commercial Sales,SA.FSDS.M3,M1,106970.0,120447.5,160455.0,1.03,124060.93,in_range,0.2,24812.19,148873.11,4.03,3.0,2022-03-27,2023-04-07,5,High,Radford All Country,Yes,exact_us_zone,US row matched using country + zone + Radford job code.,United States - Z3,Z3 US,United States - TS 100M - 1B Rev Z2 US,U.S. Dollars - USD,SA.FSDS.M3,Field Sales - Sales Account Management - Direct Sales - Manager (M3),,,,,146581.0,151885.0,160575.0,187500.0
SYN01018,Emma Price,United States of America,Colorado,Z3,Job Code: JC100553,Senior Director Legal Counsel,LG.ATMF.M6,D2,240845.0,301056.0,361267.0,1.1186,336759.47,in_range,0.3,101027.84,437787.31,2.66,2.66,2023-08-05,2023-08-04,3,Solid,Radford All Country,Yes,exact_us_zone,US row matched using country + zone + Radford job code.,United States - Z3,Z3 US,United States - TS 100M - 1B Rev Z2 US,U.S. Dollars - USD,LG.ATMF.M6,Attorney - Multi-Focus - Senior Director (M6),,,,,318000.0,327000.0,342400.0,367543.0
SYN01019,Isabella Price,United States of America,Illinois,Z3,Job Code: JC100418,Professional Services III,TC.TSMF.P3,IC3,163135.0,171299.5,228405.0,0.99,169586.51,in_range,0.1,16958.65,186545.16,4.12,3.09,2022-02-16,2023-03-02,5,High,Radford All Country,Yes,exact_us_zone,US row matched using country + zone + Radford job code.,United States - Z3,Z3 US,United States - TS 100M - 1B Rev Z2 US,U.S. Dollars - USD,TC.TSMF.P3,IT Solutions Consulting - Multi-Focus - Career (P3),,,,,125613.0,144000.0,147162.0,165000.0
SYN01020,Mia Price,United States of America,California,Z3,Job Code: JC100536,Senior Director Demand Generation,MK.PIDG.M6,D2,194409.0,226442.0,291613.0,1.1857,268486.37,in_range,0.3,80545.91,349032.28,5.08,5.08,2021-03-14,2021-03-07,5,High,Radford All Country,Yes,exact_us_zone,US row matched using country + zone + Radford job code.,United States - Z3,Z3 US,United States - TS 100M - 1B Rev Z2 US,U.S. Dollars - USD,MK.PIDG.M6,Product Marketing - Demand Generation - Senior Director (M6),,,,,268195.0,286000.0,297500.0,
SYN01021,Amelia Price,United States of America,California,Z3,Job Code: JC100189,Engineering Program Manager V,TE.PMPI.P5,IC5,183225.0,229031.0,274837.0,1.249,286048.54,above_max,0.15,42907.28,328955.82,2.1,1.65,2024-03-06,2024-08-15,3,Solid,Radford All Country,Yes,exact_us_zone,US row matched using country + zone + Radford job code.,United States - Z3,Z3 US,United States - TS 100M - 1B Rev Z2 US,U.S. Dollars - USD,TE.PMPI.P5,Project Management - Project / Program Management - Information Systems - Expert (P5),,,,,211309.0,229170.0,242625.0,
SYN01022,Charlotte Price,United States of America,California,Z3,Job Code: JC101220,"Director, Enterprise Systems Product Management",EN.SDSD.M5,D1,204556.0,255695.5,306835.0,1.11,283822.01,in_range,0.25,70955.5,354777.51,4.62,2.06,2021-08-18,2024-03-21,3,Solid,Radford All Country,Yes,exact_us_zone,US row matched using country + zone + Radford job code.,United States - Z3,Z3 US,United States - TS 100M - 1B Rev Z2 US,U.S. Dollars - USD,EN.SDSD.M5,System Design - System Design / Architecture Engineering - Director (M5),,,,,242161.0,,,
SYN01023,Lila Price,United States of America,New York,Z3,Job Code: JC100403,Product Manager VI,EN.PGPG.P6,IC6,219952.0,256194.0,329928.0,1.21,309994.74,in_range,0.2,61998.95,371993.69,4.24,1.51,2022-01-14,2024-10-06,4,Strong,Radford All Country,Yes,exact_us_zone,US row matched using country + zone + Radford job code.,United States - Z3,Z3 US,United States - TS 100M - 1B Rev Z2 US,U.S. Dollars - USD,EN.PGPG.P6,Product Management - Technology Product Management - Principal (P6),,,,,254276.0,270195.0,288000.0,316800.0
SYN01024,Nora Price,United States of America,California,Z3,Job Code: JC100738,UI/UX Product Designer IV,EN.UUUD.P4,IC4,174391.0,190740.5,261587.0,0.9413,179542.69,in_range,0.1,17954.27,197496.95,3.68,2.21,2022-07-30,2024-01-26,3,Solid,Radford All Country,Yes,exact_us_zone,US row matched using country + zone + Radford job code.,United States - Z3,Z3 US,United States - TS 100M - 1B Rev Z2 US,U.S. Dollars - USD,EN.UUUD.P4,User Interface / User Experience (UI / UX) - UI / UX Design - Advanced (P4),,,,,190000.0,201345.0,211750.0,230000.0
SYN01025,Layla Price,United States of America,Colorado,Z3,Job Code: JC100648,Senior Manager Sales Engineering Enterprise,SA.ASRS.M4,M2,193877.0,218111.5,290815.0,1.0215,222790.85,in_range,0.2,44558.17,267349.02,4.63,2.79,2021-08-22,2023-06-18,4,Strong,Radford All Country,Yes,exact_us_zone,US row matched using country + zone + Radford job code.,United States - Z3,Z3 US,United States - TS 100M - 1B Rev Z2 US,U.S. Dollars - USD,SA.ASRS.M4,Applications / Systems Engineering - Pre-Sales - Sales Plan - Sr Manager (M4),,,,,208250.0,217000.0,219350.0,232213.0
SYN01026,Hazel Price,United States of America,Texas,Z3,Job Code: JC100199,Enterprise Sales Rep III,SA.FSDN.P3,IC3,123415.0,135907.0,172793.0,0.9116,123899.33,in_range,0.1,12389.93,136289.27,3.74,1.67,2022-07-13,2024-08-06,3,Solid,Radford All Country,Yes,exact_us_zone,US row matched using country + zone + Radford job code.,United States - Z3,Z3 US,United States - TS 100M - 1B Rev Z2 US,U.S. Dollars - USD,SA.FSDN.P3,Field Sales - Sales Account Management - Direct Sales - New Accounts - Career (P3),,,,,112000.0,123875.0,134200.0,150620.0
SYN01027,Aria Price,United States of America,California,Z3,Job Code: JC100030,Commercial Sales Rep IV,SA.FSDN.P4,IC4,92552.0,111129.0,138828.0,1.0185,113183.75,in_range,0.1,11318.37,124502.12,4.05,3.06,2022-03-20,2023-03-11,5,High,Radford All Country,Yes,exact_us_zone,US row matched using country + zone + Radford job code.,United States - Z3,Z3 US,United States - TS 100M - 1B Rev Z2 US,U.S. Dollars - USD,SA.FSDN.P4,Field Sales - Sales Account Management - Direct Sales - New Accounts - Advanced (P4),,,,,150000.0,160000.0,165000.0,175000.0
SYN01028,Ivy Price,United States of America,California,Z3,Job Code: JC100030,Commercial Sales Rep IV,SA.FSDN.P4,IC4,92552.0,111129.0,138828.0,0.9126,101412.85,in_range,0.1,10141.28,111554.13,3.06,1.59,2023-03-18,2024-08-29,2,Developing,Radford All Country,Yes,exact_us_zone,US row matched using country + zone + Radford job code.,United States - Z3,Z3 US,United States - TS 100M - 1B Rev Z2 US,U.S. Dollars - USD,SA.FSDN.P4,Field Sales - Sales Account Management - Direct Sales - New Accounts - Advanced (P4),,,,,150000.0,160000.0,165000.0,175000.0
SYN01029,Naomi Price,United States of America,California,Z3,Job Code: JC100367,Marketing Specialist II,MK.GLMF.P2,IC2,90980.0,95532.5,127380.0,1.0411,99457.32,in_range,0.1,9945.73,109403.05,0.5,0.5,2025-10-04,2025-10-04,1,Low,Radford All Country,Yes,exact_us_zone,US row matched using country + zone + Radford job code.,United States - Z3,Z3 US,United States - TS 100M - 1B Rev Z2 US,U.S. Dollars - USD,MK.GLMF.P2,General - Multi-Focus - Developing (P2),,,,,99432.0,102523.0,105791.0,114410.0
SYN01030,Elena Price,United States of America,Colorado,Z3,Job Code: JC100406,Product Marketing Manager III,MK.PIPM.P3,IC3,144283.0,151503.5,202010.0,0.9523,144283.0,in_range,0.1,14428.3,158711.3,2.77,2.15,2023-06-29,2024-02-05,4,Strong,Radford All Country,Yes,exact_us_zone,US row matched using country + zone + Radford job code.,United States - Z3,Z3 US,United States - TS 100M - 1B Rev Z2 US,U.S. Dollars - USD,MK.PIPM.P3,Product Marketing - Product Marketing - Career (P3),,,,,147908.0,155460.0,165789.0,180360.0
SYN01031,Lucy Price,United States of America,California,Z3,Job Code: JC100096,Data Analyst V,TE.DADA.P5,IC5,178493.0,223116.0,267739.0,0.925,206375.5,in_range,0.15,30956.32,237331.82,4.38,1.56,2021-11-15,2024-09-17,4,Strong,Radford All Country,Yes,exact_us_zone,US row matched using country + zone + Radford job code.,United States - Z3,Z3 US,United States - TS 100M - 1B Rev Z2 US,U.S. Dollars - USD,TE.DADA.P5,Data Management & Analytics - Data Analytics - Expert (P5),,,,,211068.0,229339.0,240000.0,251600.0
SYN01032,Stella Price,United States of America,Michigan,Z3,Job Code: JC100508,Sales Operations Analyst V,SA.OPSO.P5,IC5,193901.0,214144.0,290851.0,0.9055,193901.0,in_range,0.15,29085.15,222986.15,2.55,1.43,2023-09-21,2024-10-26,3,Solid,Radford All Country,Yes,exact_us_zone,US row matched using country + zone + Radford job code.,United States - Z3,Z3 US,United States - TS 100M - 1B Rev Z2 US,U.S. Dollars - USD,SA.OPSO.P5,Operations / Sales Support - Sales Operations - Expert (P5),,,,,180000.0,195016.0,204566.0,265000.0
SYN01033,Grace Price,United States of America,California,Z3,Job Code: JC100200,Enterprise Sales Rep IV,SA.FSDN.P4,IC4,147924.0,171310.0,221887.0,0.9035,154775.68,in_range,0.1,15477.57,170253.24,2.88,1.7,2023-05-21,2024-07-27,3,Solid,Radford All Country,Yes,exact_us_zone,US row matched using country + zone + Radford job code.,United States - Z3,Z3 US,United States - TS 100M - 1B Rev Z2 US,U.S. Dollars - USD,SA.FSDN.P4,Field Sales - Sales Account Management - Direct Sales - New Accounts - Advanced (P4),,,,,150000.0,160000.0,165000.0,175000.0
SYN01034,Hannah Price,United States of America,California,Z3,Job Code: JC100677,Software Engineer II,EN.SODE.P2,IC2,140592.0,168717.5,196843.0,1.0053,169607.2,in_range,0.1,16960.72,186567.92,0.69,0.69,2025-07-28,2025-08-02,3,Solid,Radford All Country,Yes,exact_us_zone,US row matched using country + zone + Radford job code.,United States - Z3,Z3 US,United States - TS 100M - 1B Rev Z2 US,U.S. Dollars - USD,EN.SODE.P2,Software - Software Development Engineering - Developing (P2),,,,,150000.0,157600.0,163333.0,180000.0
SYN01035,Violet Price,United States of America,California,Z3,Job Code: JC100678,Software Engineer III,EN.SODE.P3,IC3,174915.0,209906.5,244898.0,0.8739,183441.7,in_range,0.1,18344.17,201785.87,4.41,2.32,2021-11-12,2023-12-11,3,Solid,Radford All Country,Yes,exact_us_zone,US row matched using country + zone + Radford job code.,United States - Z3,Z3 US,United States - TS 100M - 1B Rev Z2 US,U.S. Dollars - USD,EN.SODE.P3,Software - Software Development Engineering - Career (P3),,,,,185500.0,195700.0,203700.0,220000.0
SYN01036,Luna Price,United States of America,Kansas,Z3,Job Code: JC100868,Business Development Enterprise Rep I,SA.ISTL.S1,IC1,30.0,36.0,43.0,0.9634,34.68,in_range,0.0,0.0,34.68,0.62,0.62,2025-08-27,2025-08-28,3,Solid,Radford All Country,Yes,exact_us_zone,US row matched using country + zone + Radford job code.,United States - Z3,Z3 US,United States - TS 100M - 1B Rev Z2 US,U.S. Dollars - USD,SA.ISTL.S1,Inside Sales / Telemarketing - Lead Development - Entry (S1),,,,,56056.0,60002.0,60008.0,65000.0
SYN01037,Evelyn Price,United States of America,California,Z3,Job Code: JC101283,"VP Global Revenue, Commercial",SA.FSMF.E1,VP1,188000.0,235000.0,282000.0,1.02,239700.0,in_range,0.35,83895.0,323595.0,6.17,6.17,2020-02-11,2020-02-07,3,Solid,Radford All Country,Yes,exact_us_zone,US row matched using country + zone + Radford job code.,United States - Z3,Z3 US,United States - TS 100M - 1B Rev Z2 US,U.S. Dollars - USD,SA.FSMF.E1,Field Sales - Sales Account Management - Field Sales - Sales Account Management - Executive - Executive 1 (E1),,,,,266250.0,291750.0,300101.0,334003.0
SYN01038,Benjamin Price,United States of America,California,Z3,Job Code: JC100048,Corporate Counsel IV,LG.ATMF.P4,IC4,217495.0,271868.5,326242.0,0.7285,198063.74,below_min,0.1,19806.37,217870.11,3.0,2.55,2023-03-31,2023-09-24,3,Solid,Radford All Country,Yes,exact_us_zone,US row matched using country + zone + Radford job code.,United States - Z3,Z3 US,United States - TS 100M - 1B Rev Z2 US,U.S. Dollars - USD,LG.ATMF.P4,Attorney - Multi-Focus - Advanced (P4),,,,,218500.0,235855.0,244600.0,270000.0
SYN01039,Liam Price,United States of America,California,Z3,Job Code: JC100209,Executive Assistant IV,CB.ADEA.P4,IC4,134204.0,167755.0,201306.0,0.9381,157366.3,in_range,0.1,15736.63,173102.92,2.63,1.94,2023-08-23,2024-05-03,3,Solid,Radford All Country,Yes,exact_us_zone,US row matched using country + zone + Radford job code.,United States - Z3,Z3 US,United States - TS 100M - 1B Rev Z2 US,U.S. Dollars - USD,CB.ADEA.P4,Administrative Support - Executive Assistant - Advanced (P4),,,,,160000.0,169983.0,176738.0,194922.0
SYN01040,Noah Price,United States of America,Washington,Z3,Job Code: JC100491,SI Alliance / Partnership Specialist V,SA.APAP.P5,IC5,158971.0,177966.0,238457.0,0.8933,158971.0,in_range,0.15,23845.65,182816.65,4.28,1.54,2021-12-20,2024-09-18,3,Solid,Radford All Country,Yes,exact_us_zone,US row matched using country + zone + Radford job code.,United States - Z3,Z3 US,United States - TS 100M - 1B Rev Z2 US,U.S. Dollars - USD,SA.APAP.P5,Alliance Partnership - Alliance Partnership - Expert (P5),,,,,193879.0,208172.0,216993.0,238234.0
SYN01041,Ethan Price,United States of America,Michigan,Z3,Job Code: JC100200,Enterprise Sales Rep IV,SA.FSDN.P4,IC4,147924.0,171310.0,221887.0,0.9227,158073.37,in_range,0.1,15807.34,173880.7,3.48,1.78,2022-10-11,2024-06-29,3,Solid,Radford All Country,Yes,exact_us_zone,US row matched using country + zone + Radford job code.,United States - Z3,Z3 US,United States - TS 100M - 1B Rev Z2 US,U.S. Dollars - USD,SA.FSDN.P4,Field Sales - Sales Account Management - Direct Sales - New Accounts - Advanced (P4),,,,,150000.0,160000.0,165000.0,175000.0
SYN01042,Mason Price,United States of America,Louisiana,Z3,Job Code: JC100401,Product Manager IV,EN.PGPG.P4,IC4,215424.0,235620.0,323136.0,0.9143,215424.0,in_range,0.1,21542.4,236966.4,3.19,1.78,2023-01-21,2024-07-02,3,Solid,Radford All Country,Yes,exact_us_zone,US row matched using country + zone + Radford job code.,United States - Z3,Z3 US,United States - TS 100M - 1B Rev Z2 US,U.S. Dollars - USD,EN.PGPG.P4,Product Management - Technology Product Management - Advanced (P4),,,,,209950.0,220000.0,228000.0,242621.0
SYN01043,Lucas Price,United States of America,California,Z3,Job Code: JC100154,"Director, Talent Acquisition",HR.TATA.M5,D1,183222.0,213412.5,274833.0,1.0892,232453.28,in_range,0.25,58113.32,290566.6,2.73,2.13,2023-07-21,2024-02-19,4,Strong,Radford All Country,Yes,exact_us_zone,US row matched using country + zone + Radford job code.,United States - Z3,Z3 US,United States - TS 100M - 1B Rev Z2 US,U.S. Dollars - USD,HR.TATA.M5,Talent Acquisition - Talent Acquisition - Director (M5),,,,,235000.0,244320.0,261594.0,307100.0
SYN01044,Elijah Price,United States of America,Colorado,Z3,Job Code: JC100131,Director Financial Planning/Analysis,FI.ACFP.M5,D1,189223.0,236529.0,283835.0,0.89,210510.81,in_range,0.25,52627.7,263138.51,3.57,1.28,2022-09-10,2024-12-19,3,Solid,Radford All Country,Yes,exact_us_zone,US row matched using country + zone + Radford job code.,United States - Z3,Z3 US,United States - TS 100M - 1B Rev Z2 US,U.S. Dollars - USD,FI.ACFP.M5,Accounting - Financial Planning & Analysis - Director (M5),,,,,230000.0,246868.0,253142.0,275000.0
SYN01046,Henry Price,United States of America,Colorado,Z3,Job Code: JC100189,Engineering Program Manager V,TE.PMPI.P5,IC5,183225.0,229031.0,274837.0,1.0168,232878.37,in_range,0.15,34931.76,267810.12,5.22,2.07,2021-01-16,2024-03-19,5,High,Radford All Country,Yes,exact_us_zone,US row matched using country + zone + Radford job code.,United States - Z3,Z3 US,United States - TS 100M - 1B Rev Z2 US,U.S. Dollars - USD,TE.PMPI.P5,Project Management - Project / Program Management - Information Systems - Expert (P5),,,,,211309.0,229170.0,242625.0,
SYN01047,Alexander Price,United States of America,California,Z3,Job Code: JC100216,Financial Analyst VI,FI.ACFP.P6,IC6,170194.0,202611.5,255291.0,1.0035,203316.4,in_range,0.2,40663.28,243979.68,6.89,2.79,2019-05-16,2023-06-18,4,Strong,Radford All Country,Yes,exact_us_zone,US row matched using country + zone + Radford job code.,United States - Z3,Z3 US,United States - TS 100M - 1B Rev Z2 US,U.S. Dollars - USD,FI.ACFP.P6,Accounting - Financial Planning & Analysis - Principal (P6),,,,,218490.0,230697.0,237567.0,
SYN01048,Daniel Price,United States of America,Massachusetts,Z3,Job Code: JC100519,Security Engineer IV,EN.SOPS.P4,IC4,196033.0,214236.0,294050.0,1.3858,296893.71,above_max,0.1,29689.37,326583.08,0.47,0.47,2025-10-24,2025-10-14,3,Solid,Radford All Country,Yes,exact_us_zone,US row matched using country + zone + Radford job code.,United States - Z3,Z3 US,United States - TS 100M - 1B Rev Z2 US,U.S. Dollars - USD,EN.SOPS.P4,Software - Product / Application Security Engineering - Advanced (P4),,,,,230000.0,239817.0,247285.0,259880.0
SYN01049,Samuel Price,United States of America,California,Z3,Job Code: JC100132,"Director Governance, Risk and Compliance",CB.BRRC.M5,D1,206663.0,258329.0,309995.0,1.02,263495.58,in_range,0.25,65873.9,329369.48,2.2,1.51,2024-01-26,2024-09-28,3,Solid,Radford All Country,No,unmatched,No match found on expected US country/zone + Radford job code.,,,,,,,,,,,,,,
SYN01050,Owen Price,United States of America,California,Z3,Job Code: JC100868,Business Development Enterprise Rep I,SA.ISTL.S1,IC1,30.0,36.0,43.0,1.0921,39.31,in_range,0.0,0.0,39.31,0.19,0.19,2026-01-21,2026-01-30,,,Radford All Country,Yes,exact_us_zone,US row matched using country + zone + Radford job code.,United States - Z3,Z3 US,United States - TS 100M - 1B Rev Z2 US,U.S. Dollars - USD,SA.ISTL.S1,Inside Sales / Telemarketing - Lead Development - Entry (S1),,,,,56056.0,60002.0,60008.0,65000.0
SYN01051,Jack Price,United States of America,California,Z3,Job Code: JC100089,Customer Support Engineer IV,CS.FSTS.P4,IC4,128665.0,160831.0,192997.0,1.0907,175414.65,in_range,0.1,17541.47,192956.12,3.39,2.5,2022-11-17,2023-10-12,3,Solid,Radford All Country,Yes,exact_us_zone,US row matched using country + zone + Radford job code.,United States - Z3,Z3 US,United States - TS 100M - 1B Rev Z2 US,U.S. Dollars - USD,CS.FSTS.P4,Field Support - Technical Support Engineering - Advanced (P4),,,,,130650.0,139560.0,150984.0,168419.0
SYN01052,Julian Price,United States of America,California,Z3,Job Code: JC100201,Enterprise Sales Rep V,SA.FSDN.P5,IC5,163363.0,189189.0,245045.0,0.8635,163363.0,in_range,0.15,24504.45,187867.45,5.08,3.98,2021-03-10,2022-04-20,3,Solid,Radford All Country,Yes,exact_us_zone,US row matched using country + zone + Radford job code.,United States - Z3,Z3 US,United States - TS 100M - 1B Rev Z2 US,U.S. Dollars - USD,SA.FSDN.P5,Field Sales - Sales Account Management - Direct Sales - New Accounts - Expert (P5),,,,,170600.0,179687.0,185000.0,207950.0
SYN01053,Leo Price,United States of America,Colorado,Z3,Job Code: JC100501,Sales Engineer Enterprise IV,SA.ASRS.P4,IC4,175567.0,219459.0,263351.0,0.9564,209899.93,in_range,0.1,20989.99,230889.93,3.51,2.99,2022-10-09,2023-04-07,3,Solid,Radford All Country,Yes,exact_us_zone,US row matched using country + zone + Radford job code.,United States - Z3,Z3 US,United States - TS 100M - 1B Rev Z2 US,U.S. Dollars - USD,SA.ASRS.P4,Applications / Systems Engineering - Pre-Sales - Sales Plan - Advanced (P4),,,,,168613.0,175000.0,181247.0,191729.0
SYN01054,Isaac Price,United States of America,Oregon,Z3,Job Code: JC100200,Enterprise Sales Rep IV,SA.FSDN.P4,IC4,147924.0,171310.0,221887.0,0.9258,158594.76,in_range,0.1,15859.48,174454.23,4.82,1.79,2021-06-07,2024-06-19,3,Solid,Radford All Country,Yes,exact_us_zone,US row matched using country + zone + Radford job code.,United States - Z3,Z3 US,United States - TS 100M - 1B Rev Z2 US,U.S. Dollars - USD,SA.FSDN.P4,Field Sales - Sales Account Management - Direct Sales - New Accounts - Advanced (P4),,,,,150000.0,160000.0,165000.0,175000.0
SYN01055,Sebastian Price,United States of America,Colorado,Z3,Job Code: JC100680,Software Engineer V,EN.SODE.P5,IC5,232338.0,290422.0,348506.0,0.9317,270581.87,in_range,0.15,40587.28,311169.15,3.54,2.44,2022-09-16,2023-11-01,4,Strong,Radford All Country,Yes,exact_us_zone,US row matched using country + zone + Radford job code.,United States - Z3,Z3 US,United States - TS 100M - 1B Rev Z2 US,U.S. Dollars - USD,EN.SODE.P5,Software - Software Development Engineering - Expert (P5),,,,,246000.0,260000.0,270700.0,296706.0
SYN01056,Caleb Price,United States of America,California,Z3,Job Code: JC100418,Professional Services III,TC.TSMF.P3,IC3,163135.0,171299.5,228405.0,0.99,169586.51,in_range,0.1,16958.65,186545.16,0.38,0.38,2025-11-26,2025-11-22,4,Strong,Radford All Country,Yes,exact_us_zone,US row matched using country + zone + Radford job code.,United States - Z3,Z3 US,United States - TS 100M - 1B Rev Z2 US,U.S. Dollars - USD,TC.TSMF.P3,IT Solutions Consulting - Multi-Focus - Career (P3),,,,,125613.0,144000.0,147162.0,165000.0
SYN01057,Avery Bennett,United States of America,California,Z3,Job Code: JC100419,Professional Services IV,TC.TSMF.P4,IC4,191981.0,209979.0,287971.0,0.9605,201676.31,in_range,0.1,20167.63,221843.95,4.52,2.18,2021-09-30,2024-01-30,3,Solid,Radford All Country,Yes,exact_us_zone,US row matched using country + zone + Radford job code.,United States - Z3,Z3 US,United States - TS 100M - 1B Rev Z2 US,U.S. Dollars - USD,TC.TSMF.P4,IT Solutions Consulting - Multi-Focus - Advanced (P4),,,,,156457.0,173834.0,182750.0,204168.0
SYN01058,Jordan Bennett,United States of America,North Carolina,Z3,Job Code: JC100419,Professional Services IV,TC.TSMF.P4,IC4,191981.0,209979.0,287971.0,0.9709,203871.73,in_range,0.1,20387.17,224258.9,4.21,2.35,2022-01-26,2023-11-29,3,Solid,Radford All Country,Yes,exact_us_zone,US row matched using country + zone + Radford job code.,United States - Z3,Z3 US,United States - TS 100M - 1B Rev Z2 US,U.S. Dollars - USD,TC.TSMF.P4,IT Solutions Consulting - Multi-Focus - Advanced (P4),,,,,156457.0,173834.0,182750.0,204168.0
SYN01059,Taylor Bennett,United States of America,California,Z3,Job Code: JC100200,Enterprise Sales Rep IV,SA.FSDN.P4,IC4,147924.0,171310.0,221887.0,0.9638,165103.59,in_range,0.1,16510.36,181613.95,1.92,1.44,2024-05-07,2024-10-24,3,Solid,Radford All Country,Yes,exact_us_zone,US row matched using country + zone + Radford job code.,United States - Z3,Z3 US,United States - TS 100M - 1B Rev Z2 US,U.S. Dollars - USD,SA.FSDN.P4,Field Sales - Sales Account Management - Direct Sales - New Accounts - Advanced (P4),,,,,150000.0,160000.0,165000.0,175000.0
SYN01060,Morgan Bennett,United States of America,California,Z3,Job Code: JC100019,Business Development Rep II,SA.ISTL.P2,IC2,29.0,32.0,41.0,0.9863,31.56,in_range,0.1,3.16,34.72,0.8,0.8,2025-06-25,2025-06-22,3,Solid,Radford All Country,No,unmatched,No match found on expected US country/zone + Radford job code.,,,,,,,,,,,,,,
SYN01061,Cameron Bennett,United States of America,California,Z3,Job Code: JC101097,SVP Data Analytics,,E2,280000.0,350000.0,420000.0,1.0,350000.0,in_range,0.0,0.0,350000.0,8.18,8.18,2018-01-26,2018-02-07,4,Strong,Radford All Country,No,unmatched,No FJC Radford code available for market join.,,,,,,,,,,,,,,
SYN01062,Riley Bennett,United States of America,Colorado,Z3,Job Code: JC100419,Professional Services IV,TC.TSMF.P4,IC4,191981.0,209979.0,287971.0,0.9177,192702.99,in_range,0.1,19270.3,211973.29,4.67,1.53,2021-07-31,2024-09-18,3,Solid,Radford All Country,Yes,exact_us_zone,US row matched using country + zone + Radford job code.,United States - Z3,Z3 US,United States - TS 100M - 1B Rev Z2 US,U.S. Dollars - USD,TC.TSMF.P4,IT Solutions Consulting - Multi-Focus - Advanced (P4),,,,,156457.0,173834.0,182750.0,204168.0
SYN01063,Parker Bennett,United States of America,California,Z3,Job Code: JC101255,Chief Legal Officer,,E3,320000.0,400000.0,480000.0,1.05,420000.0,in_range,0.0,0.0,420000.0,3.86,3.86,2022-05-25,2022-05-23,5,High,Radford All Country,No,unmatched,No FJC Radford code available for market join.,,,,,,,,,,,,,,
SYN01064,Quinn Bennett,United States of America,California,Z3,Job Code: JC100101,Demand Generation Specialist III,MK.PIDG.P3,IC3,120691.0,125500.5,168979.0,0.9718,121965.35,in_range,0.1,12196.54,134161.89,1.88,1.25,2024-05-23,2025-01-12,3,Solid,Radford All Country,Yes,exact_us_zone,US row matched using country + zone + Radford job code.,United States - Z3,Z3 US,United States - TS 100M - 1B Rev Z2 US,U.S. Dollars - USD,MK.PIDG.P3,Product Marketing - Demand Generation - Career (P3),,,,,128000.0,139120.0,145000.0,154727.0
SYN01065,Hayden Bennett,United States of America,North Carolina,Z3,Job Code: JC100201,Enterprise Sales Rep V,SA.FSDN.P5,IC5,163363.0,189189.0,245045.0,0.9523,180155.39,in_range,0.15,27023.31,207178.7,4.7,1.95,2021-07-26,2024-04-30,3,Solid,Radford All Country,Yes,exact_us_zone,US row matched using country + zone + Radford job code.,United States - Z3,Z3 US,United States - TS 100M - 1B Rev Z2 US,U.S. Dollars - USD,SA.FSDN.P5,Field Sales - Sales Account Management - Direct Sales - New Accounts - Expert (P5),,,,,170600.0,179687.0,185000.0,207950.0
SYN01066,Rowan Bennett,United States of America,Washington,Z3,Job Code: JC100029,Commercial Sales Rep III,SA.FSDN.P3,IC3,76752.0,92106.0,107460.0,0.8333,76752.0,in_range,0.1,7675.2,84427.2,0.81,0.81,2025-06-13,2025-06-08,3,Solid,Radford All Country,Yes,exact_us_zone,US row matched using country + zone + Radford job code.,United States - Z3,Z3 US,United States - TS 100M - 1B Rev Z2 US,U.S. Dollars - USD,SA.FSDN.P3,Field Sales - Sales Account Management - Direct Sales - New Accounts - Career (P3),,,,,112000.0,123875.0,134200.0,150620.0
SYN01067,Casey Bennett,United States of America,New Jersey,Z3,Job Code: JC100408,Product Marketing Manager V,MK.PIPM.P5,IC5,195103.0,243878.5,292654.0,0.8867,216247.68,in_range,0.15,32437.15,248684.83,4.83,2.32,2021-06-15,2023-12-09,3,Solid,Radford All Country,Yes,exact_us_zone,US row matched using country + zone + Radford job code.,United States - Z3,Z3 US,United States - TS 100M - 1B Rev Z2 US,U.S. Dollars - USD,MK.PIPM.P5,Product Marketing - Product Marketing - Expert (P5),,,,,210000.0,223014.0,230450.0,248815.0
SYN01068,Alex Bennett,United States of America,California,Z3,Job Code: JC100951,Systems Engineer III,TE.ISIS.P3,IC3,157424.0,165166.5,220408.0,1.0585,174834.28,in_range,0.1,17483.43,192317.7,2.87,1.65,2023-05-21,2024-08-12,4,Strong,Radford All Country,No,unmatched,No match found on expected US country/zone + Radford job code.,,,,,,,,,,,,,,
SYN01069,Jamie Bennett,United States of America,Colorado,Z3,Job Code: JC100580,Senior Director Sales Training,SA.OPSE.M6,D2,213287.0,236918.5,319930.0,1.16,274825.46,in_range,0.3,82447.64,357273.1,4.42,4.42,2021-11-08,2021-11-07,3,Solid,Radford All Country,Yes,exact_us_zone,US row matched using country + zone + Radford job code.,United States - Z3,Z3 US,United States - TS 100M - 1B Rev Z2 US,U.S. Dollars - USD,SA.OPSE.M6,Operations / Sales Support - Sales Enablement - Senior Director (M6),,,,,255000.0,279518.0,294940.0,
SYN01070,Blake Bennett,United States of America,Colorado,Z3,Job Code: JC100401,Product Manager IV,EN.PGPG.P4,IC4,215424.0,235620.0,323136.0,0.9143,215424.0,in_range,0.1,21542.4,236966.4,2.31,1.48,2023-12-08,2024-10-15,3,Solid,Radford All Country,Yes,exact_us_zone,US row matched using country + zone + Radford job code.,United States - Z3,Z3 US,United States - TS 100M - 1B Rev Z2 US,U.S. Dollars - USD,EN.PGPG.P4,Product Management - Technology Product Management - Advanced (P4),,,,,209950.0,220000.0,228000.0,242621.0
SYN01071,Drew Bennett,United States of America,California,Z3,Job Code: JC100437,Talent Acquisition Partner IV,HR.TATA.P4,IC4,150156.0,164232.5,225234.0,1.0043,164945.53,in_range,0.1,16494.55,181440.09,3.18,2.06,2023-02-03,2024-03-11,3,Solid,Radford All Country,Yes,exact_us_zone,US row matched using country + zone + Radford job code.,United States - Z3,Z3 US,United States - TS 100M - 1B Rev Z2 US,U.S. Dollars - USD,HR.TATA.P4,Talent Acquisition - Talent Acquisition - Advanced (P4),,,,,168500.0,178220.0,182050.0,200893.0
SYN01072,Reese Bennett,United States of America,California,Z3,Job Code: JC100868,Business Development Enterprise Rep I,SA.ISTL.S1,IC1,30.0,36.0,43.0,1.2269,44.17,above_max,0.0,0.0,44.17,0.35,0.35,2025-11-24,2025-11-27,3,Solid,Radford All Country,Yes,exact_us_zone,US row matched using country + zone + Radford job code.,United States - Z3,Z3 US,United States - TS 100M - 1B Rev Z2 US,U.S. Dollars - USD,SA.ISTL.S1,Inside Sales / Telemarketing - Lead Development - Entry (S1),,,,,56056.0,60002.0,60008.0,65000.0
SYN01073,Sydney Bennett,United States of America,California,Z3,Job Code: JC100340,Manager Software Engineering,EN.SODE.M3,M1,211513.0,233376.0,317269.0,0.9994,233235.08,in_range,0.2,46647.02,279882.09,4.23,2.09,2022-01-15,2024-02-27,3,Solid,Radford All Country,Yes,exact_us_zone,US row matched using country + zone + Radford job code.,United States - Z3,Z3 US,United States - TS 100M - 1B Rev Z2 US,U.S. Dollars - USD,EN.SODE.M3,Software - Software Development Engineering - Manager (M3),,,,,231650.0,245000.0,253800.0,272441.0
SYN01074,Emerson Bennett,United States of America,California,Z3,Job Code: JC100951,Systems Engineer III,TE.ISIS.P3,IC3,157424.0,165166.5,220408.0,1.0494,173330.29,in_range,0.1,17333.03,190663.32,3.09,2.57,2023-02-27,2023-09-08,4,Strong,Radford All Country,No,unmatched,No match found on expected US country/zone + Radford job code.,,,,,,,,,,,,,,
SYN01075,Logan Bennett,United States of America,Utah,Z3,Job Code: JC100678,Software Engineer III,EN.SODE.P3,IC3,174915.0,209906.5,244898.0,0.9041,189771.12,in_range,0.1,18977.11,208748.23,3.65,2.46,2022-08-08,2023-10-25,3,Solid,Radford All Country,Yes,exact_us_zone,US row matched using country + zone + Radford job code.,United States - Z3,Z3 US,United States - TS 100M - 1B Rev Z2 US,U.S. Dollars - USD,EN.SODE.P3,Software - Software Development Engineering - Career (P3),,,,,185500.0,195700.0,203700.0,220000.0
SYN01076,Skyler Bennett,United States of America,Alaska,Z3,Job Code: JC100680,Software Engineer V,EN.SODE.P5,IC5,232338.0,290422.0,348506.0,0.8269,240151.02,in_range,0.15,36022.65,276173.67,5.04,1.86,2021-03-22,2024-06-04,3,Solid,Radford All Country,Yes,exact_us_zone,US row matched using country + zone + Radford job code.,United States - Z3,Z3 US,United States - TS 100M - 1B Rev Z2 US,U.S. Dollars - USD,EN.SODE.P5,Software - Software Development Engineering - Expert (P5),,,,,246000.0,260000.0,270700.0,296706.0
SYN01077,Finley Bennett,United States of America,Virginia,Z3,Job Code: JC100201,Enterprise Sales Rep V,SA.FSDN.P5,IC5,163363.0,189189.0,245045.0,0.9024,170718.03,in_range,0.15,25607.7,196325.73,3.38,1.86,2022-11-14,2024-05-30,3,Solid,Radford All Country,Yes,exact_us_zone,US row matched using country + zone + Radford job code.,United States - Z3,Z3 US,United States - TS 100M - 1B Rev Z2 US,U.S. Dollars - USD,SA.FSDN.P5,Field Sales - Sales Account Management - Direct Sales - New Accounts - Expert (P5),,,,,170600.0,179687.0,185000.0,207950.0
SYN01078,Harper Bennett,United States of America,California,Z3,Job Code: JC100264,Leadership & Development IV,HR.LDOD.P4,IC4,146837.0,159043.5,220255.0,1.07,170176.55,in_range,0.1,17017.65,187194.2,3.62,2.09,2022-08-23,2024-03-02,4,Strong,Radford All Country,Yes,exact_us_zone,US row matched using country + zone + Radford job code.,United States - Z3,Z3 US,United States - TS 100M - 1B Rev Z2 US,U.S. Dollars - USD,HR.LDOD.P4,Learning & Development - Organizational Effectiveness - Advanced (P4),,,,,158040.0,191560.0,194700.0,
SYN01079,Elliot Bennett,United States of America,Oregon,Z3,Job Code: JC100501,Sales Engineer Enterprise IV,SA.ASRS.P4,IC4,175567.0,219459.0,263351.0,0.9643,211629.97,in_range,0.1,21163.0,232792.96,3.27,2.44,2022-12-30,2023-11-03,3,Solid,Radford All Country,Yes,exact_us_zone,US row matched using country + zone + Radford job code.,United States - Z3,Z3 US,United States - TS 100M - 1B Rev Z2 US,U.S. Dollars - USD,SA.ASRS.P4,Applications / Systems Engineering - Pre-Sales - Sales Plan - Advanced (P4),,,,,168613.0,175000.0,181247.0,191729.0
SYN01080,Dakota Bennett,United States of America,Arizona,Z3,Job Code: JC100095,Data Analyst IV,TE.DADA.P4,IC4,156082.0,195102.5,234123.0,0.8928,174191.75,in_range,0.1,17419.18,191610.93,4.44,1.06,2021-11-02,2025-03-09,5,High,Radford All Country,Yes,exact_us_zone,US row matched using country + zone + Radford job code.,United States - Z3,Z3 US,United States - TS 100M - 1B Rev Z2 US,U.S. Dollars - USD,TE.DADA.P4,Data Management & Analytics - Data Analytics - Advanced (P4),,,,,175000.0,188818.0,191759.0,215400.0
SYN01081,Kendall Bennett,United States of America,California,Z3,Job Code: JC100466,SE Commercial IV,,IC4,158878.0,198597.0,238316.0,1.0389,206325.5,in_range,0.1,20632.55,226958.04,2.94,1.75,2023-04-23,2024-07-11,4,Strong,Radford All Country,No,unmatched,No FJC Radford code available for market join.,,,,,,,,,,,,,,
SYN01082,Sage Bennett,United States of America,Tennessee,Z3,Job Code: JC100031,Commercial Sales Rep V,SA.FSDN.P5,IC5,109819.0,129730.0,164729.0,0.9409,122064.38,in_range,0.15,18309.66,140374.04,2.19,1.65,2024-02-03,2024-08-13,4,Strong,Radford All Country,Yes,exact_us_zone,US row matched using country + zone + Radford job code.,United States - Z3,Z3 US,United States - TS 100M - 1B Rev Z2 US,U.S. Dollars - USD,SA.FSDN.P5,Field Sales - Sales Account Management - Direct Sales - New Accounts - Expert (P5),,,,,170600.0,179687.0,185000.0,207950.0
SYN01083,Peyton Bennett,United States of America,Iowa,Z3,Job Code: JC100419,Professional Services IV,TC.TSMF.P4,IC4,191981.0,209979.0,287971.0,0.9685,203368.59,in_range,0.1,20336.86,223705.45,1.68,1.38,2024-07-30,2024-11-17,3,Solid,Radford All Country,Yes,exact_us_zone,US row matched using country + zone + Radford job code.,United States - Z3,Z3 US,United States - TS 100M - 1B Rev Z2 US,U.S. Dollars - USD,TC.TSMF.P4,IT Solutions Consulting - Multi-Focus - Advanced (P4),,,,,156457.0,173834.0,182750.0,204168.0
SYN01084,Tatum Bennett,United States of America,Tennessee,Z3,Job Code: JC100680,Software Engineer V,EN.SODE.P5,IC5,232338.0,290422.0,348506.0,0.8821,256194.38,in_range,0.15,38429.16,294623.53,5.49,2.96,2020-10-10,2023-04-24,3,Solid,Radford All Country,Yes,exact_us_zone,US row matched using country + zone + Radford job code.,United States - Z3,Z3 US,United States - TS 100M - 1B Rev Z2 US,U.S. Dollars - USD,EN.SODE.P5,Software - Software Development Engineering - Expert (P5),,,,,246000.0,260000.0,270700.0,296706.0
SYN01085,Micah Bennett,United States of America,Colorado,Z3,Job Code: JC100184,Engineering Intern,,IC0,43.0,51.0,60.0,1.2077,61.59,above_max,0.0,0.0,61.59,0.52,0.52,2025-09-24,2025-09-30,4,Strong,Radford All Country,No,unmatched,No FJC Radford code available for market join.,,,,,,,,,,,,,,
SYN01086,Robin Bennett,United States of America,Colorado,Z3,Job Code: JC101289,Account Manager IV,,IC4,119280.0,136911.0,178920.0,0.8459,115812.71,below_min,0.1,11581.27,127393.98,4.21,2.8,2022-01-17,2023-06-19,4,Strong,Radford All Country,No,unmatched,No FJC Radford code available for market join.,,,,,,,,,,,,,,
SYN01087,Devon Bennett,United States of America,Colorado,Z3,Job Code: JC100635,Senior Manager Professional Services,TC.TSMF.M4,M2,213928.0,246782.0,320893.0,1.1242,277439.81,in_range,0.2,55487.96,332927.77,6.23,3.29,2020-01-10,2022-12-15,4,Strong,Radford All Country,Yes,exact_us_zone,US row matched using country + zone + Radford job code.,United States - Z3,Z3 US,United States - TS 100M - 1B Rev Z2 US,U.S. Dollars - USD,TC.TSMF.M4,IT Solutions Consulting - Multi-Focus - Sr Manager (M4),,,,,189170.0,208413.0,220848.0,230000.0
SYN01089,Charlie Bennett,United States of America,Colorado,Z3,Job Code: JC101277,Product Support Partner II,SA.CRCS.P2,IC2,107996.0,113400.0,151204.0,0.9523,107996.0,in_range,0.1,10799.6,118795.6,0.63,0.63,2025-08-22,2025-08-23,4,Strong,Radford All Country,Yes,exact_us_zone,US row matched using country + zone + Radford job code.,United States - Z3,Z3 US,United States - TS 100M - 1B Rev Z2 US,U.S. Dollars - USD,SA.CRCS.P2,Customer Relationship Management - Customer Success - Developing (P2),,,,,92227.0,100000.0,104750.0,114050.0
SYN01090,Remy Bennett,United States of America,Missouri,Z3,Job Code: JC100241,HR Generalist IV,HR.GLGL.P4,IC4,138046.0,172557.5,207069.0,0.9911,171020.47,in_range,0.1,17102.05,188122.51,3.76,2.4,2022-07-01,2023-11-17,3,Solid,Radford All Country,Yes,exact_us_zone,US row matched using country + zone + Radford job code.,United States - Z3,Z3 US,United States - TS 100M - 1B Rev Z2 US,U.S. Dollars - USD,HR.GLGL.P4,General - HR Generalist - Advanced (P4),,,,,147770.0,150750.0,155039.0,172400.0
SYN01091,Shawn Bennett,United States of America,North Carolina,Z3,Job Code: JC100715,Tech Alliance / Partnership Specialist V,SA.APAP.P6,IC5,162427.0,203034.0,243641.0,0.9025,183241.68,in_range,0.15,27486.25,210727.93,2.24,1.77,2024-01-08,2024-07-01,3,Solid,Radford All Country,Yes,exact_us_zone,US row matched using country + zone + Radford job code.,United States - Z3,Z3 US,United States - TS 100M - 1B Rev Z2 US,U.S. Dollars - USD,SA.APAP.P6,Alliance Partnership - Alliance Partnership - Principal (P6),,,,,233650.0,270250.0,275410.0,
SYN01092,Noel Bennett,United States of America,Colorado,Z3,Job Code: JC100201,Enterprise Sales Rep V,SA.FSDN.P5,IC5,163363.0,189189.0,245045.0,0.8703,164649.48,in_range,0.15,24697.42,189346.9,4.95,3.32,2021-04-24,2022-12-11,3,Solid,Radford All Country,Yes,exact_us_zone,US row matched using country + zone + Radford job code.,United States - Z3,Z3 US,United States - TS 100M - 1B Rev Z2 US,U.S. Dollars - USD,SA.FSDN.P5,Field Sales - Sales Account Management - Direct Sales - New Accounts - Expert (P5),,,,,170600.0,179687.0,185000.0,207950.0
SYN01093,Aubrey Bennett,United States of America,California,Z3,Job Code: JC101061,Chief Product Officer,,E3,344000.0,430000.0,516000.0,1.0,430000.0,in_range,0.0,0.0,430000.0,4.37,4.37,2021-11-30,2021-11-26,4,Strong,Radford All Country,No,unmatched,No FJC Radford code available for market join.,,,,,,,,,,,,,,
SYN01094,Bailey Bennett,United States of America,California,Z3,Job Code: JC100679,Software Engineer IV,EN.SODE.P4,IC4,196033.0,245041.5,294050.0,1.0151,248732.45,in_range,0.1,24873.24,273605.69,3.86,2.2,2022-05-29,2024-01-19,3,Solid,Radford All Country,Yes,exact_us_zone,US row matched using country + zone + Radford job code.,United States - Z3,Z3 US,United States - TS 100M - 1B Rev Z2 US,U.S. Dollars - USD,EN.SODE.P4,Software - Software Development Engineering - Advanced (P4),,,,,214795.0,226800.0,235000.0,251619.0
SYN01095,Jules Bennett,United States of America,California,Z3,Job Code: JC100096,Data Analyst V,TE.DADA.P5,IC5,178493.0,223116.0,267739.0,0.9083,202663.68,in_range,0.15,30399.55,233063.23,3.1,2.1,2023-02-28,2024-02-24,3,Solid,Radford All Country,Yes,exact_us_zone,US row matched using country + zone + Radford job code.,United States - Z3,Z3 US,United States - TS 100M - 1B Rev Z2 US,U.S. Dollars - USD,TE.DADA.P5,Data Management & Analytics - Data Analytics - Expert (P5),,,,,211068.0,229339.0,240000.0,251600.0
SYN01096,Kieran Bennett,United States of America,New Hampshire,Z3,Job Code: JC100419,Professional Services IV,TC.TSMF.P4,IC4,191981.0,209979.0,287971.0,1.0283,215915.72,in_range,0.1,21591.57,237507.29,3.63,2.91,2022-08-18,2023-05-08,4,Strong,Radford All Country,Yes,exact_us_zone,US row matched using country + zone + Radford job code.,United States - Z3,Z3 US,United States - TS 100M - 1B Rev Z2 US,U.S. Dollars - USD,TC.TSMF.P4,IT Solutions Consulting - Multi-Focus - Advanced (P4),,,,,156457.0,173834.0,182750.0,204168.0
SYN01097,Marlowe Bennett,United States of America,Colorado,Z3,Job Code: JC100419,Professional Services IV,TC.TSMF.P4,IC4,191981.0,209979.0,287971.0,0.961,201796.18,in_range,0.1,20179.62,221975.8,4.32,2.31,2021-12-18,2023-12-18,3,Solid,Radford All Country,Yes,exact_us_zone,US row matched using country + zone + Radford job code.,United States - Z3,Z3 US,United States - TS 100M - 1B Rev Z2 US,U.S. Dollars - USD,TC.TSMF.P4,IT Solutions Consulting - Multi-Focus - Advanced (P4),,,,,156457.0,173834.0,182750.0,204168.0
SYN01098,Adrian Bennett,United States of America,New Hampshire,Z3,Job Code: JC100029,Commercial Sales Rep III,SA.FSDN.P3,IC3,76752.0,92106.0,107460.0,0.9456,87092.75,in_range,0.1,8709.28,95802.03,3.26,1.35,2023-01-01,2024-11-23,3,Solid,Radford All Country,Yes,exact_us_zone,US row matched using country + zone + Radford job code.,United States - Z3,Z3 US,United States - TS 100M - 1B Rev Z2 US,U.S. Dollars - USD,SA.FSDN.P3,Field Sales - Sales Account Management - Direct Sales - New Accounts - Career (P3),,,,,112000.0,123875.0,134200.0,150620.0
SYN01099,Eden Bennett,United States of America,Tennessee,Z3,Job Code: JC100087,Customer Support Engineer II,CS.FSTS.P2,IC2,89731.0,96590.5,125632.0,0.929,89731.0,in_range,0.1,8973.1,98704.1,0.43,0.43,2025-11-08,2025-11-06,4,Strong,Radford All Country,Yes,exact_us_zone,US row matched using country + zone + Radford job code.,United States - Z3,Z3 US,United States - TS 100M - 1B Rev Z2 US,U.S. Dollars - USD,CS.FSTS.P2,Field Support - Technical Support Engineering - Developing (P2),,,,,91000.0,100109.0,107901.0,129190.0
SYN01100,Jesse Bennett,United States of America,Colorado,Z3,Job Code: JC100201,Enterprise Sales Rep V,SA.FSDN.P5,IC5,163363.0,189189.0,245045.0,0.9153,173166.08,in_range,0.15,25974.91,199140.99,2.67,1.37,2023-08-05,2024-11-26,1,Low,Radford All Country,Yes,exact_us_zone,US row matched using country + zone + Radford job code.,United States - Z3,Z3 US,United States - TS 100M - 1B Rev Z2 US,U.S. Dollars - USD,SA.FSDN.P5,Field Sales - Sales Account Management - Direct Sales - New Accounts - Expert (P5),,,,,170600.0,179687.0,185000.0,207950.0
SYN01101,Lane Bennett,United States of America,Arizona,Z3,Job Code: JC100402,Product Manager V,EN.PGPG.P5,IC5,243936.0,304920.0,365904.0,0.9689,295433.05,in_range,0.15,44314.96,339748.01,4.47,3.78,2021-10-20,2022-07-01,3,Solid,Radford All Country,Yes,exact_us_zone,US row matched using country + zone + Radford job code.,United States - Z3,Z3 US,United States - TS 100M - 1B Rev Z2 US,U.S. Dollars - USD,EN.PGPG.P5,Product Management - Technology Product Management - Expert (P5),,,,,240000.0,252700.0,260000.0,280400.0
SYN01102,Shiloh Bennett,United States of America,Pennsylvania,Z3,Job Code: JC100370,Marketing Specialist V,MK.GLMF.P5,IC5,174359.0,217948.5,261538.0,0.9014,196466.29,in_range,0.15,29469.94,225936.24,4.75,2.46,2021-07-06,2023-10-18,3,Solid,Radford All Country,Yes,exact_us_zone,US row matched using country + zone + Radford job code.,United States - Z3,Z3 US,United States - TS 100M - 1B Rev Z2 US,U.S. Dollars - USD,MK.GLMF.P5,General - Multi-Focus - Expert (P5),,,,,186467.0,204560.0,210000.0,235931.0
SYN01103,Teagan Bennett,United States of America,Texas,Z3,Job Code: JC100508,Sales Operations Analyst V,SA.OPSO.P5,IC5,193901.0,214144.0,290851.0,0.9055,193901.0,in_range,0.15,29085.15,222986.15,3.54,2.88,2022-09-26,2023-05-25,4,Strong,Radford All Country,Yes,exact_us_zone,US row matched using country + zone + Radford job code.,United States - Z3,Z3 US,United States - TS 100M - 1B Rev Z2 US,U.S. Dollars - USD,SA.OPSO.P5,Operations / Sales Support - Sales Operations - Expert (P5),,,,,180000.0,195016.0,204566.0,265000.0
SYN01104,Ari Bennett,United States of America,California,Z3,Job Code: JC100420,Professional Services V,TC.TSMF.P5,IC5,219407.0,239976.0,329110.0,0.9143,219407.0,in_range,0.15,32911.05,252318.05,4.5,3.14,2021-10-03,2023-02-14,3,Solid,Radford All Country,Yes,exact_us_zone,US row matched using country + zone + Radford job code.,United States - Z3,Z3 US,United States - TS 100M - 1B Rev Z2 US,U.S. Dollars - USD,TC.TSMF.P5,IT Solutions Consulting - Multi-Focus - Expert (P5),,,,,195810.0,203050.0,215150.0,251152.0
SYN01105,Milan Bennett,United States of America,California,Z3,Job Code: JC100201,Enterprise Sales Rep V,SA.FSDN.P5,IC5,163363.0,189189.0,245045.0,1.021,193159.5,in_range,0.15,28973.92,222133.42,4.51,3.64,2021-10-04,2022-08-10,3,Solid,Radford All Country,Yes,exact_us_zone,US row matched using country + zone + Radford job code.,United States - Z3,Z3 US,United States - TS 100M - 1B Rev Z2 US,U.S. Dollars - USD,SA.FSDN.P5,Field Sales - Sales Account Management - Direct Sales - New Accounts - Expert (P5),,,,,170600.0,179687.0,185000.0,207950.0
SYN01106,Nico Bennett,United States of America,California,Z3,Job Code: JC100518,Security Engineer III,EN.SOPS.P3,IC3,174915.0,183518.5,244898.0,1.3949,255983.26,above_max,0.1,25598.33,281581.59,3.63,2.92,2022-08-21,2023-05-13,4,Strong,Radford All Country,Yes,exact_us_zone,US row matched using country + zone + Radford job code.,United States - Z3,Z3 US,United States - TS 100M - 1B Rev Z2 US,U.S. Dollars - USD,EN.SOPS.P3,Software - Product / Application Security Engineering - Career (P3),,,,,189222.0,199330.0,212046.0,221500.0
SYN01107,Aisha Bennett,United States of America,New Jersey,Z3,Job Code: JC100089,Customer Support Engineer IV,CS.FSTS.P4,IC4,128665.0,160831.0,192997.0,1.0744,172789.96,in_range,0.1,17279.0,190068.95,3.33,2.31,2022-12-08,2023-12-13,5,High,Radford All Country,Yes,exact_us_zone,US row matched using country + zone + Radford job code.,United States - Z3,Z3 US,United States - TS 100M - 1B Rev Z2 US,U.S. Dollars - USD,CS.FSTS.P4,Field Support - Technical Support Engineering - Advanced (P4),,,,,130650.0,139560.0,150984.0,168419.0
SYN01108,Priya Bennett,United States of America,Texas,Z3,Job Code: JC101294,Senior Manager Account Management,,M2,149904.0,169536.0,224855.0,1.2107,205264.19,in_range,0.2,41052.84,246317.03,6.11,2.33,2020-03-01,2023-12-06,3,Solid,Radford All Country,No,unmatched,No FJC Radford code available for market join.,,,,,,,,,,,,,,
SYN01109,Leah Bennett,United States of America,Texas,Z3,Job Code: JC100678,Software Engineer III,EN.SODE.P3,IC3,174915.0,209906.5,244898.0,0.9514,199699.41,in_range,0.1,19969.94,219669.36,2.16,1.55,2024-02-03,2024-09-23,3,Solid,Radford All Country,Yes,exact_us_zone,US row matched using country + zone + Radford job code.,United States - Z3,Z3 US,United States - TS 100M - 1B Rev Z2 US,U.S. Dollars - USD,EN.SODE.P3,Software - Software Development Engineering - Career (P3),,,,,185500.0,195700.0,203700.0,220000.0
SYN01110,Sophia Bennett,United States of America,Colorado,Z3,Job Code: JC100199,Enterprise Sales Rep III,SA.FSDN.P3,IC3,123415.0,135907.0,172793.0,0.9327,126767.09,in_range,0.1,12676.71,139443.8,3.9,1.58,2022-05-07,2024-09-09,3,Solid,Radford All Country,Yes,exact_us_zone,US row matched using country + zone + Radford job code.,United States - Z3,Z3 US,United States - TS 100M - 1B Rev Z2 US,U.S. Dollars - USD,SA.FSDN.P3,Field Sales - Sales Account Management - Direct Sales - New Accounts - Career (P3),,,,,112000.0,123875.0,134200.0,150620.0
SYN01111,Maya Bennett,United States of America,California,Z3,Job Code: JC100201,Enterprise Sales Rep V,SA.FSDN.P5,IC5,163363.0,189189.0,245045.0,1.0142,191867.14,in_range,0.15,28780.07,220647.21,3.61,1.91,2022-08-21,2024-05-03,4,Strong,Radford All Country,Yes,exact_us_zone,US row matched using country + zone + Radford job code.,United States - Z3,Z3 US,United States - TS 100M - 1B Rev Z2 US,U.S. Dollars - USD,SA.FSDN.P5,Field Sales - Sales Account Management - Direct Sales - New Accounts - Expert (P5),,,,,170600.0,179687.0,185000.0,207950.0
SYN01112,Zoe Bennett,United States of America,Colorado,Z3,Job Code: JC100760,"Vice President, HR Business Partner/Operations",HR.GLMF.E1,VP1,239129.0,298911.5,358694.0,1.2,358694.0,in_range,0.35,125542.9,484236.9,5.5,5.5,2020-10-02,2020-10-05,5,High,Radford All Country,Yes,exact_us_zone,US row matched using country + zone + Radford job code.,United States - Z3,Z3 US,United States - TS 100M - 1B Rev Z2 US,U.S. Dollars - USD,HR.GLMF.E1,General - Human Resources - Executive - Executive 1 (E1),,,,,330000.0,346500.0,362500.0,386000.0
SYN01113,Olivia Bennett,United States of America,California,Z3,Job Code: JC100437,Talent Acquisition Partner IV,HR.TATA.P4,IC4,150156.0,164232.5,225234.0,0.9143,150156.0,in_range,0.1,15015.6,165171.6,3.99,3.17,2022-04-13,2023-02-03,3,Solid,Radford All Country,Yes,exact_us_zone,US row matched using country + zone + Radford job code.,United States - Z3,Z3 US,United States - TS 100M - 1B Rev Z2 US,U.S. Dollars - USD,HR.TATA.P4,Talent Acquisition - Talent Acquisition - Advanced (P4),,,,,168500.0,178220.0,182050.0,200893.0
SYN01114,Emma Bennett,United States of America,California,Z3,Job Code: JC100669,Site Reliability Engineer V,EN.SODE.P5,IC5,232338.0,290422.0,348506.0,0.96,278805.12,in_range,0.15,41820.77,320625.89,4.11,2.95,2022-03-01,2023-04-24,3,Solid,Radford All Country,Yes,exact_us_zone,US row matched using country + zone + Radford job code.,United States - Z3,Z3 US,United States - TS 100M - 1B Rev Z2 US,U.S. Dollars - USD,EN.SODE.P5,Software - Software Development Engineering - Expert (P5),,,,,246000.0,260000.0,270700.0,296706.0
SYN01115,Isabella Bennett,United States of America,Illinois,Z3,Job Code: JC100199,Enterprise Sales Rep III,SA.FSDN.P3,IC3,123415.0,135907.0,172793.0,0.9447,128392.52,in_range,0.1,12839.25,141231.77,4.22,1.74,2022-01-18,2024-07-13,3,Solid,Radford All Country,Yes,exact_us_zone,US row matched using country + zone + Radford job code.,United States - Z3,Z3 US,United States - TS 100M - 1B Rev Z2 US,U.S. Dollars - USD,SA.FSDN.P3,Field Sales - Sales Account Management - Direct Sales - New Accounts - Career (P3),,,,,112000.0,123875.0,134200.0,150620.0
SYN01116,Mia Bennett,United States of America,Texas,Z3,Job Code: JC100749,"VP, Legal",LG.GLMF.E1,VP1,261245.0,326556.0,391867.0,1.3708,447636.81,above_max,0.35,156672.88,604309.7,3.86,3.86,2022-05-29,2022-05-25,3,Solid,Radford All Country,Yes,exact_us_zone,US row matched using country + zone + Radford job code.,United States - Z3,Z3 US,United States - TS 100M - 1B Rev Z2 US,U.S. Dollars - USD,LG.GLMF.E1,General - Legal - Executive - Executive 1 (E1),,,,,331750.0,343630.0,363350.0,416590.0
SYN01117,Amelia Bennett,United States of America,California,Z3,Job Code: JC100209,Executive Assistant IV,CB.ADEA.P4,IC4,134204.0,167755.0,201306.0,0.9245,155096.31,in_range,0.1,15509.63,170605.94,4.63,2.18,2021-08-22,2024-01-28,3,Solid,Radford All Country,Yes,exact_us_zone,US row matched using country + zone + Radford job code.,United States - Z3,Z3 US,United States - TS 100M - 1B Rev Z2 US,U.S. Dollars - USD,CB.ADEA.P4,Administrative Support - Executive Assistant - Advanced (P4),,,,,160000.0,169983.0,176738.0,194922.0
SYN01118,Charlotte Bennett,United States of America,California,Z3,Job Code: JC100605,Senior Manager Customer Support Engineering,CS.FSTS.M4,M2,160713.0,187194.5,241069.0,1.0697,200250.04,in_range,0.2,40050.01,240300.05,4.41,2.11,2021-11-04,2024-02-22,4,Strong,Radford All Country,Yes,exact_us_zone,US row matched using country + zone + Radford job code.,United States - Z3,Z3 US,United States - TS 100M - 1B Rev Z2 US,U.S. Dollars - USD,CS.FSTS.M4,Field Support - Technical Support Engineering - Sr Manager (M4),,,,,169728.0,187380.0,198624.0,207912.0
SYN01119,Lila Bennett,United States of America,Colorado,Z3,Job Code: JC101288,Account Manager III,,IC3,100913.0,107223.0,141324.0,1.0412,111644.54,in_range,0.1,11164.45,122808.99,2.67,2.27,2023-08-06,2024-01-01,3,Solid,Radford All Country,No,unmatched,No FJC Radford code available for market join.,,,,,,,,,,,,,,
SYN01120,Nora Bennett,United States of America,California,Z3,Job Code: JC100502,Sales Engineer Enterprise V,SA.ASRS.P5,IC5,194212.0,218488.0,291318.0,1.0653,232760.07,in_range,0.15,34914.01,267674.09,3.35,1.97,2022-12-05,2024-04-20,3,Solid,Radford All Country,Yes,exact_us_zone,US row matched using country + zone + Radford job code.,United States - Z3,Z3 US,United States - TS 100M - 1B Rev Z2 US,U.S. Dollars - USD,SA.ASRS.P5,Applications / Systems Engineering - Pre-Sales - Sales Plan - Expert (P5),,,,,190460.0,198770.0,202800.0,215374.0
SYN01121,Layla Bennett,United States of America,Colorado,Z3,Job Code: JC100727,Technical Writer V,EN.TPTW.P5,IC5,166679.0,208349.0,250019.0,0.8401,175043.7,in_range,0.15,26256.56,201300.26,5.83,2.66,2020-06-08,2023-08-02,3,Solid,Radford All Country,Yes,exact_us_zone,US row matched using country + zone + Radford job code.,United States - Z3,Z3 US,United States - TS 100M - 1B Rev Z2 US,U.S. Dollars - USD,EN.TPTW.P5,Technical / Product Communication - Technical Writing - Expert (P5),,,,,182700.0,187406.0,191552.0,
SYN01122,Hazel Bennett,United States of America,Florida,Z3,Job Code: JC100677,Software Engineer II,EN.SODE.P2,IC2,140592.0,168717.5,196843.0,1.0144,171141.14,in_range,0.1,17114.11,188255.26,0.89,0.89,2025-05-15,2025-05-11,3,Solid,Radford All Country,Yes,exact_us_zone,US row matched using country + zone + Radford job code.,United States - Z3,Z3 US,United States - TS 100M - 1B Rev Z2 US,U.S. Dollars - USD,EN.SODE.P2,Software - Software Development Engineering - Developing (P2),,,,,150000.0,157600.0,163333.0,180000.0
SYN01123,Aria Bennett,United States of America,California,Z3,Job Code: JC100650,Senior Manager Sales Operations,SA.OPSO.M4,M2,192565.0,218824.0,288848.0,0.8907,194903.12,in_range,0.2,38980.62,233883.74,3.19,1.36,2023-02-03,2024-12-01,4,Strong,Radford All Country,Yes,exact_us_zone,US row matched using country + zone + Radford job code.,United States - Z3,Z3 US,United States - TS 100M - 1B Rev Z2 US,U.S. Dollars - USD,SA.OPSO.M4,Operations / Sales Support - Sales Operations - Sr Manager (M4),,,,,197472.0,210518.0,219200.0,254140.0
SYN01124,Ivy Bennett,United States of America,California,Z3,Job Code: JC100019,Business Development Rep II,SA.ISTL.P2,IC2,29.0,32.0,41.0,1.4701,47.04,above_max,0.1,4.7,51.75,2.48,2.01,2023-10-17,2024-04-09,3,Solid,Radford All Country,No,unmatched,No match found on expected US country/zone + Radford job code.,,,,,,,,,,,,,,
SYN01125,Naomi Bennett,United States of America,Colorado,Z3,Job Code: JC100402,Product Manager V,EN.PGPG.P5,IC5,243936.0,304920.0,365904.0,0.9861,300672.33,in_range,0.15,45100.85,345773.18,4.88,2.04,2021-05-23,2024-03-21,3,Solid,Radford All Country,Yes,exact_us_zone,US row matched using country + zone + Radford job code.,United States - Z3,Z3 US,United States - TS 100M - 1B Rev Z2 US,U.S. Dollars - USD,EN.PGPG.P5,Product Management - Technology Product Management - Expert (P5),,,,,240000.0,252700.0,260000.0,280400.0
SYN01126,Elena Bennett,United States of America,Colorado,Z3,Job Code: JC101255,Chief Legal Officer,,E3,320000.0,400000.0,480000.0,1.05,420000.0,in_range,0.0,0.0,420000.0,3.77,3.77,2022-07-03,2022-07-01,4,Strong,Radford All Country,No,unmatched,No FJC Radford code available for market join.,,,,,,,,,,,,,,
SYN01127,Lucy Bennett,United States of America,North Carolina,Z3,Job Code: JC100681,Software Engineer VI,EN.SODE.P6,IC6,225813.0,254039.5,338719.0,1.1245,285679.28,in_range,0.2,57135.86,342815.13,5.09,3.67,2021-03-12,2022-08-05,4,Strong,Radford All Country,Yes,exact_us_zone,US row matched using country + zone + Radford job code.,United States - Z3,Z3 US,United States - TS 100M - 1B Rev Z2 US,U.S. Dollars - USD,EN.SODE.P6,Software - Software Development Engineering - Principal (P6),,,,,277801.0,300525.0,317321.0,350160.0
SYN01128,Stella Bennett,United States of America,California,Z3,Job Code: JC100680,Software Engineer V,EN.SODE.P5,IC5,232338.0,290422.0,348506.0,0.893,259344.31,in_range,0.15,38901.65,298245.96,4.28,3.13,2021-12-24,2023-02-22,3,Solid,Radford All Country,Yes,exact_us_zone,US row matched using country + zone + Radford job code.,United States - Z3,Z3 US,United States - TS 100M - 1B Rev Z2 US,U.S. Dollars - USD,EN.SODE.P5,Software - Software Development Engineering - Expert (P5),,,,,246000.0,260000.0,270700.0,296706.0
SYN01129,Grace Bennett,United States of America,California,Z3,Job Code: JC100501,Sales Engineer Enterprise IV,SA.ASRS.P4,IC4,175567.0,219459.0,263351.0,0.9999,219445.5,in_range,0.1,21944.55,241390.05,2.96,1.7,2023-04-15,2024-07-29,3,Solid,Radford All Country,Yes,exact_us_zone,US row matched using country + zone + Radford job code.,United States - Z3,Z3 US,United States - TS 100M - 1B Rev Z2 US,U.S. Dollars - USD,SA.ASRS.P4,Applications / Systems Engineering - Pre-Sales - Sales Plan - Advanced (P4),,,,,168613.0,175000.0,181247.0,191729.0
SYN01130,Hannah Bennett,United States of America,California,Z3,Job Code: JC100677,Software Engineer II,EN.SODE.P2,IC2,140592.0,168717.5,196843.0,0.9749,164477.03,in_range,0.1,16447.7,180924.74,0.53,0.53,2025-10-02,2025-09-29,3,Solid,Radford All Country,Yes,exact_us_zone,US row matched using country + zone + Radford job code.,United States - Z3,Z3 US,United States - TS 100M - 1B Rev Z2 US,U.S. Dollars - USD,EN.SODE.P2,Software - Software Development Engineering - Developing (P2),,,,,150000.0,157600.0,163333.0,180000.0
SYN01131,Violet Bennett,United States of America,California,Z3,Job Code: JC100502,Sales Engineer Enterprise V,SA.ASRS.P5,IC5,194212.0,218488.0,291318.0,1.0126,221232.93,in_range,0.15,33184.94,254417.87,5.19,2.44,2021-02-01,2023-10-25,3,Solid,Radford All Country,Yes,exact_us_zone,US row matched using country + zone + Radford job code.,United States - Z3,Z3 US,United States - TS 100M - 1B Rev Z2 US,U.S. Dollars - USD,SA.ASRS.P5,Applications / Systems Engineering - Pre-Sales - Sales Plan - Expert (P5),,,,,190460.0,198770.0,202800.0,215374.0
SYN01132,Luna Bennett,United States of America,North Carolina,Z3,Job Code: JC100090,Customer Support Engineer V,CS.FSTS.P5,IC5,158933.0,198666.5,238400.0,0.9648,191671.41,in_range,0.15,28750.71,220422.12,5.32,4.94,2020-12-15,2021-04-22,3,Solid,Radford All Country,Yes,exact_us_zone,US row matched using country + zone + Radford job code.,United States - Z3,Z3 US,United States - TS 100M - 1B Rev Z2 US,U.S. Dollars - USD,CS.FSTS.P5,Field Support - Technical Support Engineering - Expert (P5),,,,,164796.0,174246.0,180000.0,211849.0
SYN01133,Evelyn Bennett,United States of America,Colorado,Z3,Job Code: JC100539,Senior Director Engineering Programs,TE.PMPI.M6,D2,204135.0,255169.0,306203.0,1.06,270479.14,in_range,0.3,81143.74,351622.88,4.93,4.93,2021-05-04,2021-05-04,3,Solid,Radford All Country,Yes,exact_us_zone,US row matched using country + zone + Radford job code.,United States - Z3,Z3 US,United States - TS 100M - 1B Rev Z2 US,U.S. Dollars - USD,TE.PMPI.M6,Project Management - Project / Program Management - Information Systems - Senior Director (M6),,,,,,,,
SYN01134,Benjamin Bennett,United States of America,California,Z3,Job Code: JC100526,Senior Director Commercial Sales,SA.FSDS.M6,D2,160393.0,179968.5,240589.0,0.98,176369.13,in_range,0.3,52910.74,229279.87,1.82,1.82,2024-06-10,2024-06-09,3,Solid,Radford All Country,Yes,exact_us_zone,US row matched using country + zone + Radford job code.,United States - Z3,Z3 US,United States - TS 100M - 1B Rev Z2 US,U.S. Dollars - USD,SA.FSDS.M6,Field Sales - Sales Account Management - Direct Sales - Senior Director (M6),,,,,219746.0,231707.0,253125.0,275000.0
SYN01135,Liam Bennett,United States of America,Colorado,Z3,Job Code: JC100846,Procurement/Sourcing V,SC.PPSS.P5,IC5,147841.0,184801.0,221761.0,1.0,184801.0,in_range,0.15,27720.15,212521.15,3.21,1.3,2023-01-26,2024-12-13,4,Strong,Radford All Country,Yes,exact_us_zone,US row matched using country + zone + Radford job code.,United States - Z3,Z3 US,United States - TS 100M - 1B Rev Z2 US,U.S. Dollars - USD,SC.PPSS.P5,Purchasing / Procurement - Strategic Sourcing - Expert (P5),,,,,,,,
SYN01136,Noah Bennett,United States of America,California,Z3,Job Code: JC100089,Customer Support Engineer IV,CS.FSTS.P4,IC4,128665.0,160831.0,192997.0,0.8,128665.0,in_range,0.1,12866.5,141531.5,3.41,1.96,2022-11-01,2024-04-25,2,Developing,Radford All Country,Yes,exact_us_zone,US row matched using country + zone + Radford job code.,United States - Z3,Z3 US,United States - TS 100M - 1B Rev Z2 US,U.S. Dollars - USD,CS.FSTS.P4,Field Support - Technical Support Engineering - Advanced (P4),,,,,130650.0,139560.0,150984.0,168419.0
SYN01137,Ethan Bennett,United States of America,Colorado,Z3,Job Code: JC100635,Senior Manager Professional Services,TC.TSMF.M4,M2,213928.0,246782.0,320893.0,1.0258,253160.67,in_range,0.2,50632.13,303792.81,6.21,3.51,2020-01-17,2022-09-28,5,High,Radford All Country,Yes,exact_us_zone,US row matched using country + zone + Radford job code.,United States - Z3,Z3 US,United States - TS 100M - 1B Rev Z2 US,U.S. Dollars - USD,TC.TSMF.M4,IT Solutions Consulting - Multi-Focus - Sr Manager (M4),,,,,189170.0,208413.0,220848.0,230000.0
SYN01138,Mason Bennett,United States of America,Colorado,Z3,Job Code: JC100026,Chief Revenue Officer,SA.GLHD.E3,E3,328000.0,410000.0,492000.0,1.0,410000.0,in_range,0.0,0.0,410000.0,1.54,1.54,2024-09-20,2024-09-24,3,Solid,Radford All Country,Yes,exact_us_zone,US row matched using country + zone + Radford job code.,United States - Z3,Z3 US,United States - TS 100M - 1B Rev Z2 US,U.S. Dollars - USD,SA.GLHD.E3,General - Top Sales - Corporate - Executive 3 (E3),,,,,390000.0,419438.0,429500.0,465000.0
SYN01139,Lucas Bennett,United States of America,California,Z3,Job Code: JC101127,HR Business Partner VII,HR.GLBP.M6,IC7,220056.0,244437.5,330084.0,0.97,237104.38,in_range,0.0,0.0,237104.38,5.01,2.81,2021-04-06,2023-06-18,3,Solid,Radford All Country,Yes,exact_us_zone,US row matched using country + zone + Radford job code.,United States - Z3,Z3 US,United States - TS 100M - 1B Rev Z2 US,U.S. Dollars - USD,HR.GLBP.M6,General - Business Partner - Senior Director (M6),,,,,270000.0,282801.0,284300.0,316800.0
SYN01141,James Bennett,United States of America,Tennessee,Z3,Job Code: JC100019,Business Development Rep II,SA.ISTL.P2,IC2,29.0,32.0,41.0,1.0211,32.67,in_range,0.1,3.27,35.94,0.68,0.68,2025-08-01,2025-07-31,3,Solid,Radford All Country,No,unmatched,No match found on expected US country/zone + Radford job code.,,,,,,,,,,,,,,
SYN01142,Henry Bennett,United States of America,Texas,Z3,Job Code: JC100200,Enterprise Sales Rep IV,SA.FSDN.P4,IC4,147924.0,171310.0,221887.0,0.901,154357.8,in_range,0.1,15435.78,169793.58,3.71,2.42,2022-07-27,2023-11-11,3,Solid,Radford All Country,Yes,exact_us_zone,US row matched using country + zone + Radford job code.,United States - Z3,Z3 US,United States - TS 100M - 1B Rev Z2 US,U.S. Dollars - USD,SA.FSDN.P4,Field Sales - Sales Account Management - Direct Sales - New Accounts - Advanced (P4),,,,,150000.0,160000.0,165000.0,175000.0
SYN01143,Alexander Bennett,United States of America,California,Z3,Job Code: JC100089,Customer Support Engineer IV,CS.FSTS.P4,IC4,128665.0,160831.0,192997.0,1.0372,166806.9,in_range,0.1,16680.69,183487.59,2.97,2.28,2023-04-19,2023-12-29,3,Solid,Radford All Country,Yes,exact_us_zone,US row matched using country + zone + Radford job code.,United States - Z3,Z3 US,United States - TS 100M - 1B Rev Z2 US,U.S. Dollars - USD,CS.FSTS.P4,Field Support - Technical Support Engineering - Advanced (P4),,,,,130650.0,139560.0,150984.0,168419.0
SYN01144,Daniel Bennett,United States of America,Illinois,Z3,Job Code: JC100650,Senior Manager Sales Operations,SA.OPSO.M4,M2,192565.0,218824.0,288848.0,0.9284,203148.21,in_range,0.2,40629.64,243777.85,5.6,3.04,2020-08-25,2023-03-30,3,Solid,Radford All Country,Yes,exact_us_zone,US row matched using country + zone + Radford job code.,United States - Z3,Z3 US,United States - TS 100M - 1B Rev Z2 US,U.S. Dollars - USD,SA.OPSO.M4,Operations / Sales Support - Sales Operations - Sr Manager (M4),,,,,197472.0,210518.0,219200.0,254140.0
SYN01145,Samuel Bennett,United States of America,Colorado,Z3,Job Code: JC100277,Legal Operations IV,LG.NAPL.P4,IC4,141854.0,177317.5,212781.0,1.021,181047.39,in_range,0.1,18104.74,199152.13,4.29,2.89,2021-12-22,2023-05-18,3,Solid,Radford All Country,Yes,exact_us_zone,US row matched using country + zone + Radford job code.,United States - Z3,Z3 US,United States - TS 100M - 1B Rev Z2 US,U.S. Dollars - USD,LG.NAPL.P4,Non-Attorney - Paralegal - Advanced (P4),,,,,155863.0,160898.0,165600.0,174280.0
SYN01146,Owen Bennett,United States of America,Colorado,Z3,Job Code: JC100680,Software Engineer V,EN.SODE.P5,IC5,232338.0,290422.0,348506.0,0.9704,281816.27,in_range,0.15,42272.44,324088.71,5.35,3.0,2020-12-06,2023-04-02,5,High,Radford All Country,Yes,exact_us_zone,US row matched using country + zone + Radford job code.,United States - Z3,Z3 US,United States - TS 100M - 1B Rev Z2 US,U.S. Dollars - USD,EN.SODE.P5,Software - Software Development Engineering - Expert (P5),,,,,246000.0,260000.0,270700.0,296706.0
SYN01147,Jack Bennett,United States of America,Colorado,Z3,Job Code: JC101005,Partner Sales Manager IV,SA.APAP.P4,IC4,131952.0,164940.5,197929.0,0.8737,144105.17,in_range,0.1,14410.52,158515.68,2.72,1.26,2023-07-24,2025-01-01,4,Strong,Radford All Country,Yes,exact_us_zone,US row matched using country + zone + Radford job code.,United States - Z3,Z3 US,United States - TS 100M - 1B Rev Z2 US,U.S. Dollars - USD,SA.APAP.P4,Alliance Partnership - Alliance Partnership - Advanced (P4),,,,,154500.0,165387.0,175000.0,199434.0
SYN01148,Julian Bennett,United States of America,Wisconsin,Z3,Job Code: JC100906,Software Engineer VII,EN.SODE.M6,IC7,251835.0,314794.0,377753.0,1.1336,356836.43,in_range,0.0,0.0,356836.43,7.92,5.58,2018-05-05,2020-08-31,4,Strong,Radford All Country,Yes,exact_us_zone,US row matched using country + zone + Radford job code.,United States - Z3,Z3 US,United States - TS 100M - 1B Rev Z2 US,U.S. Dollars - USD,EN.SODE.M6,Software - Software Development Engineering - Senior Director (M6),,,,,301036.0,319955.0,340000.0,387711.0
SYN01149,Leo Bennett,United States of America,California,Z3,Job Code: JC100678,Software Engineer III,EN.SODE.P3,IC3,174915.0,209906.5,244898.0,0.9783,205348.79,in_range,0.1,20534.88,225883.67,2.01,1.13,2024-04-01,2025-02-13,3,Solid,Radford All Country,Yes,exact_us_zone,US row matched using country + zone + Radford job code.,United States - Z3,Z3 US,United States - TS 100M - 1B Rev Z2 US,U.S. Dollars - USD,EN.SODE.P3,Software - Software Development Engineering - Career (P3),,,,,185500.0,195700.0,203700.0,220000.0
SYN01150,Isaac Bennett,United States of America,California,Z3,Job Code: JC100030,Commercial Sales Rep IV,SA.FSDN.P4,IC4,92552.0,111129.0,138828.0,0.9926,110303.59,in_range,0.1,11030.36,121333.95,3.06,2.12,2023-03-13,2024-02-21,3,Solid,Radford All Country,Yes,exact_us_zone,US row matched using country + zone + Radford job code.,United States - Z3,Z3 US,United States - TS 100M - 1B Rev Z2 US,U.S. Dollars - USD,SA.FSDN.P4,Field Sales - Sales Account Management - Direct Sales - New Accounts - Advanced (P4),,,,,150000.0,160000.0,165000.0,175000.0
SYN01151,Sebastian Bennett,United States of America,California,Z3,Job Code: JC100087,Customer Support Engineer II,CS.FSTS.P2,IC2,89731.0,96590.5,125632.0,0.929,89731.0,in_range,0.1,8973.1,98704.1,0.59,0.59,2025-09-11,2025-09-07,3,Solid,Radford All Country,Yes,exact_us_zone,US row matched using country + zone + Radford job code.,United States - Z3,Z3 US,United States - TS 100M - 1B Rev Z2 US,U.S. Dollars - USD,CS.FSTS.P2,Field Support - Technical Support Engineering - Developing (P2),,,,,91000.0,100109.0,107901.0,129190.0
SYN01152,Caleb Bennett,United States of America,California,Z3,Job Code: JC100097,Data Analyst VI,TE.DADA.P6,IC6,185585.0,216133.5,278377.0,1.0053,217279.08,in_range,0.2,43455.82,260734.9,4.62,3.41,2021-08-25,2022-11-01,1,Low,Radford All Country,Yes,exact_us_zone,US row matched using country + zone + Radford job code.,United States - Z3,Z3 US,United States - TS 100M - 1B Rev Z2 US,U.S. Dollars - USD,TE.DADA.P6,Data Management & Analytics - Data Analytics - Principal (P6),,,,,170000.0,,,
SYN01153,Avery Flores,United States of America,Illinois,Z3,Job Code: JC100201,Enterprise Sales Rep V,SA.FSDN.P5,IC5,163363.0,189189.0,245045.0,0.8902,168408.65,in_range,0.15,25261.3,193669.94,5.64,2.32,2020-08-11,2023-12-15,3,Solid,Radford All Country,Yes,exact_us_zone,US row matched using country + zone + Radford job code.,United States - Z3,Z3 US,United States - TS 100M - 1B Rev Z2 US,U.S. Dollars - USD,SA.FSDN.P5,Field Sales - Sales Account Management - Direct Sales - New Accounts - Expert (P5),,,,,170600.0,179687.0,185000.0,207950.0
SYN01154,Jordan Flores,United States of America,California,Z3,Job Code: JC100586,Senior Director Tech Alliance Partnership,SA.APAP.M6,D2,217722.0,272152.0,326582.0,0.96,261265.92,in_range,0.3,78379.78,339645.7,3.8,3.8,2022-06-20,2022-06-24,3,Solid,Radford All Country,Yes,exact_us_zone,US row matched using country + zone + Radford job code.,United States - Z3,Z3 US,United States - TS 100M - 1B Rev Z2 US,U.S. Dollars - USD,SA.APAP.M6,Alliance Partnership - Alliance Partnership - Senior Director (M6),,,,,245000.0,269267.0,275350.0,331070.0
SYN01155,Taylor Flores,United States of America,California,Z3,Job Code: JC100421,Professional Services VI,TC.TSMF.P6,IC6,200200.0,225225.0,300300.0,1.3896,312981.21,above_max,0.2,62596.24,375577.46,5.92,2.7,2020-05-04,2023-07-19,4,Strong,Radford All Country,Yes,exact_us_zone,US row matched using country + zone + Radford job code.,United States - Z3,Z3 US,United States - TS 100M - 1B Rev Z2 US,U.S. Dollars - USD,TC.TSMF.P6,IT Solutions Consulting - Multi-Focus - Principal (P6),,,,,213075.0,,,
SYN01156,Morgan Flores,United States of America,California,Z3,Job Code: JC100200,Enterprise Sales Rep IV,SA.FSDN.P4,IC4,147924.0,171310.0,221887.0,0.8635,147924.0,in_range,0.1,14792.4,162716.4,3.43,2.15,2022-11-08,2024-02-16,3,Solid,Radford All Country,Yes,exact_us_zone,US row matched using country + zone + Radford job code.,United States - Z3,Z3 US,United States - TS 100M - 1B Rev Z2 US,U.S. Dollars - USD,SA.FSDN.P4,Field Sales - Sales Account Management - Direct Sales - New Accounts - Advanced (P4),,,,,150000.0,160000.0,165000.0,175000.0
SYN01157,Cameron Flores,United States of America,California,Z3,Job Code: JC100090,Customer Support Engineer V,CS.FSTS.P5,IC5,158933.0,198666.5,238400.0,0.8517,169194.89,in_range,0.15,25379.23,194574.12,2.97,2.11,2023-04-21,2024-02-27,3,Solid,Radford All Country,Yes,exact_us_zone,US row matched using country + zone + Radford job code.,United States - Z3,Z3 US,United States - TS 100M - 1B Rev Z2 US,U.S. Dollars - USD,CS.FSTS.P5,Field Support - Technical Support Engineering - Expert (P5),,,,,164796.0,174246.0,180000.0,211849.0
SYN01158,Riley Flores,United States of America,California,Z3,Job Code: JC100995,Onboarding Specialist IV,MC.PMMF.P4,IC4,166519.0,180999.0,249779.0,0.9532,172534.34,in_range,0.1,17253.43,189787.77,2.95,1.2,2023-04-26,2025-01-20,1,Low,Radford All Country,Yes,exact_us_zone,US row matched using country + zone + Radford job code.,United States - Z3,Z3 US,United States - TS 100M - 1B Rev Z2 US,U.S. Dollars - USD,MC.PMMF.P4,Project Management - Multi-Focus - Advanced (P4),,,,,147500.0,152033.0,154500.0,176560.0
SYN01159,Parker Flores,United States of America,Colorado,Z3,Job Code: JC100201,Enterprise Sales Rep V,SA.FSDN.P5,IC5,163363.0,189189.0,245045.0,0.8767,165856.61,in_range,0.15,24878.49,190735.1,3.98,3.13,2022-04-15,2023-02-12,3,Solid,Radford All Country,Yes,exact_us_zone,US row matched using country + zone + Radford job code.,United States - Z3,Z3 US,United States - TS 100M - 1B Rev Z2 US,U.S. Dollars - USD,SA.FSDN.P5,Field Sales - Sales Account Management - Direct Sales - New Accounts - Expert (P5),,,,,170600.0,179687.0,185000.0,207950.0
SYN01160,Quinn Flores,United States of America,Colorado,Z3,Job Code: JC100201,Enterprise Sales Rep V,SA.FSDN.P5,IC5,163363.0,189189.0,245045.0,0.9424,178297.68,in_range,0.15,26744.65,205042.33,4.47,2.67,2021-10-17,2023-08-13,5,High,Radford All Country,Yes,exact_us_zone,US row matched using country + zone + Radford job code.,United States - Z3,Z3 US,United States - TS 100M - 1B Rev Z2 US,U.S. Dollars - USD,SA.FSDN.P5,Field Sales - Sales Account Management - Direct Sales - New Accounts - Expert (P5),,,,,170600.0,179687.0,185000.0,207950.0
SYN01161,Hayden Flores,United States of America,California,Z3,Job Code: JC100680,Software Engineer V,EN.SODE.P5,IC5,232338.0,290422.0,348506.0,0.9503,276001.62,in_range,0.15,41400.24,317401.87,4.02,1.86,2022-04-07,2024-05-27,3,Solid,Radford All Country,Yes,exact_us_zone,US row matched using country + zone + Radford job code.,United States - Z3,Z3 US,United States - TS 100M - 1B Rev Z2 US,U.S. Dollars - USD,EN.SODE.P5,Software - Software Development Engineering - Expert (P5),,,,,246000.0,260000.0,270700.0,296706.0
SYN01162,Rowan Flores,United States of America,California,Z3,Job Code: JC100677,Software Engineer II,EN.SODE.P2,IC2,140592.0,168717.5,196843.0,0.9926,167471.02,in_range,0.1,16747.1,184218.12,0.49,0.49,2025-10-09,2025-10-12,3,Solid,Radford All Country,Yes,exact_us_zone,US row matched using country + zone + Radford job code.,United States - Z3,Z3 US,United States - TS 100M - 1B Rev Z2 US,U.S. Dollars - USD,EN.SODE.P2,Software - Software Development Engineering - Developing (P2),,,,,150000.0,157600.0,163333.0,180000.0
SYN01163,Casey Flores,United States of America,California,Z3,Job Code: JC100562,Senior Director Product Management,EN.PGPG.M6,D2,259794.0,324743.0,389692.0,1.1508,373708.92,in_range,0.3,112112.68,485821.6,4.61,4.61,2021-08-27,2021-08-29,4,Strong,Radford All Country,Yes,exact_us_zone,US row matched using country + zone + Radford job code.,United States - Z3,Z3 US,United States - TS 100M - 1B Rev Z2 US,U.S. Dollars - USD,EN.PGPG.M6,Product Management - Technology Product Management - Senior Director (M6),,,,,286730.0,306781.0,320000.0,354697.0
SYN01164,Alex Flores,United States of America,California,Z3,Job Code: JC100651,Senior Manager Sales Training,SA.OPSE.M4,M2,183239.0,229048.5,274858.0,0.93,213015.11,in_range,0.2,42603.02,255618.13,4.64,2.21,2021-08-16,2024-01-16,2,Developing,Radford All Country,Yes,exact_us_zone,US row matched using country + zone + Radford job code.,United States - Z3,Z3 US,United States - TS 100M - 1B Rev Z2 US,U.S. Dollars - USD,SA.OPSE.M4,Operations / Sales Support - Sales Enablement - Sr Manager (M4),,,,,172550.0,203923.0,208250.0,
SYN01165,Jamie Flores,United States of America,Colorado,Z3,Job Code: JC100513,Sales Trainer IV,SA.OPSE.P4,IC4,158696.0,198370.0,238044.0,0.9982,198014.17,in_range,0.1,19801.42,217815.59,1.96,1.56,2024-04-26,2024-09-07,3,Solid,Radford All Country,Yes,exact_us_zone,US row matched using country + zone + Radford job code.,United States - Z3,Z3 US,United States - TS 100M - 1B Rev Z2 US,U.S. Dollars - USD,SA.OPSE.P4,Operations / Sales Support - Sales Enablement - Advanced (P4),,,,,157000.0,165000.0,175014.0,187203.0
SYN01166,Blake Flores,United States of America,Colorado,Z3,Job Code: JC100095,Data Analyst IV,TE.DADA.P4,IC4,156082.0,195102.5,234123.0,0.9003,175658.41,in_range,0.1,17565.84,193224.25,4.41,1.91,2021-11-13,2024-05-14,3,Solid,Radford All Country,Yes,exact_us_zone,US row matched using country + zone + Radford job code.,United States - Z3,Z3 US,United States - TS 100M - 1B Rev Z2 US,U.S. Dollars - USD,TE.DADA.P4,Data Management & Analytics - Data Analytics - Advanced (P4),,,,,175000.0,188818.0,191759.0,215400.0
SYN01167,Drew Flores,United States of America,California,Z3,Job Code: JC100129,Director Enterprise Sales,SA.FSDS.M5,D1,194312.0,225031.0,291468.0,0.8823,198552.35,in_range,0.25,49638.09,248190.43,4.13,2.72,2022-02-23,2023-07-20,3,Solid,Radford All Country,Yes,exact_us_zone,US row matched using country + zone + Radford job code.,United States - Z3,Z3 US,United States - TS 100M - 1B Rev Z2 US,U.S. Dollars - USD,SA.FSDS.M5,Field Sales - Sales Account Management - Direct Sales - Director (M5),,,,,199699.0,212500.0,220500.0,243126.0
SYN01168,Reese Flores,United States of America,California,Z3,Job Code: JC100467,SE Commercial V,,IC5,174484.0,190842.0,261727.0,0.8986,171487.04,below_min,0.15,25723.06,197210.09,4.94,3.48,2021-05-04,2022-10-08,4,Strong,Radford All Country,No,unmatched,No FJC Radford code available for market join.,,,,,,,,,,,,,,
SYN01169,Sydney Flores,United States of America,California,Z3,Job Code: JC100110,Director Accounting,FI.ACGA.M5,D1,180830.0,198648.5,271245.0,1.1239,223270.53,in_range,0.25,55817.63,279088.16,4.51,4.51,2021-10-07,2021-10-03,4,Strong,Radford All Country,Yes,exact_us_zone,US row matched using country + zone + Radford job code.,United States - Z3,Z3 US,United States - TS 100M - 1B Rev Z2 US,U.S. Dollars - USD,FI.ACGA.M5,Accounting - General Accounting - Director (M5),,,,,218610.0,237650.0,252650.0,270011.0
SYN01170,Emerson Flores,United States of America,California,Z3,Job Code: JC101277,Product Support Partner II,SA.CRCS.P2,IC2,107996.0,113400.0,151204.0,0.9523,107996.0,in_range,0.1,10799.6,118795.6,0.82,0.82,2025-06-16,2025-06-04,3,Solid,Radford All Country,Yes,exact_us_zone,US row matched using country + zone + Radford job code.,United States - Z3,Z3 US,United States - TS 100M - 1B Rev Z2 US,U.S. Dollars - USD,SA.CRCS.P2,Customer Relationship Management - Customer Success - Developing (P2),,,,,92227.0,100000.0,104750.0,114050.0
SYN01171,Logan Flores,United States of America,Florida,Z3,Job Code: JC100199,Enterprise Sales Rep III,SA.FSDN.P3,IC3,123415.0,135907.0,172793.0,0.9509,129227.98,in_range,0.1,12922.8,142150.78,3.71,2.42,2022-07-22,2023-11-08,3,Solid,Radford All Country,Yes,exact_us_zone,US row matched using country + zone + Radford job code.,United States - Z3,Z3 US,United States - TS 100M - 1B Rev Z2 US,U.S. Dollars - USD,SA.FSDN.P3,Field Sales - Sales Account Management - Direct Sales - New Accounts - Career (P3),,,,,112000.0,123875.0,134200.0,150620.0
SYN01172,Skyler Flores,United States of America,Colorado,Z3,Job Code: JC100189,Engineering Program Manager V,TE.PMPI.P5,IC5,183225.0,229031.0,274837.0,0.9402,215337.56,in_range,0.15,32300.63,247638.19,4.26,2.17,2022-01-04,2024-02-03,4,Strong,Radford All Country,Yes,exact_us_zone,US row matched using country + zone + Radford job code.,United States - Z3,Z3 US,United States - TS 100M - 1B Rev Z2 US,U.S. Dollars - USD,TE.PMPI.P5,Project Management - Project / Program Management - Information Systems - Expert (P5),,,,,211309.0,229170.0,242625.0,
SYN01173,Finley Flores,United States of America,Colorado,Z3,Job Code: JC100097,Data Analyst VI,TE.DADA.P6,IC6,185585.0,216133.5,278377.0,1.051,227161.38,in_range,0.2,45432.28,272593.66,5.52,2.89,2020-10-03,2023-05-11,5,High,Radford All Country,Yes,exact_us_zone,US row matched using country + zone + Radford job code.,United States - Z3,Z3 US,United States - TS 100M - 1B Rev Z2 US,U.S. Dollars - USD,TE.DADA.P6,Data Management & Analytics - Data Analytics - Principal (P6),,,,,170000.0,,,
SYN01174,Harper Flores,United States of America,Virginia,Z3,Job Code: JC100667,Site Reliability Engineer III,EN.SODE.P3,IC3,174915.0,183518.5,244898.0,1.0486,192428.78,in_range,0.1,19242.88,211671.66,1.81,1.35,2024-06-11,2024-12-01,4,Strong,Radford All Country,Yes,exact_us_zone,US row matched using country + zone + Radford job code.,United States - Z3,Z3 US,United States - TS 100M - 1B Rev Z2 US,U.S. Dollars - USD,EN.SODE.P3,Software - Software Development Engineering - Career (P3),,,,,185500.0,195700.0,203700.0,220000.0
SYN01175,Elliot Flores,United States of America,South Carolina,Z3,Job Code: JC100200,Enterprise Sales Rep IV,SA.FSDN.P4,IC4,147924.0,171310.0,221887.0,0.8635,147924.0,in_range,0.1,14792.4,162716.4,4.34,2.01,2021-12-08,2024-03-27,3,Solid,Radford All Country,Yes,exact_us_zone,US row matched using country + zone + Radford job code.,United States - Z3,Z3 US,United States - TS 100M - 1B Rev Z2 US,U.S. Dollars - USD,SA.FSDN.P4,Field Sales - Sales Account Management - Direct Sales - New Accounts - Advanced (P4),,,,,150000.0,160000.0,165000.0,175000.0
SYN01176,Dakota Flores,United States of America,California,Z3,Job Code: JC100201,Enterprise Sales Rep V,SA.FSDN.P5,IC5,163363.0,189189.0,245045.0,1.4542,275126.92,above_max,0.15,41269.04,316395.96,5.74,4.18,2020-07-12,2022-02-01,4,Strong,Radford All Country,Yes,exact_us_zone,US row matched using country + zone + Radford job code.,United States - Z3,Z3 US,United States - TS 100M - 1B Rev Z2 US,U.S. Dollars - USD,SA.FSDN.P5,Field Sales - Sales Account Management - Direct Sales - New Accounts - Expert (P5),,,,,170600.0,179687.0,185000.0,207950.0
SYN01177,Kendall Flores,United States of America,Colorado,Z3,Job Code: JC101058,Sales Engineer Specialist VI,SA.ASRS.P6,IC6,226511.0,283139.0,339767.0,0.8587,243136.15,in_range,0.2,48627.23,291763.38,4.16,1.63,2022-02-14,2024-08-15,3,Solid,Radford All Country,Yes,exact_us_zone,US row matched using country + zone + Radford job code.,United States - Z3,Z3 US,United States - TS 100M - 1B Rev Z2 US,U.S. Dollars - USD,SA.ASRS.P6,Applications / Systems Engineering - Pre-Sales - Sales Plan - Principal (P6),,,,,200363.0,225950.0,239505.0,284735.0
SYN01178,Sage Flores,United States of America,Pennsylvania,Z3,Job Code: JC100721,Technical Product Marketing Manager V,MK.PIPE.P5,IC5,208531.0,228080.0,312796.0,0.9143,208531.0,in_range,0.15,31279.65,239810.65,3.57,2.46,2022-09-11,2023-10-14,4,Strong,Radford All Country,Yes,exact_us_zone,US row matched using country + zone + Radford job code.,United States - Z3,Z3 US,United States - TS 100M - 1B Rev Z2 US,U.S. Dollars - USD,MK.PIPE.P5,Product Marketing - Product Marketing Engineering - Expert (P5),,,,,241164.0,,,
SYN01179,Peyton Flores,United States of America,Colorado,Z3,Job Code: JC100173,Director Software Engineering,EN.SODE.M5,D1,227105.0,283881.5,340658.0,0.9836,279215.65,in_range,0.25,69803.91,349019.56,3.58,3.58,2022-09-01,2022-09-11,3,Solid,Radford All Country,Yes,exact_us_zone,US row matched using country + zone + Radford job code.,United States - Z3,Z3 US,United States - TS 100M - 1B Rev Z2 US,U.S. Dollars - USD,EN.SODE.M5,Software - Software Development Engineering - Director (M5),,,,,285000.0,308453.0,325000.0,371261.0
SYN01181,Micah Flores,United States of America,Massachusetts,Z3,Job Code: JC100614,Senior Manager Financial Planning/Analysis,FI.ACFP.M4,M2,181940.0,211920.0,272911.0,1.0398,220346.63,in_range,0.2,44069.33,264415.96,3.72,2.77,2022-07-25,2023-07-05,4,Strong,Radford All Country,Yes,exact_us_zone,US row matched using country + zone + Radford job code.,United States - Z3,Z3 US,United States - TS 100M - 1B Rev Z2 US,U.S. Dollars - USD,FI.ACFP.M4,Accounting - Financial Planning & Analysis - Sr Manager (M4),,,,,194750.0,203500.0,211100.0,231875.0
SYN01182,Robin Flores,United States of America,Massachusetts,Z3,Job Code: JC100214,Financial Analyst IV,FI.ACFP.P4,IC4,148104.0,161989.0,222156.0,0.9194,148929.48,in_range,0.1,14892.95,163822.43,3.73,2.04,2022-07-22,2024-03-23,3,Solid,Radford All Country,Yes,exact_us_zone,US row matched using country + zone + Radford job code.,United States - Z3,Z3 US,United States - TS 100M - 1B Rev Z2 US,U.S. Dollars - USD,FI.ACFP.P4,Accounting - Financial Planning & Analysis - Advanced (P4),,,,,160161.0,170000.0,176340.0,194825.0
SYN01183,Devon Flores,United States of America,Washington,Z3,Job Code: JC101289,Account Manager IV,,IC4,119280.0,136911.0,178920.0,0.8712,119280.0,in_range,0.1,11928.0,131208.0,5.16,1.98,2021-02-05,2024-04-20,3,Solid,Radford All Country,No,unmatched,No FJC Radford code available for market join.,,,,,,,,,,,,,,
SYN01184,Sawyer Flores,United States of America,California,Z3,Job Code: JC100750,"VP, Product Management",EN.PGMF.E1,VP1,271295.0,339118.5,406942.0,1.0455,354555.8,in_range,0.35,124094.53,478650.32,2.46,2.46,2023-10-14,2023-10-24,3,Solid,Radford All Country,Yes,exact_us_zone,US row matched using country + zone + Radford job code.,United States - Z3,Z3 US,United States - TS 100M - 1B Rev Z2 US,U.S. Dollars - USD,EN.PGMF.E1,Product Management - Technology Product Management - Executive - Executive 1 (E1),,,,,333720.0,348018.0,367850.0,416400.0
SYN01185,Charlie Flores,United States of America,New York,Z3,Job Code: JC101196,Support Account Manager V,CS.CSAS.P5,IC5,167566.0,209457.0,251348.0,0.855,179087.65,in_range,0.15,26863.15,205950.8,4.28,1.77,2021-12-25,2024-07-06,3,Solid,Radford All Country,Yes,exact_us_zone,US row matched using country + zone + Radford job code.,United States - Z3,Z3 US,United States - TS 100M - 1B Rev Z2 US,U.S. Dollars - USD,CS.CSAS.P5,Customer Support - Account Services - Expert (P5),,,,,169090.0,175000.0,183501.0,
SYN01186,Remy Flores,United States of America,Virginia,Z3,Job Code: JC100738,UI/UX Product Designer IV,EN.UUUD.P4,IC4,174391.0,190740.5,261587.0,1.0716,204388.56,in_range,0.1,20438.86,224827.42,4.43,2.02,2021-10-29,2024-03-25,3,Solid,Radford All Country,Yes,exact_us_zone,US row matched using country + zone + Radford job code.,United States - Z3,Z3 US,United States - TS 100M - 1B Rev Z2 US,U.S. Dollars - USD,EN.UUUD.P4,User Interface / User Experience (UI / UX) - UI / UX Design - Advanced (P4),,,,,190000.0,201345.0,211750.0,230000.0
SYN01187,Shawn Flores,United States of America,Washington,Z3,Job Code: JC100194,Enterprise Data Architect IV,TE.DADA.P4,IC4,163886.0,204857.5,245829.0,1.0521,215525.63,in_range,0.1,21552.56,237078.19,3.87,2.66,2022-05-26,2023-08-08,3,Solid,Radford All Country,Yes,exact_us_zone,US row matched using country + zone + Radford job code.,United States - Z3,Z3 US,United States - TS 100M - 1B Rev Z2 US,U.S. Dollars - USD,TE.DADA.P4,Data Management & Analytics - Data Analytics - Advanced (P4),,,,,175000.0,188818.0,191759.0,215400.0
SYN01188,Noel Flores,United States of America,California,Z3,Job Code: JC100189,Engineering Program Manager V,TE.PMPI.P5,IC5,183225.0,229031.0,274837.0,0.6951,159209.31,below_min,0.15,23881.4,183090.71,3.55,2.44,2022-09-13,2023-10-23,3,Solid,Radford All Country,Yes,exact_us_zone,US row matched using country + zone + Radford job code.,United States - Z3,Z3 US,United States - TS 100M - 1B Rev Z2 US,U.S. Dollars - USD,TE.PMPI.P5,Project Management - Project / Program Management - Information Systems - Expert (P5),,,,,211309.0,229170.0,242625.0,
SYN01189,Aubrey Flores,United States of America,Mississippi,Z3,Job Code: JC100677,Software Engineer II,EN.SODE.P2,IC2,140592.0,168717.5,196843.0,1.0562,178198.73,in_range,0.1,17819.87,196018.61,0.51,0.51,2025-10-08,2025-09-29,4,Strong,Radford All Country,Yes,exact_us_zone,US row matched using country + zone + Radford job code.,United States - Z3,Z3 US,United States - TS 100M - 1B Rev Z2 US,U.S. Dollars - USD,EN.SODE.P2,Software - Software Development Engineering - Developing (P2),,,,,150000.0,157600.0,163333.0,180000.0
SYN01190,Bailey Flores,United States of America,Michigan,Z3,Job Code: JC100201,Enterprise Sales Rep V,SA.FSDN.P5,IC5,163363.0,189189.0,245045.0,1.4171,268099.8,above_max,0.15,40214.97,308314.77,3.01,1.74,2023-04-04,2024-07-15,4,Strong,Radford All Country,Yes,exact_us_zone,US row matched using country + zone + Radford job code.,United States - Z3,Z3 US,United States - TS 100M - 1B Rev Z2 US,U.S. Dollars - USD,SA.FSDN.P5,Field Sales - Sales Account Management - Direct Sales - New Accounts - Expert (P5),,,,,170600.0,179687.0,185000.0,207950.0
SYN01191,Jules Flores,United States of America,California,Z3,Job Code: JC100368,Marketing Specialist III,MK.GLMF.P3,IC3,122403.0,146889.0,171375.0,0.9507,139647.17,in_range,0.1,13964.72,153611.89,3.89,2.29,2022-05-23,2023-12-16,3,Solid,Radford All Country,Yes,exact_us_zone,US row matched using country + zone + Radford job code.,United States - Z3,Z3 US,United States - TS 100M - 1B Rev Z2 US,U.S. Dollars - USD,MK.GLMF.P3,General - Multi-Focus - Career (P3),,,,,131174.0,140000.0,148400.0,160292.0
SYN01192,Kieran Flores,United States of America,Arizona,Z3,Job Code: JC100143,Director Marketing,MK.GLMF.M5,D1,172993.0,201497.5,259490.0,1.08,217617.3,in_range,0.25,54404.33,272021.62,4.19,3.06,2022-02-04,2023-03-18,4,Strong,Radford All Country,Yes,exact_us_zone,US row matched using country + zone + Radford job code.,United States - Z3,Z3 US,United States - TS 100M - 1B Rev Z2 US,U.S. Dollars - USD,MK.GLMF.M5,General - Multi-Focus - Director (M5),,,,,222094.0,232176.0,247200.0,281500.0
SYN01193,Marlowe Flores,United States of America,California,Z3,Job Code: JC100402,Product Manager V,EN.PGPG.P5,IC5,243936.0,304920.0,365904.0,0.9855,300505.23,in_range,0.15,45075.78,345581.02,2.54,1.29,2023-09-22,2024-12-22,3,Solid,Radford All Country,Yes,exact_us_zone,US row matched using country + zone + Radford job code.,United States - Z3,Z3 US,United States - TS 100M - 1B Rev Z2 US,U.S. Dollars - USD,EN.PGPG.P5,Product Management - Technology Product Management - Expert (P5),,,,,240000.0,252700.0,260000.0,280400.0
SYN01194,Adrian Flores,United States of America,California,Z3,Job Code: JC100096,Data Analyst V,TE.DADA.P5,IC5,178493.0,223116.0,267739.0,0.8933,199310.85,in_range,0.15,29896.63,229207.48,4.48,2.67,2021-10-16,2023-08-02,4,Strong,Radford All Country,Yes,exact_us_zone,US row matched using country + zone + Radford job code.,United States - Z3,Z3 US,United States - TS 100M - 1B Rev Z2 US,U.S. Dollars - USD,TE.DADA.P5,Data Management & Analytics - Data Analytics - Expert (P5),,,,,211068.0,229339.0,240000.0,251600.0
SYN01195,Eden Flores,United States of America,California,Z3,Job Code: JC100438,Talent Acquisition Partner V,HR.TATA.P5,IC5,178844.0,223555.0,268266.0,0.98,219083.9,in_range,0.15,32862.58,251946.48,3.57,2.66,2022-09-13,2023-08-14,3,Solid,Radford All Country,Yes,exact_us_zone,US row matched using country + zone + Radford job code.,United States - Z3,Z3 US,United States - TS 100M - 1B Rev Z2 US,U.S. Dollars - USD,HR.TATA.P5,Talent Acquisition - Talent Acquisition - Expert (P5),,,,,201400.0,212000.0,215650.0,225500.0
SYN01196,Jesse Flores,United States of America,North Carolina,Z3,Job Code: JC101058,Sales Engineer Specialist VI,SA.ASRS.P6,IC6,226511.0,283139.0,339767.0,0.889,251700.47,in_range,0.2,50340.09,302040.56,2.5,1.37,2023-10-11,2024-11-19,3,Solid,Radford All Country,Yes,exact_us_zone,US row matched using country + zone + Radford job code.,United States - Z3,Z3 US,United States - TS 100M - 1B Rev Z2 US,U.S. Dollars - USD,SA.ASRS.P6,Applications / Systems Engineering - Pre-Sales - Sales Plan - Principal (P6),,,,,200363.0,225950.0,239505.0,284735.0
SYN01197,Lane Flores,United States of America,Colorado,Z3,Job Code: JC100654,Senior Manager Software Engineering,EN.SODE.M4,M2,240901.0,301126.5,361352.0,0.7744,233187.97,below_min,0.2,46637.59,279825.56,1.73,1.24,2024-07-20,2025-01-09,3,Solid,Radford All Country,Yes,exact_us_zone,US row matched using country + zone + Radford job code.,United States - Z3,Z3 US,United States - TS 100M - 1B Rev Z2 US,U.S. Dollars - USD,EN.SODE.M4,Software - Software Development Engineering - Sr Manager (M4),,,,,261000.0,275000.0,285600.0,309960.0
SYN01198,Shiloh Flores,United States of America,Colorado,Z3,Job Code: JC100087,Customer Support Engineer II,CS.FSTS.P2,IC2,89731.0,96590.5,125632.0,0.929,89731.0,in_range,0.1,8973.1,98704.1,0.75,0.75,2025-07-06,2025-07-11,3,Solid,Radford All Country,Yes,exact_us_zone,US row matched using country + zone + Radford job code.,United States - Z3,Z3 US,United States - TS 100M - 1B Rev Z2 US,U.S. Dollars - USD,CS.FSTS.P2,Field Support - Technical Support Engineering - Developing (P2),,,,,91000.0,100109.0,107901.0,129190.0
SYN01199,Teagan Flores,United States of America,California,Z3,Job Code: JC100520,Security Engineer V,EN.SOPS.P5,IC5,232338.0,258841.5,348506.0,0.8195,212110.43,below_min,0.15,31816.57,243927.0,4.48,2.97,2021-10-12,2023-04-16,4,Strong,Radford All Country,Yes,exact_us_zone,US row matched using country + zone + Radford job code.,United States - Z3,Z3 US,United States - TS 100M - 1B Rev Z2 US,U.S. Dollars - USD,EN.SOPS.P5,Software - Product / Application Security Engineering - Expert (P5),,,,,251060.0,268830.0,280000.0,318270.0
SYN01200,Ari Flores,United States of America,California,Z3,Job Code: JC100502,Sales Engineer Enterprise V,SA.ASRS.P5,IC5,194212.0,218488.0,291318.0,1.0303,225113.63,in_range,0.15,33767.04,258880.67,5.53,2.69,2020-09-25,2023-08-05,3,Solid,Radford All Country,Yes,exact_us_zone,US row matched using country + zone + Radford job code.,United States - Z3,Z3 US,United States - TS 100M - 1B Rev Z2 US,U.S. Dollars - USD,SA.ASRS.P5,Applications / Systems Engineering - Pre-Sales - Sales Plan - Expert (P5),,,,,190460.0,198770.0,202800.0,215374.0
SYN01201,Milan Flores,United States of America,Georgia,Z3,Job Code: JC100129,Director Enterprise Sales,SA.FSDS.M5,D1,194312.0,225031.0,291468.0,0.8635,194312.0,in_range,0.25,48578.0,242890.0,4.06,3.03,2022-03-14,2023-03-31,3,Solid,Radford All Country,Yes,exact_us_zone,US row matched using country + zone + Radford job code.,United States - Z3,Z3 US,United States - TS 100M - 1B Rev Z2 US,U.S. Dollars - USD,SA.FSDS.M5,Field Sales - Sales Account Management - Direct Sales - Director (M5),,,,,199699.0,212500.0,220500.0,243126.0
SYN01202,Nico Flores,United States of America,Nevada,Z3,Job Code: JC100597,Senior Manager Commercial Sales,SA.FSDS.M4,M2,121675.0,137610.0,182512.0,1.021,140501.07,in_range,0.2,28100.21,168601.29,5.91,1.89,2020-05-06,2024-05-10,3,Solid,Radford All Country,Yes,exact_us_zone,US row matched using country + zone + Radford job code.,United States - Z3,Z3 US,United States - TS 100M - 1B Rev Z2 US,U.S. Dollars - USD,SA.FSDS.M4,Field Sales - Sales Account Management - Direct Sales - Sr Manager (M4),,,,,175000.0,195705.0,200113.0,215590.0
SYN01203,Aisha Flores,United States of America,Colorado,Z3,Job Code: JC100429,Quality Engineer II,EN.QAQA.P2,IC2,116090.0,125382.0,162537.0,1.07,134158.74,in_range,0.1,13415.87,147574.61,0.24,0.24,2026-01-13,2026-01-16,,,Radford All Country,Yes,exact_us_zone,US row matched using country + zone + Radford job code.,United States - Z3,Z3 US,United States - TS 100M - 1B Rev Z2 US,U.S. Dollars - USD,EN.QAQA.P2,Quality Assurance - Quality Assurance Engineering - Developing (P2),,,,,111617.0,123530.0,128282.0,143180.0
SYN01204,Priya Flores,United States of America,Colorado,Z3,Job Code: JC100553,Senior Director Legal Counsel,LG.ATMF.M6,D2,240845.0,301056.0,361267.0,1.1598,349175.31,in_range,0.3,104752.59,453927.9,2.94,2.94,2023-04-23,2023-04-29,4,Strong,Radford All Country,Yes,exact_us_zone,US row matched using country + zone + Radford job code.,United States - Z3,Z3 US,United States - TS 100M - 1B Rev Z2 US,U.S. Dollars - USD,LG.ATMF.M6,Attorney - Multi-Focus - Senior Director (M6),,,,,318000.0,327000.0,342400.0,367543.0
SYN01205,Leah Flores,United States of America,California,Z3,Job Code: JC100030,Commercial Sales Rep IV,SA.FSDN.P4,IC4,92552.0,111129.0,138828.0,0.9966,110750.87,in_range,0.1,11075.09,121825.95,2.05,1.19,2024-03-20,2025-02-03,3,Solid,Radford All Country,Yes,exact_us_zone,US row matched using country + zone + Radford job code.,United States - Z3,Z3 US,United States - TS 100M - 1B Rev Z2 US,U.S. Dollars - USD,SA.FSDN.P4,Field Sales - Sales Account Management - Direct Sales - New Accounts - Advanced (P4),,,,,150000.0,160000.0,165000.0,175000.0
SYN01206,Sophia Flores,United States of America,California,Z3,Job Code: JC100279,Manager Accounting,FI.ACGA.M3,M1,133428.0,153904.5,200142.0,0.96,147748.32,in_range,0.2,29549.66,177297.98,4.17,2.51,2022-02-02,2023-10-07,3,Solid,Radford All Country,Yes,exact_us_zone,US row matched using country + zone + Radford job code.,United States - Z3,Z3 US,United States - TS 100M - 1B Rev Z2 US,U.S. Dollars - USD,FI.ACGA.M3,Accounting - General Accounting - Manager (M3),,,,,150000.0,157979.0,166815.0,181189.0
SYN01207,Maya Flores,United States of America,Colorado,Z3,Job Code: JC100677,Software Engineer II,EN.SODE.P2,IC2,140592.0,168717.5,196843.0,0.9123,153924.2,in_range,0.1,15392.42,169316.62,0.76,0.76,2025-06-27,2025-07-07,3,Solid,Radford All Country,Yes,exact_us_zone,US row matched using country + zone + Radford job code.,United States - Z3,Z3 US,United States - TS 100M - 1B Rev Z2 US,U.S. Dollars - USD,EN.SODE.P2,Software - Software Development Engineering - Developing (P2),,,,,150000.0,157600.0,163333.0,180000.0
SYN01209,Olivia Flores,United States of America,California,Z3,Job Code: JC100680,Software Engineer V,EN.SODE.P5,IC5,232338.0,290422.0,348506.0,0.9999,290397.48,in_range,0.15,43559.62,333957.1,4.47,1.4,2021-10-17,2024-11-19,3,Solid,Radford All Country,Yes,exact_us_zone,US row matched using country + zone + Radford job code.,United States - Z3,Z3 US,United States - TS 100M - 1B Rev Z2 US,U.S. Dollars - USD,EN.SODE.P5,Software - Software Development Engineering - Expert (P5),,,,,246000.0,260000.0,270700.0,296706.0
SYN01210,Emma Flores,United States of America,Colorado,Z3,Job Code: JC100005,Accountant V,FI.ACGA.P5,IC5,169688.0,183794.0,254532.0,1.0078,185225.19,in_range,0.15,27783.78,213008.97,2.74,1.64,2023-07-12,2024-08-20,3,Solid,Radford All Country,Yes,exact_us_zone,US row matched using country + zone + Radford job code.,United States - Z3,Z3 US,United States - TS 100M - 1B Rev Z2 US,U.S. Dollars - USD,FI.ACGA.P5,Accounting - General Accounting - Expert (P5),,,,,181000.0,,,
SYN01211,Isabella Flores,United States of America,North Carolina,Z3,Job Code: JC100465,SE Commercial III,,IC3,138464.0,166163.5,193863.0,0.7132,118499.9,below_min,0.1,11849.99,130349.89,3.88,1.76,2022-05-27,2024-07-08,3,Solid,Radford All Country,No,unmatched,No FJC Radford code available for market join.,,,,,,,,,,,,,,
SYN01212,Mia Flores,United States of America,California,Z3,Job Code: JC101051,Director Sales Engineering Specialist,SA.ASRS.M5,D1,223542.0,259931.5,335312.0,0.7738,201126.12,below_min,0.25,50281.53,251407.65,4.75,4.75,2021-07-01,2021-06-30,4,Strong,Radford All Country,Yes,exact_us_zone,US row matched using country + zone + Radford job code.,United States - Z3,Z3 US,United States - TS 100M - 1B Rev Z2 US,U.S. Dollars - USD,SA.ASRS.M5,Applications / Systems Engineering - Pre-Sales - Sales Plan - Director (M5),,,,,217000.0,231250.0,238912.0,252000.0
SYN01213,Amelia Flores,United States of America,Florida,Z3,Job Code: JC100270,Legal Counsel / Attorney IV,LG.ATMF.P4,IC4,217494.0,237884.5,326241.0,0.9143,217494.0,in_range,0.1,21749.4,239243.4,4.28,3.09,2021-12-21,2023-02-27,3,Solid,Radford All Country,Yes,exact_us_zone,US row matched using country + zone + Radford job code.,United States - Z3,Z3 US,United States - TS 100M - 1B Rev Z2 US,U.S. Dollars - USD,LG.ATMF.P4,Attorney - Multi-Focus - Advanced (P4),,,,,218500.0,235855.0,244600.0,270000.0
SYN01214,Charlotte Flores,United States of America,California,Z3,Job Code: JC101058,Sales Engineer Specialist VI,SA.ASRS.P6,IC6,226511.0,283139.0,339767.0,1.014,287098.73,in_range,0.2,57419.75,344518.48,5.8,2.72,2020-06-25,2023-07-21,3,Solid,Radford All Country,Yes,exact_us_zone,US row matched using country + zone + Radford job code.,United States - Z3,Z3 US,United States - TS 100M - 1B Rev Z2 US,U.S. Dollars - USD,SA.ASRS.P6,Applications / Systems Engineering - Pre-Sales - Sales Plan - Principal (P6),,,,,200363.0,225950.0,239505.0,284735.0
SYN01215,Lila Flores,United States of America,Oregon,Z3,Job Code: JC100932,Data Scientist V,TE.DADS.P5,IC5,224926.0,281158.0,337390.0,1.01,283969.58,in_range,0.15,42595.44,326565.02,3.78,1.56,2022-06-24,2024-09-09,3,Solid,Radford All Country,Yes,exact_us_zone,US row matched using country + zone + Radford job code.,United States - Z3,Z3 US,United States - TS 100M - 1B Rev Z2 US,U.S. Dollars - USD,TE.DADS.P5,Data Management & Analytics - Data Science - Expert (P5),,,,,242507.0,254977.0,268350.0,280000.0
SYN01216,Nora Flores,United States of America,California,Z3,Job Code: JC100402,Product Manager V,EN.PGPG.P5,IC5,243936.0,304920.0,365904.0,0.816,248815.92,in_range,0.15,37322.39,286138.31,5.85,4.67,2020-05-30,2021-07-30,3,Solid,Radford All Country,Yes,exact_us_zone,US row matched using country + zone + Radford job code.,United States - Z3,Z3 US,United States - TS 100M - 1B Rev Z2 US,U.S. Dollars - USD,EN.PGPG.P5,Product Management - Technology Product Management - Expert (P5),,,,,240000.0,252700.0,260000.0,280400.0
SYN01217,Layla Flores,United States of America,Colorado,Z3,Job Code: JC100096,Data Analyst V,TE.DADA.P5,IC5,178493.0,223116.0,267739.0,1.2505,278997.97,above_max,0.15,41849.7,320847.66,6.12,4.39,2020-02-18,2021-11-17,3,Solid,Radford All Country,Yes,exact_us_zone,US row matched using country + zone + Radford job code.,United States - Z3,Z3 US,United States - TS 100M - 1B Rev Z2 US,U.S. Dollars - USD,TE.DADA.P5,Data Management & Analytics - Data Analytics - Expert (P5),,,,,211068.0,229339.0,240000.0,251600.0
SYN01218,Hazel Flores,United States of America,Colorado,Z3,Job Code: JC101242,Chief People Officer,,E3,320000.0,400000.0,480000.0,1.05,420000.0,in_range,0.0,0.0,420000.0,1.96,1.96,2024-04-20,2024-04-16,3,Solid,Radford All Country,No,unmatched,No FJC Radford code available for market join.,,,,,,,,,,,,,,
SYN01219,Aria Flores,United States of America,California,Z3,Job Code: JC100200,Enterprise Sales Rep IV,SA.FSDN.P4,IC4,147924.0,171310.0,221887.0,1.0204,174811.25,in_range,0.1,17481.13,192292.38,2.76,1.79,2023-07-04,2024-06-21,3,Solid,Radford All Country,Yes,exact_us_zone,US row matched using country + zone + Radford job code.,United States - Z3,Z3 US,United States - TS 100M - 1B Rev Z2 US,U.S. Dollars - USD,SA.FSDN.P4,Field Sales - Sales Account Management - Direct Sales - New Accounts - Advanced (P4),,,,,150000.0,160000.0,165000.0,175000.0
SYN01220,Ivy Flores,United States of America,Virginia,Z3,Job Code: JC100564,Senior Director Professional Services,TC.TSMF.M6,D2,244429.0,305536.0,366643.0,1.11,339144.96,in_range,0.3,101743.49,440888.45,4.51,4.51,2021-10-04,2021-10-05,3,Solid,Radford All Country,Yes,exact_us_zone,US row matched using country + zone + Radford job code.,United States - Z3,Z3 US,United States - TS 100M - 1B Rev Z2 US,U.S. Dollars - USD,TC.TSMF.M6,IT Solutions Consulting - Multi-Focus - Senior Director (M6),,,,,230025.0,232704.0,249018.0,
SYN01221,Naomi Flores,United States of America,California,Z3,Job Code: JC100976,Scaled Customer Success Manager IV,SA.CRCS.P4,IC4,150782.0,163893.5,226174.0,0.95,155698.82,in_range,0.1,15569.88,171268.71,2.01,1.5,2024-03-27,2024-10-08,3,Solid,Radford All Country,Yes,exact_us_zone,US row matched using country + zone + Radford job code.,United States - Z3,Z3 US,United States - TS 100M - 1B Rev Z2 US,U.S. Dollars - USD,SA.CRCS.P4,Customer Relationship Management - Customer Success - Advanced (P4),,,,,145000.0,154946.0,161292.0,182834.0
SYN01223,Lucy Flores,United States of America,California,Z3,Job Code: JC100501,Sales Engineer Enterprise IV,SA.ASRS.P4,IC4,175567.0,219459.0,263351.0,1.0466,229684.0,in_range,0.1,22968.4,252652.4,4.53,1.61,2021-10-01,2024-08-25,2,Developing,Radford All Country,Yes,exact_us_zone,US row matched using country + zone + Radford job code.,United States - Z3,Z3 US,United States - TS 100M - 1B Rev Z2 US,U.S. Dollars - USD,SA.ASRS.P4,Applications / Systems Engineering - Pre-Sales - Sales Plan - Advanced (P4),,,,,168613.0,175000.0,181247.0,191729.0
SYN01224,Stella Flores,United States of America,California,Z3,Job Code: JC100437,Talent Acquisition Partner IV,HR.TATA.P4,IC4,150156.0,164232.5,225234.0,0.9143,150156.0,in_range,0.1,15015.6,165171.6,2.54,1.53,2023-09-20,2024-09-20,4,Strong,Radford All Country,Yes,exact_us_zone,US row matched using country + zone + Radford job code.,United States - Z3,Z3 US,United States - TS 100M - 1B Rev Z2 US,U.S. Dollars - USD,HR.TATA.P4,Talent Acquisition - Talent Acquisition - Advanced (P4),,,,,168500.0,178220.0,182050.0,200893.0
SYN01225,Grace Flores,United States of America,California,Z3,Job Code: JC100677,Software Engineer II,EN.SODE.P2,IC2,140592.0,168717.5,196843.0,1.0302,173815.39,in_range,0.1,17381.54,191196.93,2.78,1.8,2023-07-04,2024-06-22,3,Solid,Radford All Country,Yes,exact_us_zone,US row matched using country + zone + Radford job code.,United States - Z3,Z3 US,United States - TS 100M - 1B Rev Z2 US,U.S. Dollars - USD,EN.SODE.P2,Software - Software Development Engineering - Developing (P2),,,,,150000.0,157600.0,163333.0,180000.0
SYN01226,Hannah Flores,United States of America,New York,Z3,Job Code: JC101058,Sales Engineer Specialist VI,SA.ASRS.P6,IC6,226511.0,283139.0,339767.0,0.9448,267512.72,in_range,0.2,53502.54,321015.27,5.31,4.13,2020-12-21,2022-02-18,3,Solid,Radford All Country,Yes,exact_us_zone,US row matched using country + zone + Radford job code.,United States - Z3,Z3 US,United States - TS 100M - 1B Rev Z2 US,U.S. Dollars - USD,SA.ASRS.P6,Applications / Systems Engineering - Pre-Sales - Sales Plan - Principal (P6),,,,,200363.0,225950.0,239505.0,284735.0
SYN01227,Violet Flores,United States of America,Pennsylvania,Z3,Job Code: JC100995,Onboarding Specialist IV,MC.PMMF.P4,IC4,166519.0,180999.0,249779.0,0.92,166519.0,in_range,0.1,16651.9,183170.9,4.17,2.6,2022-02-10,2023-08-25,4,Strong,Radford All Country,Yes,exact_us_zone,US row matched using country + zone + Radford job code.,United States - Z3,Z3 US,United States - TS 100M - 1B Rev Z2 US,U.S. Dollars - USD,MC.PMMF.P4,Project Management - Multi-Focus - Advanced (P4),,,,,147500.0,152033.0,154500.0,176560.0
SYN01228,Luna Flores,United States of America,California,Z3,Job Code: JC100090,Customer Support Engineer V,CS.FSTS.P5,IC5,158933.0,198666.5,238400.0,1.0285,204319.81,in_range,0.15,30647.97,234967.78,2.93,2.34,2023-05-06,2023-11-29,3,Solid,Radford All Country,Yes,exact_us_zone,US row matched using country + zone + Radford job code.,United States - Z3,Z3 US,United States - TS 100M - 1B Rev Z2 US,U.S. Dollars - USD,CS.FSTS.P5,Field Support - Technical Support Engineering - Expert (P5),,,,,164796.0,174246.0,180000.0,211849.0
SYN01229,Evelyn Flores,United States of America,California,Z3,Job Code: JC100951,Systems Engineer III,TE.ISIS.P3,IC3,157424.0,165166.5,220408.0,0.9879,163161.26,in_range,0.1,16316.13,179477.39,2.6,1.67,2023-08-25,2024-07-31,5,High,Radford All Country,No,unmatched,No match found on expected US country/zone + Radford job code.,,,,,,,,,,,,,,
SYN01230,Benjamin Flores,United States of America,Tennessee,Z3,Job Code: JC100090,Customer Support Engineer V,CS.FSTS.P5,IC5,158933.0,198666.5,238400.0,0.945,187731.54,in_range,0.15,28159.73,215891.28,4.19,2.01,2022-01-26,2024-03-28,3,Solid,Radford All Country,Yes,exact_us_zone,US row matched using country + zone + Radford job code.,United States - Z3,Z3 US,United States - TS 100M - 1B Rev Z2 US,U.S. Dollars - USD,CS.FSTS.P5,Field Support - Technical Support Engineering - Expert (P5),,,,,164796.0,174246.0,180000.0,211849.0
SYN01231,Liam Flores,United States of America,North Carolina,Z3,Job Code: JC101005,Partner Sales Manager IV,SA.APAP.P4,IC4,131952.0,164940.5,197929.0,0.8749,144303.93,in_range,0.1,14430.39,158734.32,3.76,1.78,2022-07-11,2024-07-01,3,Solid,Radford All Country,Yes,exact_us_zone,US row matched using country + zone + Radford job code.,United States - Z3,Z3 US,United States - TS 100M - 1B Rev Z2 US,U.S. Dollars - USD,SA.APAP.P4,Alliance Partnership - Alliance Partnership - Advanced (P4),,,,,154500.0,165387.0,175000.0,199434.0
SYN01232,Noah Flores,United States of America,California,Z3,Job Code: JC101316,Escalations Manager IV,,IC4,141531.0,176914.0,212297.0,0.88,155684.32,in_range,0.1,15568.43,171252.75,2.2,1.27,2024-01-23,2025-01-04,3,Solid,Radford All Country,No,unmatched,No FJC Radford code available for market join.,,,,,,,,,,,,,,
SYN01233,Ethan Flores,United States of America,Michigan,Z3,Job Code: JC100241,HR Generalist IV,HR.GLGL.P4,IC4,138046.0,172557.5,207069.0,1.017,175493.26,in_range,0.1,17549.33,193042.59,3.78,1.68,2022-06-23,2024-07-27,4,Strong,Radford All Country,Yes,exact_us_zone,US row matched using country + zone + Radford job code.,United States - Z3,Z3 US,United States - TS 100M - 1B Rev Z2 US,U.S. Dollars - USD,HR.GLGL.P4,General - HR Generalist - Advanced (P4),,,,,147770.0,150750.0,155039.0,172400.0
SYN01234,Mason Flores,United States of America,California,Z3,Job Code: JC100409,Product Marketing Manager VI,MK.PIPM.P6,IC6,188788.0,235985.0,283182.0,1.2,283182.0,in_range,0.2,56636.4,339818.4,2.17,1.54,2024-01-29,2024-09-19,1,Low,Radford All Country,Yes,exact_us_zone,US row matched using country + zone + Radford job code.,United States - Z3,Z3 US,United States - TS 100M - 1B Rev Z2 US,U.S. Dollars - USD,MK.PIPM.P6,Product Marketing - Product Marketing - Principal (P6),,,,,244400.0,252426.0,255000.0,
SYN01235,Lucas Flores,United States of America,New Hampshire,Z3,Job Code: JC101058,Sales Engineer Specialist VI,SA.ASRS.P6,IC6,226511.0,283139.0,339767.0,1.2822,363029.93,above_max,0.2,72605.99,435635.92,1.91,1.29,2024-05-13,2024-12-22,3,Solid,Radford All Country,Yes,exact_us_zone,US row matched using country + zone + Radford job code.,United States - Z3,Z3 US,United States - TS 100M - 1B Rev Z2 US,U.S. Dollars - USD,SA.ASRS.P6,Applications / Systems Engineering - Pre-Sales - Sales Plan - Principal (P6),,,,,200363.0,225950.0,239505.0,284735.0
SYN01236,Elijah Flores,United States of America,Colorado,Z3,Job Code: JC101235,Engineering Operations Manager IV,,IC4,163036.0,203795.5,244555.0,0.98,199719.59,in_range,0.1,19971.96,219691.55,3.75,1.35,2022-07-06,2024-12-03,3,Solid,Radford All Country,No,unmatched,No FJC Radford code available for market join.,,,,,,,,,,,,,,
SYN01237,James Flores,United States of America,Colorado,Z3,Job Code: JC101046,Deal Desk Rep IV,SA.OPDD.P4,IC4,154048.0,192560.0,231072.0,0.818,157516.31,in_range,0.1,15751.63,173267.94,3.84,2.5,2022-06-01,2023-10-05,3,Solid,Radford All Country,Yes,exact_us_zone,US row matched using country + zone + Radford job code.,United States - Z3,Z3 US,United States - TS 100M - 1B Rev Z2 US,U.S. Dollars - USD,SA.OPDD.P4,Operations / Sales Support - Deal Desk - Advanced (P4),,,,,159400.0,169883.0,173325.0,
SYN01238,Henry Flores,United States of America,Colorado,Z3,Job Code: JC100921,VP Internal Communications,CA.COEC.E1,VP1,234742.0,293427.0,352112.0,1.12,328638.24,in_range,0.35,115023.38,443661.62,4.73,4.73,2021-07-20,2021-07-15,3,Solid,Radford All Country,Yes,exact_us_zone,US row matched using country + zone + Radford job code.,United States - Z3,Z3 US,United States - TS 100M - 1B Rev Z2 US,U.S. Dollars - USD,CA.COEC.E1,Communication - Head of Employee Communications - Corporate - Executive 1 (E1),,,,,,,,
SYN01239,Alexander Flores,United States of America,California,Z3,Job Code: JC100018,Business Development Rep I,SA.ISTL.P1,IC1,25.0,29.0,36.0,1.0506,30.47,in_range,0.0,0.0,30.47,0.55,0.55,2025-09-16,2025-09-23,3,Solid,Radford All Country,No,unmatched,No match found on expected US country/zone + Radford job code.,,,,,,,,,,,,,,
SYN01240,Daniel Flores,United States of America,California,Z3,Job Code: JC100501,Sales Engineer Enterprise IV,SA.ASRS.P4,IC4,175567.0,219459.0,263351.0,1.2055,264558.34,above_max,0.1,26455.83,291014.17,4.38,3.07,2021-11-23,2023-03-17,4,Strong,Radford All Country,Yes,exact_us_zone,US row matched using country + zone + Radford job code.,United States - Z3,Z3 US,United States - TS 100M - 1B Rev Z2 US,U.S. Dollars - USD,SA.ASRS.P4,Applications / Systems Engineering - Pre-Sales - Sales Plan - Advanced (P4),,,,,168613.0,175000.0,181247.0,191729.0
SYN01242,Owen Flores,United States of America,Colorado,Z3,Job Code: JC101289,Account Manager IV,,IC4,119280.0,136911.0,178920.0,1.0573,144753.88,in_range,0.1,14475.39,159229.27,3.05,1.46,2023-03-22,2024-10-25,3,Solid,Radford All Country,No,unmatched,No FJC Radford code available for market join.,,,,,,,,,,,,,,
SYN01243,Jack Flores,United States of America,California,Z3,Job Code: JC100188,Engineering Program Manager IV,TE.PMPI.P4,IC4,158284.0,178286.5,237426.0,1.4016,249882.32,above_max,0.1,24988.23,274870.55,3.96,1.67,2022-04-19,2024-08-09,4,Strong,Radford All Country,Yes,exact_us_zone,US row matched using country + zone + Radford job code.,United States - Z3,Z3 US,United States - TS 100M - 1B Rev Z2 US,U.S. Dollars - USD,TE.PMPI.P4,Project Management - Project / Program Management - Information Systems - Advanced (P4),,,,,187200.0,194900.0,198063.0,203866.0
SYN01244,Julian Flores,United States of America,Massachusetts,Z3,Job Code: JC101289,Account Manager IV,,IC4,119280.0,136911.0,178920.0,1.1484,157229.6,in_range,0.1,15722.96,172952.56,4.52,2.37,2021-09-26,2023-11-27,2,Developing,Radford All Country,No,unmatched,No FJC Radford code available for market join.,,,,,,,,,,,,,,
SYN01245,Leo Flores,United States of America,California,Z3,Job Code: JC100454,SDET Engineer III,EN.SODE.P3,IC3,165257.0,173385.5,231376.0,0.9629,166946.51,in_range,0.1,16694.65,183641.16,3.26,2.13,2022-12-27,2024-02-26,3,Solid,Radford All Country,Yes,exact_us_zone,US row matched using country + zone + Radford job code.,United States - Z3,Z3 US,United States - TS 100M - 1B Rev Z2 US,U.S. Dollars - USD,EN.SODE.P3,Software - Software Development Engineering - Career (P3),,,,,185500.0,195700.0,203700.0,220000.0
SYN01246,Isaac Flores,United States of America,California,Z3,Job Code: JC100408,Product Marketing Manager V,MK.PIPM.P5,IC5,195103.0,243878.5,292654.0,0.8394,204706.49,in_range,0.15,30705.97,235412.47,4.76,3.58,2021-07-06,2022-09-10,4,Strong,Radford All Country,Yes,exact_us_zone,US row matched using country + zone + Radford job code.,United States - Z3,Z3 US,United States - TS 100M - 1B Rev Z2 US,U.S. Dollars - USD,MK.PIPM.P5,Product Marketing - Product Marketing - Expert (P5),,,,,210000.0,223014.0,230450.0,248815.0
SYN01247,Sebastian Flores,United States of America,California,Z3,Job Code: JC101061,Chief Product Officer,,E3,344000.0,430000.0,516000.0,1.0,430000.0,in_range,0.0,0.0,430000.0,2.96,2.96,2023-04-17,2023-04-21,5,High,Radford All Country,No,unmatched,No FJC Radford code available for market join.,,,,,,,,,,,,,,
SYN01248,Caleb Flores,United States of America,Ohio,Z3,Job Code: JC100868,Business Development Enterprise Rep I,SA.ISTL.S1,IC1,30.0,36.0,43.0,0.8333,30.0,in_range,0.0,0.0,30.0,0.18,0.18,2026-01-31,2026-02-02,,,Radford All Country,Yes,exact_us_zone,US row matched using country + zone + Radford job code.,United States - Z3,Z3 US,United States - TS 100M - 1B Rev Z2 US,U.S. Dollars - USD,SA.ISTL.S1,Inside Sales / Telemarketing - Lead Development - Entry (S1),,,,,56056.0,60002.0,60008.0,65000.0
SYN01249,Avery Jenkins,United States of America,Colorado,Z3,Job Code: JC100401,Product Manager IV,EN.PGPG.P4,IC4,215424.0,235620.0,323136.0,0.9143,215424.0,in_range,0.1,21542.4,236966.4,2.8,2.23,2023-06-24,2024-01-20,3,Solid,Radford All Country,Yes,exact_us_zone,US row matched using country + zone + Radford job code.,United States - Z3,Z3 US,United States - TS 100M - 1B Rev Z2 US,U.S. Dollars - USD,EN.PGPG.P4,Product Management - Technology Product Management - Advanced (P4),,,,,209950.0,220000.0,228000.0,242621.0
SYN01250,Jordan Jenkins,United States of America,California,Z3,Job Code: JC100095,Data Analyst IV,TE.DADA.P4,IC4,156082.0,195102.5,234123.0,0.8983,175258.92,in_range,0.1,17525.89,192784.81,4.28,2.51,2021-12-29,2023-09-29,3,Solid,Radford All Country,Yes,exact_us_zone,US row matched using country + zone + Radford job code.,United States - Z3,Z3 US,United States - TS 100M - 1B Rev Z2 US,U.S. Dollars - USD,TE.DADA.P4,Data Management & Analytics - Data Analytics - Advanced (P4),,,,,175000.0,188818.0,191759.0,215400.0
SYN01252,Morgan Jenkins,United States of America,New York,Z3,Job Code: JC100089,Customer Support Engineer IV,CS.FSTS.P4,IC4,128665.0,160831.0,192997.0,0.9208,148095.96,in_range,0.1,14809.6,162905.56,3.68,2.73,2022-08-08,2023-07-19,3,Solid,Radford All Country,Yes,exact_us_zone,US row matched using country + zone + Radford job code.,United States - Z3,Z3 US,United States - TS 100M - 1B Rev Z2 US,U.S. Dollars - USD,CS.FSTS.P4,Field Support - Technical Support Engineering - Advanced (P4),,,,,130650.0,139560.0,150984.0,168419.0
SYN01253,Cameron Jenkins,United States of America,New York,Z3,Job Code: JC100391,Payroll Manager V,FI.OPPR.P5,IC5,168607.0,210758.5,252910.0,0.86,181252.31,in_range,0.15,27187.85,208440.16,3.35,1.93,2022-11-27,2024-05-02,3,Solid,Radford All Country,Yes,exact_us_zone,US row matched using country + zone + Radford job code.,United States - Z3,Z3 US,United States - TS 100M - 1B Rev Z2 US,U.S. Dollars - USD,FI.OPPR.P5,Finance Operations - Payroll - Expert (P5),,,,,,,,
SYN01254,Riley Jenkins,United States of America,California,Z3,Job Code: JC100147,Director Payroll Manager,FI.OPPR.M5,D1,164788.0,191941.0,247183.0,1.07,205376.87,in_range,0.25,51344.22,256721.09,5.23,1.28,2021-01-12,2024-12-26,3,Solid,Radford All Country,Yes,exact_us_zone,US row matched using country + zone + Radford job code.,United States - Z3,Z3 US,United States - TS 100M - 1B Rev Z2 US,U.S. Dollars - USD,FI.OPPR.M5,Finance Operations - Payroll - Director (M5),,,,,212120.0,236136.0,245413.0,
SYN01255,Parker Jenkins,United States of America,Colorado,Z3,Job Code: JC100095,Data Analyst IV,TE.DADA.P4,IC4,156082.0,195102.5,234123.0,0.9262,180696.44,in_range,0.1,18069.64,198766.08,2.77,1.25,2023-06-25,2025-01-08,3,Solid,Radford All Country,Yes,exact_us_zone,US row matched using country + zone + Radford job code.,United States - Z3,Z3 US,United States - TS 100M - 1B Rev Z2 US,U.S. Dollars - USD,TE.DADA.P4,Data Management & Analytics - Data Analytics - Advanced (P4),,,,,175000.0,188818.0,191759.0,215400.0
SYN01256,Quinn Jenkins,United States of America,California,Z3,Job Code: JC100678,Software Engineer III,EN.SODE.P3,IC3,174915.0,209906.5,244898.0,0.9243,194016.31,in_range,0.1,19401.63,213417.94,0.56,0.56,2025-09-11,2025-09-15,2,Developing,Radford All Country,Yes,exact_us_zone,US row matched using country + zone + Radford job code.,United States - Z3,Z3 US,United States - TS 100M - 1B Rev Z2 US,U.S. Dollars - USD,EN.SODE.P3,Software - Software Development Engineering - Career (P3),,,,,185500.0,195700.0,203700.0,220000.0
SYN01257,Hayden Jenkins,United States of America,California,Z3,Job Code: JC100713,Tech Alliance / Partnership Specialist III,SA.APAP.P3,IC3,121480.0,130287.0,170083.0,0.9324,121480.0,in_range,0.1,12148.0,133628.0,3.52,1.82,2022-10-01,2024-06-18,1,Low,Radford All Country,Yes,exact_us_zone,US row matched using country + zone + Radford job code.,United States - Z3,Z3 US,United States - TS 100M - 1B Rev Z2 US,U.S. Dollars - USD,SA.APAP.P3,Alliance Partnership - Alliance Partnership - Career (P3),,,,,113000.0,127669.0,135163.0,154747.0
SYN01258,Rowan Jenkins,United States of America,Texas,Z3,Job Code: JC100501,Sales Engineer Enterprise IV,SA.ASRS.P4,IC4,175567.0,219459.0,263351.0,1.0015,219798.33,in_range,0.1,21979.83,241778.16,4.52,2.28,2021-09-30,2023-12-25,4,Strong,Radford All Country,Yes,exact_us_zone,US row matched using country + zone + Radford job code.,United States - Z3,Z3 US,United States - TS 100M - 1B Rev Z2 US,U.S. Dollars - USD,SA.ASRS.P4,Applications / Systems Engineering - Pre-Sales - Sales Plan - Advanced (P4),,,,,168613.0,175000.0,181247.0,191729.0
SYN01259,Casey Jenkins,United States of America,Colorado,Z3,Job Code: JC100679,Software Engineer IV,EN.SODE.P4,IC4,196033.0,245041.5,294050.0,0.9509,233007.42,in_range,0.1,23300.74,256308.16,3.79,2.56,2022-06-22,2023-09-11,3,Solid,Radford All Country,Yes,exact_us_zone,US row matched using country + zone + Radford job code.,United States - Z3,Z3 US,United States - TS 100M - 1B Rev Z2 US,U.S. Dollars - USD,EN.SODE.P4,Software - Software Development Engineering - Advanced (P4),,,,,214795.0,226800.0,235000.0,251619.0
SYN01260,Alex Jenkins,United States of America,California,Z3,Job Code: JC100090,Customer Support Engineer V,CS.FSTS.P5,IC5,158933.0,198666.5,238400.0,0.9195,182667.5,in_range,0.15,27400.13,210067.63,2.58,1.91,2023-09-04,2024-05-13,3,Solid,Radford All Country,Yes,exact_us_zone,US row matched using country + zone + Radford job code.,United States - Z3,Z3 US,United States - TS 100M - 1B Rev Z2 US,U.S. Dollars - USD,CS.FSTS.P5,Field Support - Technical Support Engineering - Expert (P5),,,,,164796.0,174246.0,180000.0,211849.0
SYN01261,Jamie Jenkins,United States of America,California,Z3,Job Code: JC100868,Business Development Enterprise Rep I,SA.ISTL.S1,IC1,30.0,36.0,43.0,1.0012,36.04,in_range,0.0,0.0,36.04,0.33,0.33,2025-11-30,2025-12-05,,,Radford All Country,Yes,exact_us_zone,US row matched using country + zone + Radford job code.,United States - Z3,Z3 US,United States - TS 100M - 1B Rev Z2 US,U.S. Dollars - USD,SA.ISTL.S1,Inside Sales / Telemarketing - Lead Development - Entry (S1),,,,,56056.0,60002.0,60008.0,65000.0
SYN01262,Blake Jenkins,United States of America,Oregon,Z3,Job Code: JC100959,Executive Assistant V,,IC5,151072.0,167632.5,226608.0,0.9012,151072.0,in_range,0.15,22660.8,173732.8,3.84,3.46,2022-06-02,2022-10-27,3,Solid,Radford All Country,No,unmatched,No FJC Radford code available for market join.,,,,,,,,,,,,,,
SYN01263,Drew Jenkins,United States of America,California,Z3,Job Code: JC100758,"Vice President, Global Talent Acquisition",HR.TMHC.E1,VP1,239129.0,298911.5,358694.0,1.19,355704.68,in_range,0.35,124496.64,480201.32,5.11,5.11,2021-02-22,2021-02-23,4,Strong,Radford All Country,Yes,exact_us_zone,US row matched using country + zone + Radford job code.,United States - Z3,Z3 US,United States - TS 100M - 1B Rev Z2 US,U.S. Dollars - USD,HR.TMHC.E1,Talent Management - Head of Talent Acquisition - Corporate - Executive 1 (E1),,,,,285000.0,290000.0,290000.0,
SYN01264,Reese Jenkins,United States of America,California,Z3,Job Code: JC100420,Professional Services V,TC.TSMF.P5,IC5,219407.0,239976.0,329110.0,0.972,233254.34,in_range,0.15,34988.15,268242.5,5.61,2.9,2020-08-22,2023-05-10,3,Solid,Radford All Country,Yes,exact_us_zone,US row matched using country + zone + Radford job code.,United States - Z3,Z3 US,United States - TS 100M - 1B Rev Z2 US,U.S. Dollars - USD,TC.TSMF.P5,IT Solutions Consulting - Multi-Focus - Expert (P5),,,,,195810.0,203050.0,215150.0,251152.0
SYN01266,Emerson Jenkins,United States of America,California,Z3,Job Code: JC100597,Senior Manager Commercial Sales,SA.FSDS.M4,M2,121675.0,137610.0,182512.0,1.0194,140281.42,in_range,0.2,28056.28,168337.71,4.01,1.99,2022-04-06,2024-04-17,3,Solid,Radford All Country,Yes,exact_us_zone,US row matched using country + zone + Radford job code.,United States - Z3,Z3 US,United States - TS 100M - 1B Rev Z2 US,U.S. Dollars - USD,SA.FSDS.M4,Field Sales - Sales Account Management - Direct Sales - Sr Manager (M4),,,,,175000.0,195705.0,200113.0,215590.0
SYN01267,Logan Jenkins,United States of America,Colorado,Z3,Job Code: JC100094,Data Analyst III,TE.DADA.P3,IC3,134297.0,161163.0,188029.0,0.9172,147813.49,in_range,0.1,14781.35,162594.84,3.08,1.77,2023-03-12,2024-07-04,3,Solid,Radford All Country,Yes,exact_us_zone,US row matched using country + zone + Radford job code.,United States - Z3,Z3 US,United States - TS 100M - 1B Rev Z2 US,U.S. Dollars - USD,TE.DADA.P3,Data Management & Analytics - Data Analytics - Career (P3),,,,,140000.0,150000.0,154650.0,175000.0
SYN01268,Skyler Jenkins,United States of America,California,Z3,Job Code: JC100088,Customer Support Engineer III,CS.FSTS.P3,IC3,111714.0,120655.0,156410.0,0.9259,111714.0,in_range,0.1,11171.4,122885.4,2.56,1.28,2023-09-19,2024-12-29,3,Solid,Radford All Country,Yes,exact_us_zone,US row matched using country + zone + Radford job code.,United States - Z3,Z3 US,United States - TS 100M - 1B Rev Z2 US,U.S. Dollars - USD,CS.FSTS.P3,Field Support - Technical Support Engineering - Career (P3),,,,,113000.0,120127.0,131082.0,151875.0
SYN01269,Finley Jenkins,United States of America,California,Z3,Job Code: JC100201,Enterprise Sales Rep V,SA.FSDN.P5,IC5,163363.0,189189.0,245045.0,0.8895,168279.1,in_range,0.15,25241.86,193520.96,4.49,2.81,2021-10-14,2023-06-18,4,Strong,Radford All Country,Yes,exact_us_zone,US row matched using country + zone + Radford job code.,United States - Z3,Z3 US,United States - TS 100M - 1B Rev Z2 US,U.S. Dollars - USD,SA.FSDN.P5,Field Sales - Sales Account Management - Direct Sales - New Accounts - Expert (P5),,,,,170600.0,179687.0,185000.0,207950.0
SYN01270,Harper Jenkins,United States of America,Kansas,Z3,Job Code: JC100131,Director Financial Planning/Analysis,FI.ACFP.M5,D1,189223.0,236529.0,283835.0,0.89,210510.81,in_range,0.25,52627.7,263138.51,4.15,3.54,2022-02-11,2022-09-23,4,Strong,Radford All Country,Yes,exact_us_zone,US row matched using country + zone + Radford job code.,United States - Z3,Z3 US,United States - TS 100M - 1B Rev Z2 US,U.S. Dollars - USD,FI.ACFP.M5,Accounting - Financial Planning & Analysis - Director (M5),,,,,230000.0,246868.0,253142.0,275000.0
SYN01271,Elliot Jenkins,United States of America,California,Z3,Job Code: JC100150,Director Product Management,EN.PGPG.M5,D1,237838.0,297297.0,356756.0,1.0648,316551.7,in_range,0.25,79137.93,395689.63,3.92,3.92,2022-05-03,2022-04-30,4,Strong,Radford All Country,Yes,exact_us_zone,US row matched using country + zone + Radford job code.,United States - Z3,Z3 US,United States - TS 100M - 1B Rev Z2 US,U.S. Dollars - USD,EN.PGPG.M5,Product Management - Technology Product Management - Director (M5),,,,,254000.0,275000.0,288042.0,315316.0
SYN01272,Dakota Jenkins,United States of America,Colorado,Z3,Job Code: JC100124,Director Demand Generation,MK.PIDG.M5,D1,169669.0,197626.5,254504.0,1.0512,207747.37,in_range,0.25,51936.84,259684.21,4.82,2.34,2021-06-17,2023-12-05,4,Strong,Radford All Country,Yes,exact_us_zone,US row matched using country + zone + Radford job code.,United States - Z3,Z3 US,United States - TS 100M - 1B Rev Z2 US,U.S. Dollars - USD,MK.PIDG.M5,Product Marketing - Demand Generation - Director (M5),,,,,210000.0,221792.0,233604.0,
SYN01273,Kendall Jenkins,United States of America,California,Z3,Job Code: JC100679,Software Engineer IV,EN.SODE.P4,IC4,196033.0,245041.5,294050.0,1.0618,260177.93,in_range,0.1,26017.79,286195.73,3.02,1.77,2023-03-24,2024-06-28,5,High,Radford All Country,Yes,exact_us_zone,US row matched using country + zone + Radford job code.,United States - Z3,Z3 US,United States - TS 100M - 1B Rev Z2 US,U.S. Dollars - USD,EN.SODE.P4,Software - Software Development Engineering - Advanced (P4),,,,,214795.0,226800.0,235000.0,251619.0
SYN01274,Sage Jenkins,United States of America,New York,Z3,Job Code: JC101196,Support Account Manager V,CS.CSAS.P5,IC5,167566.0,209457.0,251348.0,0.8984,188167.93,in_range,0.15,28225.19,216393.11,5.37,4.1,2020-11-24,2022-03-06,3,Solid,Radford All Country,Yes,exact_us_zone,US row matched using country + zone + Radford job code.,United States - Z3,Z3 US,United States - TS 100M - 1B Rev Z2 US,U.S. Dollars - USD,CS.CSAS.P5,Customer Support - Account Services - Expert (P5),,,,,169090.0,175000.0,183501.0,
SYN01275,Peyton Jenkins,United States of America,Washington,Z3,Job Code: JC100200,Enterprise Sales Rep IV,SA.FSDN.P4,IC4,147924.0,171310.0,221887.0,1.0089,172836.57,in_range,0.1,17283.66,190120.23,0.46,0.46,2025-10-24,2025-10-19,1,Low,Radford All Country,Yes,exact_us_zone,US row matched using country + zone + Radford job code.,United States - Z3,Z3 US,United States - TS 100M - 1B Rev Z2 US,U.S. Dollars - USD,SA.FSDN.P4,Field Sales - Sales Account Management - Direct Sales - New Accounts - Advanced (P4),,,,,150000.0,160000.0,165000.0,175000.0
SYN01276,Tatum Jenkins,United States of America,Colorado,Z3,Job Code: JC100677,Software Engineer II,EN.SODE.P2,IC2,140592.0,168717.5,196843.0,0.8965,151259.48,in_range,0.1,15125.95,166385.43,0.49,0.49,2025-10-06,2025-10-05,3,Solid,Radford All Country,Yes,exact_us_zone,US row matched using country + zone + Radford job code.,United States - Z3,Z3 US,United States - TS 100M - 1B Rev Z2 US,U.S. Dollars - USD,EN.SODE.P2,Software - Software Development Engineering - Developing (P2),,,,,150000.0,157600.0,163333.0,180000.0
SYN01277,Micah Jenkins,United States of America,Illinois,Z3,Job Code: JC100018,Business Development Rep I,SA.ISTL.P1,IC1,25.0,29.0,36.0,0.9232,26.77,in_range,0.0,0.0,26.77,0.41,0.41,2025-11-09,2025-11-03,3,Solid,Radford All Country,No,unmatched,No match found on expected US country/zone + Radford job code.,,,,,,,,,,,,,,
SYN01278,Robin Jenkins,United States of America,Colorado,Z3,Job Code: JC100579,Senior Director Sales Operations,SA.OPSO.M6,D2,212322.0,265402.5,318483.0,0.9721,258008.29,in_range,0.3,77402.49,335410.78,3.83,3.83,2022-06-01,2022-06-14,4,Strong,Radford All Country,Yes,exact_us_zone,US row matched using country + zone + Radford job code.,United States - Z3,Z3 US,United States - TS 100M - 1B Rev Z2 US,U.S. Dollars - USD,SA.OPSO.M6,Operations / Sales Support - Sales Operations - Senior Director (M6),,,,,271688.0,291610.0,310953.0,343789.0
SYN01279,Devon Jenkins,United States of America,Hawaii,Z3,Job Code: JC100651,Senior Manager Sales Training,SA.OPSE.M4,M2,183239.0,229048.5,274858.0,0.93,213015.11,in_range,0.2,42603.02,255618.13,4.87,3.94,2021-05-17,2022-04-26,3,Solid,Radford All Country,Yes,exact_us_zone,US row matched using country + zone + Radford job code.,United States - Z3,Z3 US,United States - TS 100M - 1B Rev Z2 US,U.S. Dollars - USD,SA.OPSE.M4,Operations / Sales Support - Sales Enablement - Sr Manager (M4),,,,,172550.0,203923.0,208250.0,
SYN01280,Sawyer Jenkins,United States of America,California,Z3,Job Code: JC100030,Commercial Sales Rep IV,SA.FSDN.P4,IC4,92552.0,111129.0,138828.0,0.9366,104081.97,in_range,0.1,10408.2,114490.17,3.82,2.67,2022-06-05,2023-08-13,3,Solid,Radford All Country,Yes,exact_us_zone,US row matched using country + zone + Radford job code.,United States - Z3,Z3 US,United States - TS 100M - 1B Rev Z2 US,U.S. Dollars - USD,SA.FSDN.P4,Field Sales - Sales Account Management - Direct Sales - New Accounts - Advanced (P4),,,,,150000.0,160000.0,165000.0,175000.0
SYN01282,Remy Jenkins,United States of America,Colorado,Z3,Job Code: JC100200,Enterprise Sales Rep IV,SA.FSDN.P4,IC4,147924.0,171310.0,221887.0,0.9822,168262.97,in_range,0.1,16826.3,185089.27,3.76,2.33,2022-07-09,2023-12-02,3,Solid,Radford All Country,Yes,exact_us_zone,US row matched using country + zone + Radford job code.,United States - Z3,Z3 US,United States - TS 100M - 1B Rev Z2 US,U.S. Dollars - USD,SA.FSDN.P4,Field Sales - Sales Account Management - Direct Sales - New Accounts - Advanced (P4),,,,,150000.0,160000.0,165000.0,175000.0
SYN01283,Shawn Jenkins,United States of America,Illinois,Z3,Job Code: JC100270,Legal Counsel / Attorney IV,LG.ATMF.P4,IC4,217494.0,237884.5,326241.0,0.9143,217494.0,in_range,0.1,21749.4,239243.4,4.49,2.47,2021-10-09,2023-10-23,4,Strong,Radford All Country,Yes,exact_us_zone,US row matched using country + zone + Radford job code.,United States - Z3,Z3 US,United States - TS 100M - 1B Rev Z2 US,U.S. Dollars - USD,LG.ATMF.P4,Attorney - Multi-Focus - Advanced (P4),,,,,218500.0,235855.0,244600.0,270000.0
SYN01284,Noel Jenkins,United States of America,California,Z3,Job Code: JC100419,Professional Services IV,TC.TSMF.P4,IC4,191981.0,209979.0,287971.0,0.9324,195789.73,in_range,0.1,19578.97,215368.7,3.91,1.5,2022-05-12,2024-10-06,3,Solid,Radford All Country,Yes,exact_us_zone,US row matched using country + zone + Radford job code.,United States - Z3,Z3 US,United States - TS 100M - 1B Rev Z2 US,U.S. Dollars - USD,TC.TSMF.P4,IT Solutions Consulting - Multi-Focus - Advanced (P4),,,,,156457.0,173834.0,182750.0,204168.0
SYN01285,Aubrey Jenkins,United States of America,Arizona,Z3,Job Code: JC100959,Executive Assistant V,,IC5,151072.0,167632.5,226608.0,0.9012,151072.0,in_range,0.15,22660.8,173732.8,5.13,1.3,2021-02-14,2024-12-25,4,Strong,Radford All Country,No,unmatched,No FJC Radford code available for market join.,,,,,,,,,,,,,,
SYN01286,Bailey Jenkins,United States of America,Colorado,Z3,Job Code: JC100667,Site Reliability Engineer III,EN.SODE.P3,IC3,174915.0,183518.5,244898.0,0.9531,174915.0,in_range,0.1,17491.5,192406.5,0.7,0.7,2025-07-21,2025-08-01,3,Solid,Radford All Country,Yes,exact_us_zone,US row matched using country + zone + Radford job code.,United States - Z3,Z3 US,United States - TS 100M - 1B Rev Z2 US,U.S. Dollars - USD,EN.SODE.P3,Software - Software Development Engineering - Career (P3),,,,,185500.0,195700.0,203700.0,220000.0
SYN01287,Jules Jenkins,United States of America,South Carolina,Z3,Job Code: JC100200,Enterprise Sales Rep IV,SA.FSDN.P4,IC4,147924.0,171310.0,221887.0,0.8635,147924.0,in_range,0.1,14792.4,162716.4,4.18,2.38,2022-01-26,2023-11-26,3,Solid,Radford All Country,Yes,exact_us_zone,US row matched using country + zone + Radford job code.,United States - Z3,Z3 US,United States - TS 100M - 1B Rev Z2 US,U.S. Dollars - USD,SA.FSDN.P4,Field Sales - Sales Account Management - Direct Sales - New Accounts - Advanced (P4),,,,,150000.0,160000.0,165000.0,175000.0
SYN01289,Marlowe Jenkins,United States of America,California,Z3,Job Code: JC100995,Onboarding Specialist IV,MC.PMMF.P4,IC4,166519.0,180999.0,249779.0,0.9986,180745.0,in_range,0.1,18074.5,198819.5,3.92,1.87,2022-04-29,2024-05-23,3,Solid,Radford All Country,Yes,exact_us_zone,US row matched using country + zone + Radford job code.,United States - Z3,Z3 US,United States - TS 100M - 1B Rev Z2 US,U.S. Dollars - USD,MC.PMMF.P4,Project Management - Multi-Focus - Advanced (P4),,,,,147500.0,152033.0,154500.0,176560.0
SYN01290,Adrian Jenkins,United States of America,California,Z3,Job Code: JC100195,Enterprise Data Architect V,TE.DADA.P5,IC5,187434.0,234292.5,281151.0,0.9757,228593.27,in_range,0.15,34288.99,262882.26,4.44,3.78,2021-10-26,2022-06-23,3,Solid,Radford All Country,Yes,exact_us_zone,US row matched using country + zone + Radford job code.,United States - Z3,Z3 US,United States - TS 100M - 1B Rev Z2 US,U.S. Dollars - USD,TE.DADA.P5,Data Management & Analytics - Data Analytics - Expert (P5),,,,,211068.0,229339.0,240000.0,251600.0
SYN01291,Eden Jenkins,United States of America,Washington,Z3,Job Code: JC100519,Security Engineer IV,EN.SOPS.P4,IC4,196033.0,214236.0,294050.0,0.915,196033.0,in_range,0.1,19603.3,215636.3,3.62,1.71,2022-08-26,2024-07-22,3,Solid,Radford All Country,Yes,exact_us_zone,US row matched using country + zone + Radford job code.,United States - Z3,Z3 US,United States - TS 100M - 1B Rev Z2 US,U.S. Dollars - USD,EN.SOPS.P4,Software - Product / Application Security Engineering - Advanced (P4),,,,,230000.0,239817.0,247285.0,259880.0
SYN01292,Jesse Jenkins,United States of America,New York,Z3,Job Code: JC100102,Demand Generation Specialist IV,MK.PIDG.P4,IC4,145024.0,158620.0,217536.0,0.9143,145024.0,in_range,0.1,14502.4,159526.4,3.57,1.98,2022-09-12,2024-04-16,3,Solid,Radford All Country,Yes,exact_us_zone,US row matched using country + zone + Radford job code.,United States - Z3,Z3 US,United States - TS 100M - 1B Rev Z2 US,U.S. Dollars - USD,MK.PIDG.P4,Product Marketing - Demand Generation - Advanced (P4),,,,,161900.0,175175.0,180188.0,188994.0
SYN01293,Lane Jenkins,United States of America,California,Z3,Job Code: JC100052,Renewals Manager II,SA.ISCR.S2,IC2,82410.0,87907.5,115382.0,1.0451,91871.27,in_range,0.1,9187.13,101058.4,0.74,0.74,2025-07-14,2025-07-10,3,Solid,Radford All Country,Yes,exact_us_zone,US row matched using country + zone + Radford job code.,United States - Z3,Z3 US,United States - TS 100M - 1B Rev Z2 US,U.S. Dollars - USD,SA.ISCR.S2,Inside Sales / Telemarketing - Contract Renewal - Intermediate (S2),,,,,64337.0,75000.0,75000.0,
SYN01294,Shiloh Jenkins,United States of America,California,Z3,Job Code: JC100089,Customer Support Engineer IV,CS.FSTS.P4,IC4,128665.0,160831.0,192997.0,1.0773,173265.79,in_range,0.1,17326.58,190592.37,2.6,1.68,2023-08-30,2024-08-05,4,Strong,Radford All Country,Yes,exact_us_zone,US row matched using country + zone + Radford job code.,United States - Z3,Z3 US,United States - TS 100M - 1B Rev Z2 US,U.S. Dollars - USD,CS.FSTS.P4,Field Support - Technical Support Engineering - Advanced (P4),,,,,130650.0,139560.0,150984.0,168419.0
SYN01295,Teagan Jenkins,United States of America,California,Z3,Job Code: JC100679,Software Engineer IV,EN.SODE.P4,IC4,196033.0,245041.5,294050.0,0.9349,229077.36,in_range,0.1,22907.74,251985.09,2.06,1.34,2024-03-15,2024-11-30,3,Solid,Radford All Country,Yes,exact_us_zone,US row matched using country + zone + Radford job code.,United States - Z3,Z3 US,United States - TS 100M - 1B Rev Z2 US,U.S. Dollars - USD,EN.SODE.P4,Software - Software Development Engineering - Advanced (P4),,,,,214795.0,226800.0,235000.0,251619.0
SYN01296,Ari Jenkins,United States of America,New Jersey,Z3,Job Code: JC100508,Sales Operations Analyst V,SA.OPSO.P5,IC5,193901.0,214144.0,290851.0,0.9968,213457.79,in_range,0.15,32018.67,245476.46,2.34,1.76,2023-12-02,2024-07-02,3,Solid,Radford All Country,Yes,exact_us_zone,US row matched using country + zone + Radford job code.,United States - Z3,Z3 US,United States - TS 100M - 1B Rev Z2 US,U.S. Dollars - USD,SA.OPSO.P5,Operations / Sales Support - Sales Operations - Expert (P5),,,,,180000.0,195016.0,204566.0,265000.0
SYN01297,Milan Jenkins,United States of America,California,Z3,Job Code: JC100283,Manager Commercial Sales,SA.FSDS.M3,M1,106970.0,120447.5,160455.0,1.03,124060.93,in_range,0.2,24812.19,148873.11,5.13,3.44,2021-02-25,2022-11-01,4,Strong,Radford All Country,Yes,exact_us_zone,US row matched using country + zone + Radford job code.,United States - Z3,Z3 US,United States - TS 100M - 1B Rev Z2 US,U.S. Dollars - USD,SA.FSDS.M3,Field Sales - Sales Account Management - Direct Sales - Manager (M3),,,,,146581.0,151885.0,160575.0,187500.0
SYN01298,Nico Jenkins,United States of America,Tennessee,Z3,Job Code: JC100465,SE Commercial III,,IC3,138464.0,166163.5,193863.0,0.9241,153548.79,in_range,0.1,15354.88,168903.66,3.96,3.45,2022-04-15,2022-10-24,4,Strong,Radford All Country,No,unmatched,No FJC Radford code available for market join.,,,,,,,,,,,,,,
SYN01299,Aisha Jenkins,United States of America,Colorado,Z3,Job Code: JC100401,Product Manager IV,EN.PGPG.P4,IC4,215424.0,235620.0,323136.0,0.9261,218196.81,in_range,0.1,21819.68,240016.49,3.01,2.03,2023-04-04,2024-03-27,3,Solid,Radford All Country,Yes,exact_us_zone,US row matched using country + zone + Radford job code.,United States - Z3,Z3 US,United States - TS 100M - 1B Rev Z2 US,U.S. Dollars - USD,EN.PGPG.P4,Product Management - Technology Product Management - Advanced (P4),,,,,209950.0,220000.0,228000.0,242621.0
SYN01300,Priya Jenkins,United States of America,Colorado,Z3,Job Code: JC100437,Talent Acquisition Partner IV,HR.TATA.P4,IC4,150156.0,164232.5,225234.0,1.5497,254505.19,above_max,0.1,25450.52,279955.71,4.6,1.85,2021-08-28,2024-06-06,3,Solid,Radford All Country,Yes,exact_us_zone,US row matched using country + zone + Radford job code.,United States - Z3,Z3 US,United States - TS 100M - 1B Rev Z2 US,U.S. Dollars - USD,HR.TATA.P4,Talent Acquisition - Talent Acquisition - Advanced (P4),,,,,168500.0,178220.0,182050.0,200893.0
SYN01301,Leah Jenkins,United States of America,Texas,Z3,Job Code: JC100593,Senior Manager Accounting,FI.ACGA.M4,M2,172060.0,215075.0,258090.0,0.9,193567.5,in_range,0.2,38713.5,232281.0,4.8,1.72,2021-06-18,2024-07-16,3,Solid,Radford All Country,Yes,exact_us_zone,US row matched using country + zone + Radford job code.,United States - Z3,Z3 US,United States - TS 100M - 1B Rev Z2 US,U.S. Dollars - USD,FI.ACGA.M4,Accounting - General Accounting - Sr Manager (M4),,,,,184652.0,195420.0,198512.0,208618.0
SYN01302,Sophia Jenkins,United States of America,Colorado,Z3,Job Code: JC100102,Demand Generation Specialist IV,MK.PIDG.P4,IC4,145024.0,158620.0,217536.0,0.9801,155469.76,in_range,0.1,15546.98,171016.74,3.96,2.86,2022-04-15,2023-05-29,3,Solid,Radford All Country,Yes,exact_us_zone,US row matched using country + zone + Radford job code.,United States - Z3,Z3 US,United States - TS 100M - 1B Rev Z2 US,U.S. Dollars - USD,MK.PIDG.P4,Product Marketing - Demand Generation - Advanced (P4),,,,,161900.0,175175.0,180188.0,188994.0
SYN01303,Maya Jenkins,United States of America,Pennsylvania,Z3,Job Code: JC100131,Director Financial Planning/Analysis,FI.ACFP.M5,D1,189223.0,236529.0,283835.0,0.89,210510.81,in_range,0.25,52627.7,263138.51,4.36,3.81,2021-11-30,2022-06-21,3,Solid,Radford All Country,Yes,exact_us_zone,US row matched using country + zone + Radford job code.,United States - Z3,Z3 US,United States - TS 100M - 1B Rev Z2 US,U.S. Dollars - USD,FI.ACFP.M5,Accounting - Financial Planning & Analysis - Director (M5),,,,,230000.0,246868.0,253142.0,275000.0
SYN01304,Zoe Jenkins,United States of America,California,Z3,Job Code: JC100679,Software Engineer IV,EN.SODE.P4,IC4,196033.0,245041.5,294050.0,1.0808,264845.82,in_range,0.1,26484.58,291330.4,3.55,1.66,2022-09-20,2024-08-04,3,Solid,Radford All Country,Yes,exact_us_zone,US row matched using country + zone + Radford job code.,United States - Z3,Z3 US,United States - TS 100M - 1B Rev Z2 US,U.S. Dollars - USD,EN.SODE.P4,Software - Software Development Engineering - Advanced (P4),,,,,214795.0,226800.0,235000.0,251619.0
SYN01305,Olivia Jenkins,United States of America,Tennessee,Z3,Job Code: JC100906,Software Engineer VII,EN.SODE.M6,IC7,251835.0,314794.0,377753.0,1.1354,357424.23,in_range,0.0,0.0,357424.23,3.7,2.8,2022-07-31,2023-06-22,5,High,Radford All Country,Yes,exact_us_zone,US row matched using country + zone + Radford job code.,United States - Z3,Z3 US,United States - TS 100M - 1B Rev Z2 US,U.S. Dollars - USD,EN.SODE.M6,Software - Software Development Engineering - Senior Director (M6),,,,,301036.0,319955.0,340000.0,387711.0
SYN01307,Isabella Jenkins,United States of America,California,Z3,Job Code: JC100369,Marketing Specialist IV,MK.GLMF.P4,IC4,145495.0,181868.5,218242.0,0.704,128042.07,below_min,0.1,12804.21,140846.28,3.57,1.49,2022-09-05,2024-10-09,1,Low,Radford All Country,Yes,exact_us_zone,US row matched using country + zone + Radford job code.,United States - Z3,Z3 US,United States - TS 100M - 1B Rev Z2 US,U.S. Dollars - USD,MK.GLMF.P4,General - Multi-Focus - Advanced (P4),,,,,164024.0,172000.0,178600.0,192970.0
SYN01308,Mia Jenkins,United States of America,Colorado,Z3,Job Code: JC100667,Site Reliability Engineer III,EN.SODE.P3,IC3,174915.0,183518.5,244898.0,1.0279,188647.42,in_range,0.1,18864.74,207512.16,3.41,2.32,2022-11-13,2023-12-06,4,Strong,Radford All Country,Yes,exact_us_zone,US row matched using country + zone + Radford job code.,United States - Z3,Z3 US,United States - TS 100M - 1B Rev Z2 US,U.S. Dollars - USD,EN.SODE.P3,Software - Software Development Engineering - Career (P3),,,,,185500.0,195700.0,203700.0,220000.0
SYN01309,Amelia Jenkins,United States of America,Arizona,Z3,Job Code: JC100036,Compensation & Benefits Analyst V,HR.CBCB.P5,IC5,175930.0,219912.0,263894.0,0.89,195721.68,in_range,0.15,29358.25,225079.93,5.88,4.52,2020-05-27,2021-10-02,3,Solid,Radford All Country,No,unmatched,No match found on expected US country/zone + Radford job code.,,,,,,,,,,,,,,
SYN01310,Charlotte Jenkins,United States of America,Colorado,Z3,Job Code: JC100500,Sales Engineer Enterprise III,SA.ASRS.P3,IC3,148180.0,160040.5,207466.0,0.9259,148180.0,in_range,0.1,14818.0,162998.0,0.6,0.6,2025-09-07,2025-08-25,3,Solid,Radford All Country,Yes,exact_us_zone,US row matched using country + zone + Radford job code.,United States - Z3,Z3 US,United States - TS 100M - 1B Rev Z2 US,U.S. Dollars - USD,SA.ASRS.P3,Applications / Systems Engineering - Pre-Sales - Sales Plan - Career (P3),,,,,136925.0,147061.0,152610.0,166600.0
SYN01311,Lila Jenkins,United States of America,New York,Z3,Job Code: JC100030,Commercial Sales Rep IV,SA.FSDN.P4,IC4,92552.0,111129.0,138828.0,0.9685,107626.22,in_range,0.1,10762.62,118388.84,2.85,1.47,2023-06-07,2024-10-18,3,Solid,Radford All Country,Yes,exact_us_zone,US row matched using country + zone + Radford job code.,United States - Z3,Z3 US,United States - TS 100M - 1B Rev Z2 US,U.S. Dollars - USD,SA.FSDN.P4,Field Sales - Sales Account Management - Direct Sales - New Accounts - Advanced (P4),,,,,150000.0,160000.0,165000.0,175000.0
SYN01312,Nora Jenkins,United States of America,California,Z3,Job Code: JC100465,SE Commercial III,,IC3,138464.0,166163.5,193863.0,0.9017,149821.96,in_range,0.1,14982.2,164804.15,0.62,0.62,2025-08-19,2025-08-29,3,Solid,Radford All Country,No,unmatched,No FJC Radford code available for market join.,,,,,,,,,,,,,,
SYN01313,Layla Jenkins,United States of America,Colorado,Z3,Job Code: JC100419,Professional Services IV,TC.TSMF.P4,IC4,191981.0,209979.0,287971.0,0.9579,201135.32,in_range,0.1,20113.53,221248.85,4.11,3.29,2022-03-02,2022-12-20,3,Solid,Radford All Country,Yes,exact_us_zone,US row matched using country + zone + Radford job code.,United States - Z3,Z3 US,United States - TS 100M - 1B Rev Z2 US,U.S. Dollars - USD,TC.TSMF.P4,IT Solutions Consulting - Multi-Focus - Advanced (P4),,,,,156457.0,173834.0,182750.0,204168.0
SYN01314,Hazel Jenkins,United States of America,New York,Z3,Job Code: JC100501,Sales Engineer Enterprise IV,SA.ASRS.P4,IC4,175567.0,219459.0,263351.0,1.0277,225541.56,in_range,0.1,22554.16,248095.72,2.33,1.97,2023-12-12,2024-04-24,4,Strong,Radford All Country,Yes,exact_us_zone,US row matched using country + zone + Radford job code.,United States - Z3,Z3 US,United States - TS 100M - 1B Rev Z2 US,U.S. Dollars - USD,SA.ASRS.P4,Applications / Systems Engineering - Pre-Sales - Sales Plan - Advanced (P4),,,,,168613.0,175000.0,181247.0,191729.0
SYN01315,Aria Jenkins,United States of America,California,Z3,Job Code: JC100089,Customer Support Engineer IV,CS.FSTS.P4,IC4,128665.0,160831.0,192997.0,0.9759,156953.54,in_range,0.1,15695.35,172648.9,4.13,2.2,2022-02-20,2024-01-30,3,Solid,Radford All Country,Yes,exact_us_zone,US row matched using country + zone + Radford job code.,United States - Z3,Z3 US,United States - TS 100M - 1B Rev Z2 US,U.S. Dollars - USD,CS.FSTS.P4,Field Support - Technical Support Engineering - Advanced (P4),,,,,130650.0,139560.0,150984.0,168419.0
SYN01316,Ivy Jenkins,United States of America,New York,Z3,Job Code: JC100201,Enterprise Sales Rep V,SA.FSDN.P5,IC5,163363.0,189189.0,245045.0,0.927,175384.98,in_range,0.15,26307.75,201692.73,3.98,2.27,2022-04-07,2024-01-06,3,Solid,Radford All Country,Yes,exact_us_zone,US row matched using country + zone + Radford job code.,United States - Z3,Z3 US,United States - TS 100M - 1B Rev Z2 US,U.S. Dollars - USD,SA.FSDN.P5,Field Sales - Sales Account Management - Direct Sales - New Accounts - Expert (P5),,,,,170600.0,179687.0,185000.0,207950.0
SYN01317,Naomi Jenkins,United States of America,California,Z3,Job Code: JC100420,Professional Services V,TC.TSMF.P5,IC5,219407.0,239976.0,329110.0,0.9143,219407.0,in_range,0.15,32911.05,252318.05,5.02,2.66,2021-03-28,2023-08-08,3,Solid,Radford All Country,Yes,exact_us_zone,US row matched using country + zone + Radford job code.,United States - Z3,Z3 US,United States - TS 100M - 1B Rev Z2 US,U.S. Dollars - USD,TC.TSMF.P5,IT Solutions Consulting - Multi-Focus - Expert (P5),,,,,195810.0,203050.0,215150.0,251152.0
SYN01319,Lucy Jenkins,United States of America,Texas,Z3,Job Code: JC100096,Data Analyst V,TE.DADA.P5,IC5,178493.0,223116.0,267739.0,0.8762,195499.33,in_range,0.15,29324.9,224824.23,4.61,1.87,2021-09-03,2024-05-17,4,Strong,Radford All Country,Yes,exact_us_zone,US row matched using country + zone + Radford job code.,United States - Z3,Z3 US,United States - TS 100M - 1B Rev Z2 US,U.S. Dollars - USD,TE.DADA.P5,Data Management & Analytics - Data Analytics - Expert (P5),,,,,211068.0,229339.0,240000.0,251600.0
SYN01320,Stella Jenkins,United States of America,California,Z3,Job Code: JC100502,Sales Engineer Enterprise V,SA.ASRS.P5,IC5,194212.0,218488.0,291318.0,0.9769,213439.43,in_range,0.15,32015.91,245455.34,4.38,3.01,2021-11-25,2023-03-30,4,Strong,Radford All Country,Yes,exact_us_zone,US row matched using country + zone + Radford job code.,United States - Z3,Z3 US,United States - TS 100M - 1B Rev Z2 US,U.S. Dollars - USD,SA.ASRS.P5,Applications / Systems Engineering - Pre-Sales - Sales Plan - Expert (P5),,,,,190460.0,198770.0,202800.0,215374.0
SYN01322,Hannah Jenkins,United States of America,California,Z3,Job Code: JC100419,Professional Services IV,TC.TSMF.P4,IC4,191981.0,209979.0,287971.0,0.9703,203739.88,in_range,0.1,20373.99,224113.86,3.73,1.85,2022-07-13,2024-06-05,3,Solid,Radford All Country,Yes,exact_us_zone,US row matched using country + zone + Radford job code.,United States - Z3,Z3 US,United States - TS 100M - 1B Rev Z2 US,U.S. Dollars - USD,TC.TSMF.P4,IT Solutions Consulting - Multi-Focus - Advanced (P4),,,,,156457.0,173834.0,182750.0,204168.0
SYN01323,Violet Jenkins,United States of America,California,Z3,Job Code: JC100738,UI/UX Product Designer IV,EN.UUUD.P4,IC4,174391.0,190740.5,261587.0,1.0415,198657.57,in_range,0.1,19865.76,218523.33,2.69,1.88,2023-08-04,2024-05-24,3,Solid,Radford All Country,Yes,exact_us_zone,US row matched using country + zone + Radford job code.,United States - Z3,Z3 US,United States - TS 100M - 1B Rev Z2 US,U.S. Dollars - USD,EN.UUUD.P4,User Interface / User Experience (UI / UX) - UI / UX Design - Advanced (P4),,,,,190000.0,201345.0,211750.0,230000.0
SYN01324,Luna Jenkins,United States of America,Colorado,Z3,Job Code: JC100370,Marketing Specialist V,MK.GLMF.P5,IC5,174359.0,217948.5,261538.0,0.9021,196606.59,in_range,0.15,29490.99,226097.58,3.95,2.82,2022-04-21,2023-06-08,3,Solid,Radford All Country,Yes,exact_us_zone,US row matched using country + zone + Radford job code.,United States - Z3,Z3 US,United States - TS 100M - 1B Rev Z2 US,U.S. Dollars - USD,MK.GLMF.P5,General - Multi-Focus - Expert (P5),,,,,186467.0,204560.0,210000.0,235931.0
SYN01325,Evelyn Jenkins,United States of America,Colorado,Z3,Job Code: JC100419,Professional Services IV,TC.TSMF.P4,IC4,191981.0,209979.0,287971.0,0.9144,191996.7,in_range,0.1,19199.67,211196.37,3.69,1.67,2022-07-24,2024-07-31,3,Solid,Radford All Country,Yes,exact_us_zone,US row matched using country + zone + Radford job code.,United States - Z3,Z3 US,United States - TS 100M - 1B Rev Z2 US,U.S. Dollars - USD,TC.TSMF.P4,IT Solutions Consulting - Multi-Focus - Advanced (P4),,,,,156457.0,173834.0,182750.0,204168.0
SYN01326,Benjamin Jenkins,United States of America,Colorado,Z3,Job Code: JC100370,Marketing Specialist V,MK.GLMF.P5,IC5,174359.0,217948.5,261538.0,1.2448,271299.51,above_max,0.15,40694.93,311994.44,3.64,2.25,2022-08-23,2024-01-05,4,Strong,Radford All Country,Yes,exact_us_zone,US row matched using country + zone + Radford job code.,United States - Z3,Z3 US,United States - TS 100M - 1B Rev Z2 US,U.S. Dollars - USD,MK.GLMF.P5,General - Multi-Focus - Expert (P5),,,,,186467.0,204560.0,210000.0,235931.0
SYN01327,Liam Jenkins,United States of America,California,Z3,Job Code: JC100030,Commercial Sales Rep IV,SA.FSDN.P4,IC4,92552.0,111129.0,138828.0,0.9112,101261.41,in_range,0.1,10126.14,111387.56,2.51,1.36,2023-09-26,2024-11-24,3,Solid,Radford All Country,Yes,exact_us_zone,US row matched using country + zone + Radford job code.,United States - Z3,Z3 US,United States - TS 100M - 1B Rev Z2 US,U.S. Dollars - USD,SA.FSDN.P4,Field Sales - Sales Account Management - Direct Sales - New Accounts - Advanced (P4),,,,,150000.0,160000.0,165000.0,175000.0
SYN01328,Noah Jenkins,United States of America,Colorado,Z3,Job Code: JC100400,Product Manager III,EN.PGPG.P3,IC3,185304.0,222374.0,259444.0,0.9186,204267.46,in_range,0.1,20426.75,224694.21,0.28,0.28,2025-12-20,2025-12-21,,,Radford All Country,Yes,exact_us_zone,US row matched using country + zone + Radford job code.,United States - Z3,Z3 US,United States - TS 100M - 1B Rev Z2 US,U.S. Dollars - USD,EN.PGPG.P3,Product Management - Technology Product Management - Career (P3),,,,,176696.0,187698.0,195688.0,213320.0
SYN01329,Ethan Jenkins,United States of America,California,Z3,Job Code: JC100738,UI/UX Product Designer IV,EN.UUUD.P4,IC4,174391.0,190740.5,261587.0,1.0422,198794.71,in_range,0.1,19879.47,218674.18,3.54,2.52,2022-09-26,2023-10-03,3,Solid,Radford All Country,Yes,exact_us_zone,US row matched using country + zone + Radford job code.,United States - Z3,Z3 US,United States - TS 100M - 1B Rev Z2 US,U.S. Dollars - USD,EN.UUUD.P4,User Interface / User Experience (UI / UX) - UI / UX Design - Advanced (P4),,,,,190000.0,201345.0,211750.0,230000.0
SYN01330,Mason Jenkins,United States of America,California,Z3,Job Code: JC100677,Software Engineer II,EN.SODE.P2,IC2,140592.0,168717.5,196843.0,1.0973,185140.92,in_range,0.1,18514.09,203655.01,0.81,0.81,2025-06-17,2025-06-22,3,Solid,Radford All Country,Yes,exact_us_zone,US row matched using country + zone + Radford job code.,United States - Z3,Z3 US,United States - TS 100M - 1B Rev Z2 US,U.S. Dollars - USD,EN.SODE.P2,Software - Software Development Engineering - Developing (P2),,,,,150000.0,157600.0,163333.0,180000.0
SYN01331,Lucas Jenkins,United States of America,California,Z3,Job Code: JC100241,HR Generalist IV,HR.GLGL.P4,IC4,138046.0,172557.5,207069.0,0.9995,172469.58,in_range,0.1,17246.96,189716.54,2.74,1.53,2023-07-10,2024-09-22,3,Solid,Radford All Country,Yes,exact_us_zone,US row matched using country + zone + Radford job code.,United States - Z3,Z3 US,United States - TS 100M - 1B Rev Z2 US,U.S. Dollars - USD,HR.GLGL.P4,General - HR Generalist - Advanced (P4),,,,,147770.0,150750.0,155039.0,172400.0
SYN01332,Elijah Jenkins,United States of America,North Carolina,Z3,Job Code: JC100749,"VP, Legal",LG.GLMF.E1,VP1,261245.0,326556.0,391867.0,1.0967,358120.93,in_range,0.35,125342.32,483463.25,6.75,6.75,2019-07-06,2019-07-12,5,High,Radford All Country,Yes,exact_us_zone,US row matched using country + zone + Radford job code.,United States - Z3,Z3 US,United States - TS 100M - 1B Rev Z2 US,U.S. Dollars - USD,LG.GLMF.E1,General - Legal - Executive - Executive 1 (E1),,,,,331750.0,343630.0,363350.0,416590.0
SYN01333,James Jenkins,United States of America,California,Z3,Job Code: JC100679,Software Engineer IV,EN.SODE.P4,IC4,196033.0,245041.5,294050.0,1.3792,337957.8,above_max,0.1,33795.78,371753.58,3.09,1.48,2023-02-28,2024-10-17,4,Strong,Radford All Country,Yes,exact_us_zone,US row matched using country + zone + Radford job code.,United States - Z3,Z3 US,United States - TS 100M - 1B Rev Z2 US,U.S. Dollars - USD,EN.SODE.P4,Software - Software Development Engineering - Advanced (P4),,,,,214795.0,226800.0,235000.0,251619.0
SYN01334,Henry Jenkins,United States of America,California,Z3,Job Code: JC100501,Sales Engineer Enterprise IV,SA.ASRS.P4,IC4,175567.0,219459.0,263351.0,1.0261,225192.37,in_range,0.1,22519.24,247711.61,3.25,1.31,2023-01-05,2024-12-20,3,Solid,Radford All Country,Yes,exact_us_zone,US row matched using country + zone + Radford job code.,United States - Z3,Z3 US,United States - TS 100M - 1B Rev Z2 US,U.S. Dollars - USD,SA.ASRS.P4,Applications / Systems Engineering - Pre-Sales - Sales Plan - Advanced (P4),,,,,168613.0,175000.0,181247.0,191729.0
SYN01335,Alexander Jenkins,United States of America,Texas,Z3,Job Code: JC100029,Commercial Sales Rep III,SA.FSDN.P3,IC3,76752.0,92106.0,107460.0,0.8797,81026.18,in_range,0.1,8102.62,89128.8,3.67,2.95,2022-08-02,2023-04-22,3,Solid,Radford All Country,Yes,exact_us_zone,US row matched using country + zone + Radford job code.,United States - Z3,Z3 US,United States - TS 100M - 1B Rev Z2 US,U.S. Dollars - USD,SA.FSDN.P3,Field Sales - Sales Account Management - Direct Sales - New Accounts - Career (P3),,,,,112000.0,123875.0,134200.0,150620.0
SYN01336,Daniel Jenkins,United States of America,California,Z3,Job Code: JC100201,Enterprise Sales Rep V,SA.FSDN.P5,IC5,163363.0,189189.0,245045.0,0.9729,184065.48,in_range,0.15,27609.82,211675.3,2.13,1.96,2024-02-17,2024-04-26,4,Strong,Radford All Country,Yes,exact_us_zone,US row matched using country + zone + Radford job code.,United States - Z3,Z3 US,United States - TS 100M - 1B Rev Z2 US,U.S. Dollars - USD,SA.FSDN.P5,Field Sales - Sales Account Management - Direct Sales - New Accounts - Expert (P5),,,,,170600.0,179687.0,185000.0,207950.0
SYN01337,Samuel Jenkins,United States of America,Illinois,Z3,Job Code: JC100030,Commercial Sales Rep IV,SA.FSDN.P4,IC4,92552.0,111129.0,138828.0,0.8887,98754.84,in_range,0.1,9875.48,108630.32,3.53,1.91,2022-09-24,2024-05-07,3,Solid,Radford All Country,Yes,exact_us_zone,US row matched using country + zone + Radford job code.,United States - Z3,Z3 US,United States - TS 100M - 1B Rev Z2 US,U.S. Dollars - USD,SA.FSDN.P4,Field Sales - Sales Account Management - Direct Sales - New Accounts - Advanced (P4),,,,,150000.0,160000.0,165000.0,175000.0
SYN01338,Owen Jenkins,United States of America,Colorado,Z3,Job Code: JC101298,Customer Solutions Architect IV,,IC4,171072.0,187110.0,256608.0,0.9511,177951.25,in_range,0.1,17795.12,195746.37,4.87,2.03,2021-05-21,2024-03-30,4,Strong,Radford All Country,No,unmatched,No FJC Radford code available for market join.,,,,,,,,,,,,,,
SYN01339,Jack Jenkins,United States of America,California,Z3,Job Code: JC101058,Sales Engineer Specialist VI,SA.ASRS.P6,IC6,226511.0,283139.0,339767.0,0.9727,275404.11,in_range,0.2,55080.82,330484.93,5.7,3.15,2020-07-31,2023-02-04,3,Solid,Radford All Country,Yes,exact_us_zone,US row matched using country + zone + Radford job code.,United States - Z3,Z3 US,United States - TS 100M - 1B Rev Z2 US,U.S. Dollars - USD,SA.ASRS.P6,Applications / Systems Engineering - Pre-Sales - Sales Plan - Principal (P6),,,,,200363.0,225950.0,239505.0,284735.0
SYN01340,Julian Jenkins,United States of America,California,Z3,Job Code: JC100030,Commercial Sales Rep IV,SA.FSDN.P4,IC4,92552.0,111129.0,138828.0,0.8372,93036.89,in_range,0.1,9303.69,102340.58,3.69,1.6,2022-07-27,2024-09-04,3,Solid,Radford All Country,Yes,exact_us_zone,US row matched using country + zone + Radford job code.,United States - Z3,Z3 US,United States - TS 100M - 1B Rev Z2 US,U.S. Dollars - USD,SA.FSDN.P4,Field Sales - Sales Account Management - Direct Sales - New Accounts - Advanced (P4),,,,,150000.0,160000.0,165000.0,175000.0
SYN01341,Leo Jenkins,United States of America,North Carolina,Z3,Job Code: JC101058,Sales Engineer Specialist VI,SA.ASRS.P6,IC6,226511.0,283139.0,339767.0,0.9656,273392.49,in_range,0.2,54678.5,328070.99,4.01,2.72,2022-03-28,2023-07-23,4,Strong,Radford All Country,Yes,exact_us_zone,US row matched using country + zone + Radford job code.,United States - Z3,Z3 US,United States - TS 100M - 1B Rev Z2 US,U.S. Dollars - USD,SA.ASRS.P6,Applications / Systems Engineering - Pre-Sales - Sales Plan - Principal (P6),,,,,200363.0,225950.0,239505.0,284735.0
SYN01342,Isaac Jenkins,United States of America,California,Z3,Job Code: JC100026,Chief Revenue Officer,SA.GLHD.E3,E3,328000.0,410000.0,492000.0,1.0,410000.0,in_range,0.0,0.0,410000.0,5.05,5.05,2021-03-12,2021-03-23,5,High,Radford All Country,Yes,exact_us_zone,US row matched using country + zone + Radford job code.,United States - Z3,Z3 US,United States - TS 100M - 1B Rev Z2 US,U.S. Dollars - USD,SA.GLHD.E3,General - Top Sales - Corporate - Executive 3 (E3),,,,,390000.0,419438.0,429500.0,465000.0
SYN01343,Sebastian Jenkins,United States of America,Colorado,Z3,Job Code: JC100276,Legal Operations III,LG.NAPL.P3,IC3,125562.0,131844.5,175798.0,1.01,133162.95,in_range,0.1,13316.29,146479.24,3.97,1.59,2022-04-16,2024-09-02,4,Strong,Radford All Country,Yes,exact_us_zone,US row matched using country + zone + Radford job code.,United States - Z3,Z3 US,United States - TS 100M - 1B Rev Z2 US,U.S. Dollars - USD,LG.NAPL.P3,Non-Attorney - Paralegal - Career (P3),,,,,135147.0,139375.0,141700.0,
SYN01344,Caleb Jenkins,United States of America,Colorado,Z3,Job Code: JC100680,Software Engineer V,EN.SODE.P5,IC5,232338.0,290422.0,348506.0,1.1633,337834.25,in_range,0.15,50675.14,388509.39,5.77,3.43,2020-07-05,2022-11-02,3,Solid,Radford All Country,Yes,exact_us_zone,US row matched using country + zone + Radford job code.,United States - Z3,Z3 US,United States - TS 100M - 1B Rev Z2 US,U.S. Dollars - USD,EN.SODE.P5,Software - Software Development Engineering - Expert (P5),,,,,246000.0,260000.0,270700.0,296706.0
SYN01345,Avery Ward,United States of America,Colorado,Z3,Job Code: JC100680,Software Engineer V,EN.SODE.P5,IC5,232338.0,290422.0,348506.0,1.014,294489.88,in_range,0.15,44173.48,338663.36,3.86,1.71,2022-06-01,2024-07-20,3,Solid,Radford All Country,Yes,exact_us_zone,US row matched using country + zone + Radford job code.,United States - Z3,Z3 US,United States - TS 100M - 1B Rev Z2 US,U.S. Dollars - USD,EN.SODE.P5,Software - Software Development Engineering - Expert (P5),,,,,246000.0,260000.0,270700.0,296706.0
SYN01346,Jordan Ward,United States of America,California,Z3,Job Code: JC101288,Account Manager III,,IC3,100913.0,107223.0,141324.0,1.193,127912.53,in_range,0.1,12791.25,140703.78,3.6,1.77,2022-09-07,2024-06-24,4,Strong,Radford All Country,No,unmatched,No FJC Radford code available for market join.,,,,,,,,,,,,,,
SYN01347,Taylor Ward,United States of America,California,Z3,Job Code: JC100564,Senior Director Professional Services,TC.TSMF.M6,D2,244429.0,305536.0,366643.0,1.11,339144.96,in_range,0.3,101743.49,440888.45,1.52,1.52,2024-10-01,2024-09-30,3,Solid,Radford All Country,Yes,exact_us_zone,US row matched using country + zone + Radford job code.,United States - Z3,Z3 US,United States - TS 100M - 1B Rev Z2 US,U.S. Dollars - USD,TC.TSMF.M6,IT Solutions Consulting - Multi-Focus - Senior Director (M6),,,,,230025.0,232704.0,249018.0,
SYN01348,Morgan Ward,United States of America,Colorado,Z3,Job Code: JC100291,Manager Customer Support Engineering,CS.FSTS.M3,M1,135317.0,157614.0,202976.0,0.9851,155272.37,in_range,0.2,31054.47,186326.84,4.73,1.63,2021-07-16,2024-08-27,2,Developing,Radford All Country,Yes,exact_us_zone,US row matched using country + zone + Radford job code.,United States - Z3,Z3 US,United States - TS 100M - 1B Rev Z2 US,U.S. Dollars - USD,CS.FSTS.M3,Field Support - Technical Support Engineering - Manager (M3),,,,,155000.0,165500.0,171940.0,195200.0
SYN01349,Cameron Ward,United States of America,Colorado,Z3,Job Code: JC101298,Customer Solutions Architect IV,,IC4,171072.0,187110.0,256608.0,0.9343,174818.55,in_range,0.1,17481.85,192300.4,2.59,1.66,2023-09-07,2024-08-15,3,Solid,Radford All Country,No,unmatched,No FJC Radford code available for market join.,,,,,,,,,,,,,,
SYN01350,Riley Ward,United States of America,Colorado,Z3,Job Code: JC100215,Financial Analyst V,FI.ACFP.P5,IC5,176204.0,192723.5,264306.0,0.93,179232.86,in_range,0.15,26884.93,206117.78,4.88,2.67,2021-05-15,2023-08-10,4,Strong,Radford All Country,Yes,exact_us_zone,US row matched using country + zone + Radford job code.,United States - Z3,Z3 US,United States - TS 100M - 1B Rev Z2 US,U.S. Dollars - USD,FI.ACFP.P5,Accounting - Financial Planning & Analysis - Expert (P5),,,,,190500.0,202237.0,210000.0,217550.0
SYN01351,Parker Ward,United States of America,California,Z3,Job Code: JC100904,Product Manager VII,EN.PGPG.M6,IC7,259794.0,324743.0,389692.0,1.0528,341879.86,in_range,0.0,0.0,341879.86,4.97,3.86,2021-04-17,2022-05-30,4,Strong,Radford All Country,Yes,exact_us_zone,US row matched using country + zone + Radford job code.,United States - Z3,Z3 US,United States - TS 100M - 1B Rev Z2 US,U.S. Dollars - USD,EN.PGPG.M6,Product Management - Technology Product Management - Senior Director (M6),,,,,286730.0,306781.0,320000.0,354697.0
SYN01352,Quinn Ward,United States of America,Colorado,Z3,Job Code: JC100975,Scaled Customer Success Manager III,SA.CRCS.P3,IC3,122282.0,127604.5,171207.0,1.4749,188199.24,above_max,0.1,18819.92,207019.17,3.53,2.08,2022-09-30,2024-03-06,4,Strong,Radford All Country,Yes,exact_us_zone,US row matched using country + zone + Radford job code.,United States - Z3,Z3 US,United States - TS 100M - 1B Rev Z2 US,U.S. Dollars - USD,SA.CRCS.P3,Customer Relationship Management - Customer Success - Career (P3),,,,,113300.0,122888.0,128000.0,139340.0
SYN01353,Hayden Ward,United States of America,California,Z3,Job Code: JC100214,Financial Analyst IV,FI.ACFP.P4,IC4,148104.0,161989.0,222156.0,0.9243,149720.06,in_range,0.1,14972.01,164692.06,3.66,3.22,2022-08-09,2023-01-12,3,Solid,Radford All Country,Yes,exact_us_zone,US row matched using country + zone + Radford job code.,United States - Z3,Z3 US,United States - TS 100M - 1B Rev Z2 US,U.S. Dollars - USD,FI.ACFP.P4,Accounting - Financial Planning & Analysis - Advanced (P4),,,,,160161.0,170000.0,176340.0,194825.0
SYN01354,Rowan Ward,United States of America,Michigan,Z3,Job Code: JC100642,Senior Manager SE Commercial,,M2,181760.0,211708.5,272640.0,1.03,218059.76,in_range,0.2,43611.95,261671.71,3.3,1.15,2022-12-12,2025-02-12,3,Solid,Radford All Country,No,unmatched,No FJC Radford code available for market join.,,,,,,,,,,,,,,
SYN01355,Casey Ward,United States of America,California,Z3,Job Code: JC100586,Senior Director Tech Alliance Partnership,SA.APAP.M6,D2,217722.0,272152.0,326582.0,0.96,261265.92,in_range,0.3,78379.78,339645.7,4.75,4.75,2021-07-02,2021-07-08,3,Solid,Radford All Country,Yes,exact_us_zone,US row matched using country + zone + Radford job code.,United States - Z3,Z3 US,United States - TS 100M - 1B Rev Z2 US,U.S. Dollars - USD,SA.APAP.M6,Alliance Partnership - Alliance Partnership - Senior Director (M6),,,,,245000.0,269267.0,275350.0,331070.0
SYN01356,Alex Ward,United States of America,California,Z3,Job Code: JC100438,Talent Acquisition Partner V,HR.TATA.P5,IC5,178844.0,223555.0,268266.0,0.7663,171299.45,below_min,0.15,25694.92,196994.36,4.08,1.33,2022-03-03,2024-12-01,5,High,Radford All Country,Yes,exact_us_zone,US row matched using country + zone + Radford job code.,United States - Z3,Z3 US,United States - TS 100M - 1B Rev Z2 US,U.S. Dollars - USD,HR.TATA.P5,Talent Acquisition - Talent Acquisition - Expert (P5),,,,,201400.0,212000.0,215650.0,225500.0
SYN01357,Jamie Ward,United States of America,California,Z3,Job Code: JC100579,Senior Director Sales Operations,SA.OPSO.M6,D2,212322.0,265402.5,318483.0,1.2,318483.0,in_range,0.3,95544.9,414027.9,3.42,3.42,2022-11-12,2022-11-03,4,Strong,Radford All Country,Yes,exact_us_zone,US row matched using country + zone + Radford job code.,United States - Z3,Z3 US,United States - TS 100M - 1B Rev Z2 US,U.S. Dollars - USD,SA.OPSO.M6,Operations / Sales Support - Sales Operations - Senior Director (M6),,,,,271688.0,291610.0,310953.0,343789.0
SYN01358,Blake Ward,United States of America,California,Z3,Job Code: JC100201,Enterprise Sales Rep V,SA.FSDN.P5,IC5,163363.0,189189.0,245045.0,0.9516,180029.97,in_range,0.15,27004.5,207034.46,4.45,2.47,2021-11-01,2023-10-18,3,Solid,Radford All Country,Yes,exact_us_zone,US row matched using country + zone + Radford job code.,United States - Z3,Z3 US,United States - TS 100M - 1B Rev Z2 US,U.S. Dollars - USD,SA.FSDN.P5,Field Sales - Sales Account Management - Direct Sales - New Accounts - Expert (P5),,,,,170600.0,179687.0,185000.0,207950.0
SYN01359,Drew Ward,United States of America,California,Z3,Job Code: JC100091,Customer Support Engineer VI,CS.FSTS.P6,IC6,152591.0,190738.5,228886.0,1.1347,216427.42,in_range,0.2,43285.48,259712.9,5.18,2.28,2021-02-05,2024-01-02,4,Strong,Radford All Country,Yes,exact_us_zone,US row matched using country + zone + Radford job code.,United States - Z3,Z3 US,United States - TS 100M - 1B Rev Z2 US,U.S. Dollars - USD,CS.FSTS.P6,Field Support - Technical Support Engineering - Principal (P6),,,,,192000.0,,,
SYN01360,Reese Ward,United States of America,Colorado,Z3,Job Code: JC100437,Talent Acquisition Partner IV,HR.TATA.P4,IC4,150156.0,164232.5,225234.0,0.9175,150686.36,in_range,0.1,15068.64,165754.99,0.66,0.66,2025-08-13,2025-08-06,3,Solid,Radford All Country,Yes,exact_us_zone,US row matched using country + zone + Radford job code.,United States - Z3,Z3 US,United States - TS 100M - 1B Rev Z2 US,U.S. Dollars - USD,HR.TATA.P4,Talent Acquisition - Talent Acquisition - Advanced (P4),,,,,168500.0,178220.0,182050.0,200893.0
SYN01361,Sydney Ward,United States of America,California,Z3,Job Code: JC100426,Project/Program (Admin) Manager V,CB.PMPM.P5,IC5,179667.0,224583.5,269500.0,0.9539,214225.17,in_range,0.15,32133.78,246358.95,4.06,2.84,2022-03-16,2023-05-29,3,Solid,Radford All Country,Yes,exact_us_zone,US row matched using country + zone + Radford job code.,United States - Z3,Z3 US,United States - TS 100M - 1B Rev Z2 US,U.S. Dollars - USD,CB.PMPM.P5,Project Management - Project / Program Management - Expert (P5),,,,,190000.0,208580.0,216450.0,244590.0
SYN01362,Emerson Ward,United States of America,California,Z3,Job Code: JC100678,Software Engineer III,EN.SODE.P3,IC3,174915.0,209906.5,244898.0,1.0541,221264.56,in_range,0.1,22126.46,243391.02,2.45,1.47,2023-10-27,2024-10-24,3,Solid,Radford All Country,Yes,exact_us_zone,US row matched using country + zone + Radford job code.,United States - Z3,Z3 US,United States - TS 100M - 1B Rev Z2 US,U.S. Dollars - USD,EN.SODE.P3,Software - Software Development Engineering - Career (P3),,,,,185500.0,195700.0,203700.0,220000.0
SYN01363,Logan Ward,United States of America,Georgia,Z3,Job Code: JC100103,Demand Generation Specialist V,MK.PIDG.P5,IC5,173624.0,189901.0,260436.0,0.9143,173624.0,in_range,0.15,26043.6,199667.6,5.24,2.3,2021-01-14,2023-12-17,3,Solid,Radford All Country,Yes,exact_us_zone,US row matched using country + zone + Radford job code.,United States - Z3,Z3 US,United States - TS 100M - 1B Rev Z2 US,U.S. Dollars - USD,MK.PIDG.P5,Product Marketing - Demand Generation - Expert (P5),,,,,181260.0,186200.0,190250.0,
SYN01364,Skyler Ward,United States of America,Colorado,Z3,Job Code: JC100004,Accountant IV,FI.ACGA.P4,IC4,129565.0,140336.0,194348.0,0.9232,129565.0,in_range,0.1,12956.5,142521.5,4.08,2.89,2022-03-08,2023-05-14,3,Solid,Radford All Country,Yes,exact_us_zone,US row matched using country + zone + Radford job code.,United States - Z3,Z3 US,United States - TS 100M - 1B Rev Z2 US,U.S. Dollars - USD,FI.ACGA.P4,Accounting - General Accounting - Advanced (P4),,,,,147000.0,157000.0,160000.0,175904.0
SYN01365,Finley Ward,United States of America,Arizona,Z3,Job Code: JC100019,Business Development Rep II,SA.ISTL.P2,IC2,29.0,32.0,41.0,1.0128,32.41,in_range,0.1,3.24,35.65,0.48,0.48,2025-10-18,2025-10-14,3,Solid,Radford All Country,No,unmatched,No match found on expected US country/zone + Radford job code.,,,,,,,,,,,,,,
SYN01366,Harper Ward,United States of America,California,Z3,Job Code: JC100199,Enterprise Sales Rep III,SA.FSDN.P3,IC3,123415.0,135907.0,172793.0,0.9826,133536.26,in_range,0.1,13353.63,146889.89,2.75,2.44,2023-07-13,2023-11-02,3,Solid,Radford All Country,Yes,exact_us_zone,US row matched using country + zone + Radford job code.,United States - Z3,Z3 US,United States - TS 100M - 1B Rev Z2 US,U.S. Dollars - USD,SA.FSDN.P3,Field Sales - Sales Account Management - Direct Sales - New Accounts - Career (P3),,,,,112000.0,123875.0,134200.0,150620.0
SYN01367,Elliot Ward,United States of America,California,Z3,Job Code: JC100605,Senior Manager Customer Support Engineering,CS.FSTS.M4,M2,160713.0,187194.5,241069.0,0.973,182145.46,in_range,0.2,36429.09,218574.55,2.7,2.49,2023-07-19,2023-10-04,5,High,Radford All Country,Yes,exact_us_zone,US row matched using country + zone + Radford job code.,United States - Z3,Z3 US,United States - TS 100M - 1B Rev Z2 US,U.S. Dollars - USD,CS.FSTS.M4,Field Support - Technical Support Engineering - Sr Manager (M4),,,,,169728.0,187380.0,198624.0,207912.0
SYN01368,Dakota Ward,United States of America,California,Z3,Job Code: JC100454,SDET Engineer III,EN.SODE.P3,IC3,165257.0,173385.5,231376.0,0.9531,165257.0,in_range,0.1,16525.7,181782.7,2.54,1.22,2023-09-21,2025-01-13,3,Solid,Radford All Country,Yes,exact_us_zone,US row matched using country + zone + Radford job code.,United States - Z3,Z3 US,United States - TS 100M - 1B Rev Z2 US,U.S. Dollars - USD,EN.SODE.P3,Software - Software Development Engineering - Career (P3),,,,,185500.0,195700.0,203700.0,220000.0
SYN01369,Kendall Ward,United States of America,California,Z3,Job Code: JC100429,Quality Engineer II,EN.QAQA.P2,IC2,116090.0,125382.0,162537.0,1.07,134158.74,in_range,0.1,13415.87,147574.61,0.66,0.66,2025-08-11,2025-08-10,4,Strong,Radford All Country,Yes,exact_us_zone,US row matched using country + zone + Radford job code.,United States - Z3,Z3 US,United States - TS 100M - 1B Rev Z2 US,U.S. Dollars - USD,EN.QAQA.P2,Quality Assurance - Quality Assurance Engineering - Developing (P2),,,,,111617.0,123530.0,128282.0,143180.0
SYN01370,Sage Ward,United States of America,California,Z3,Job Code: JC100752,"VP, Software Engineering",EN.GLEE.E1,VP1,272462.0,340577.0,408692.0,1.1118,378646.61,in_range,0.35,132526.31,511172.92,3.12,3.12,2023-02-26,2023-02-22,5,High,Radford All Country,Yes,exact_us_zone,US row matched using country + zone + Radford job code.,United States - Z3,Z3 US,United States - TS 100M - 1B Rev Z2 US,U.S. Dollars - USD,EN.GLEE.E1,General - Engineering - Executive - Executive 1 (E1),,,,,322140.0,333800.0,360000.0,
SYN01371,Peyton Ward,United States of America,Kansas,Z3,Job Code: JC100131,Director Financial Planning/Analysis,FI.ACFP.M5,D1,189223.0,236529.0,283835.0,0.89,210510.81,in_range,0.25,52627.7,263138.51,3.24,1.94,2023-01-11,2024-05-01,4,Strong,Radford All Country,Yes,exact_us_zone,US row matched using country + zone + Radford job code.,United States - Z3,Z3 US,United States - TS 100M - 1B Rev Z2 US,U.S. Dollars - USD,FI.ACFP.M5,Accounting - Financial Planning & Analysis - Director (M5),,,,,230000.0,246868.0,253142.0,275000.0
SYN01372,Tatum Ward,United States of America,California,Z3,Job Code: JC100201,Enterprise Sales Rep V,SA.FSDN.P5,IC5,163363.0,189189.0,245045.0,0.9021,170664.49,in_range,0.15,25599.67,196264.16,4.09,2.42,2022-03-08,2023-10-30,4,Strong,Radford All Country,Yes,exact_us_zone,US row matched using country + zone + Radford job code.,United States - Z3,Z3 US,United States - TS 100M - 1B Rev Z2 US,U.S. Dollars - USD,SA.FSDN.P5,Field Sales - Sales Account Management - Direct Sales - New Accounts - Expert (P5),,,,,170600.0,179687.0,185000.0,207950.0
SYN01373,Micah Ward,United States of America,California,Z3,Job Code: JC100178,Director Technical Writing,EN.TPTW.M5,D1,173908.0,217385.0,260862.0,1.02,221732.7,in_range,0.25,55433.18,277165.88,2.45,1.23,2023-10-30,2025-01-06,4,Strong,Radford All Country,Yes,exact_us_zone,US row matched using country + zone + Radford job code.,United States - Z3,Z3 US,United States - TS 100M - 1B Rev Z2 US,U.S. Dollars - USD,EN.TPTW.M5,Technical / Product Communication - Technical Writing - Director (M5),,,,,206900.0,224688.0,232239.0,
SYN01374,Robin Ward,United States of America,California,Z3,Job Code: JC101058,Sales Engineer Specialist VI,SA.ASRS.P6,IC6,226511.0,283139.0,339767.0,0.9651,273268.46,in_range,0.2,54653.69,327922.15,3.52,1.29,2022-10-04,2024-12-28,3,Solid,Radford All Country,Yes,exact_us_zone,US row matched using country + zone + Radford job code.,United States - Z3,Z3 US,United States - TS 100M - 1B Rev Z2 US,U.S. Dollars - USD,SA.ASRS.P6,Applications / Systems Engineering - Pre-Sales - Sales Plan - Principal (P6),,,,,200363.0,225950.0,239505.0,284735.0
SYN01375,Devon Ward,United States of America,California,Z3,Job Code: JC100677,Software Engineer II,EN.SODE.P2,IC2,140592.0,168717.5,196843.0,0.9424,159001.43,in_range,0.1,15900.14,174901.57,0.83,0.83,2025-06-09,2025-06-13,3,Solid,Radford All Country,Yes,exact_us_zone,US row matched using country + zone + Radford job code.,United States - Z3,Z3 US,United States - TS 100M - 1B Rev Z2 US,U.S. Dollars - USD,EN.SODE.P2,Software - Software Development Engineering - Developing (P2),,,,,150000.0,157600.0,163333.0,180000.0
SYN01377,Charlie Ward,United States of America,California,Z3,Job Code: JC100739,UI/UX Product Designer V,EN.UUUD.P5,IC5,195296.0,244120.0,292944.0,1.0451,255135.31,in_range,0.15,38270.3,293405.6,4.56,3.29,2021-09-13,2022-12-19,3,Solid,Radford All Country,Yes,exact_us_zone,US row matched using country + zone + Radford job code.,United States - Z3,Z3 US,United States - TS 100M - 1B Rev Z2 US,U.S. Dollars - USD,EN.UUUD.P5,User Interface / User Experience (UI / UX) - UI / UX Design - Expert (P5),,,,,207262.0,222078.0,234800.0,257947.0
SYN01378,Remy Ward,United States of America,Tennessee,Z3,Job Code: JC100291,Manager Customer Support Engineering,CS.FSTS.M3,M1,135317.0,157614.0,202976.0,0.9713,153084.72,in_range,0.2,30616.94,183701.66,5.09,2.53,2021-03-01,2023-10-03,3,Solid,Radford All Country,Yes,exact_us_zone,US row matched using country + zone + Radford job code.,United States - Z3,Z3 US,United States - TS 100M - 1B Rev Z2 US,U.S. Dollars - USD,CS.FSTS.M3,Field Support - Technical Support Engineering - Manager (M3),,,,,155000.0,165500.0,171940.0,195200.0
SYN01379,Shawn Ward,United States of America,Colorado,Z3,Job Code: JC100680,Software Engineer V,EN.SODE.P5,IC5,232338.0,290422.0,348506.0,0.9237,268268.92,in_range,0.15,40240.34,308509.25,4.18,2.68,2022-01-25,2023-08-02,3,Solid,Radford All Country,Yes,exact_us_zone,US row matched using country + zone + Radford job code.,United States - Z3,Z3 US,United States - TS 100M - 1B Rev Z2 US,U.S. Dollars - USD,EN.SODE.P5,Software - Software Development Engineering - Expert (P5),,,,,246000.0,260000.0,270700.0,296706.0
SYN01380,Noel Ward,United States of America,California,Z3,Job Code: JC100951,Systems Engineer III,TE.ISIS.P3,IC3,157424.0,165166.5,220408.0,1.0263,169504.25,in_range,0.1,16950.43,186454.68,2.76,2.05,2023-07-06,2024-03-14,4,Strong,Radford All Country,No,unmatched,No match found on expected US country/zone + Radford job code.,,,,,,,,,,,,,,
SYN01381,Aubrey Ward,United States of America,Colorado,Z3,Job Code: JC100018,Business Development Rep I,SA.ISTL.P1,IC1,25.0,29.0,36.0,1.0017,29.05,in_range,0.0,0.0,29.05,0.2,0.2,2026-01-18,2026-01-29,,,Radford All Country,No,unmatched,No match found on expected US country/zone + Radford job code.,,,,,,,,,,,,,,
SYN01382,Bailey Ward,United States of America,Oregon,Z3,Job Code: JC100096,Data Analyst V,TE.DADA.P5,IC5,178493.0,223116.0,267739.0,0.9112,203296.2,in_range,0.15,30494.43,233790.63,3.11,2.46,2023-02-23,2023-10-15,3,Solid,Radford All Country,Yes,exact_us_zone,US row matched using country + zone + Radford job code.,United States - Z3,Z3 US,United States - TS 100M - 1B Rev Z2 US,U.S. Dollars - USD,TE.DADA.P5,Data Management & Analytics - Data Analytics - Expert (P5),,,,,211068.0,229339.0,240000.0,251600.0
SYN01384,Kieran Ward,United States of America,Texas,Z3,Job Code: JC100029,Commercial Sales Rep III,SA.FSDN.P3,IC3,76752.0,92106.0,107460.0,1.2368,113920.14,above_max,0.1,11392.01,125312.15,2.3,1.31,2023-12-14,2024-12-08,5,High,Radford All Country,Yes,exact_us_zone,US row matched using country + zone + Radford job code.,United States - Z3,Z3 US,United States - TS 100M - 1B Rev Z2 US,U.S. Dollars - USD,SA.FSDN.P3,Field Sales - Sales Account Management - Direct Sales - New Accounts - Career (P3),,,,,112000.0,123875.0,134200.0,150620.0
SYN01385,Marlowe Ward,United States of America,California,Z3,Job Code: JC100507,Sales Operations Analyst IV,SA.OPSO.P4,IC4,150573.0,164689.0,225859.0,0.9143,150573.0,in_range,0.1,15057.3,165630.3,2.55,1.56,2023-09-18,2024-09-12,5,High,Radford All Country,Yes,exact_us_zone,US row matched using country + zone + Radford job code.,United States - Z3,Z3 US,United States - TS 100M - 1B Rev Z2 US,U.S. Dollars - USD,SA.OPSO.P4,Operations / Sales Support - Sales Operations - Advanced (P4),,,,,161300.0,175000.0,184151.0,201160.0
SYN01386,Adrian Ward,United States of America,California,Z3,Job Code: JC100662,Senior Manager Web Design,MK.DISM.M4,M2,179520.0,224400.0,269280.0,0.94,210936.0,in_range,0.2,42187.2,253123.2,4.38,2.66,2021-11-14,2023-08-08,5,High,Radford All Country,Yes,exact_us_zone,US row matched using country + zone + Radford job code.,United States - Z3,Z3 US,United States - TS 100M - 1B Rev Z2 US,U.S. Dollars - USD,MK.DISM.M4,Digital Marketing - Social Media - Sr Manager (M4),,,,,,,,
SYN01387,Eden Ward,United States of America,Colorado,Z3,Job Code: JC100029,Commercial Sales Rep III,SA.FSDN.P3,IC3,76752.0,92106.0,107460.0,0.9804,90298.48,in_range,0.1,9029.85,99328.33,2.4,1.84,2023-11-08,2024-05-31,2,Developing,Radford All Country,Yes,exact_us_zone,US row matched using country + zone + Radford job code.,United States - Z3,Z3 US,United States - TS 100M - 1B Rev Z2 US,U.S. Dollars - USD,SA.FSDN.P3,Field Sales - Sales Account Management - Direct Sales - New Accounts - Career (P3),,,,,112000.0,123875.0,134200.0,150620.0
SYN01388,Jesse Ward,United States of America,California,Z3,Job Code: JC100678,Software Engineer III,EN.SODE.P3,IC3,174915.0,209906.5,244898.0,1.3062,274172.24,above_max,0.1,27417.22,301589.46,2.75,1.97,2023-07-11,2024-04-16,5,High,Radford All Country,Yes,exact_us_zone,US row matched using country + zone + Radford job code.,United States - Z3,Z3 US,United States - TS 100M - 1B Rev Z2 US,U.S. Dollars - USD,EN.SODE.P3,Software - Software Development Engineering - Career (P3),,,,,185500.0,195700.0,203700.0,220000.0
SYN01389,Lane Ward,United States of America,California,Z3,Job Code: JC100268,Legal Counsel / Attorney II,LG.ATMF.P2,IC2,138544.0,145477.5,193976.0,1.4726,214232.04,above_max,0.1,21423.2,235655.24,2.74,1.79,2023-07-17,2024-06-19,3,Solid,Radford All Country,Yes,exact_us_zone,US row matched using country + zone + Radford job code.,United States - Z3,Z3 US,United States - TS 100M - 1B Rev Z2 US,U.S. Dollars - USD,LG.ATMF.P2,Attorney - Multi-Focus - Developing (P2),,,,,133900.0,142341.0,155500.0,
SYN01390,Shiloh Ward,United States of America,Wisconsin,Z3,Job Code: JC100124,Director Demand Generation,MK.PIDG.M5,D1,169669.0,197626.5,254504.0,1.0544,208369.97,in_range,0.25,52092.49,260462.46,2.31,1.5,2023-12-10,2024-09-29,5,High,Radford All Country,Yes,exact_us_zone,US row matched using country + zone + Radford job code.,United States - Z3,Z3 US,United States - TS 100M - 1B Rev Z2 US,U.S. Dollars - USD,MK.PIDG.M5,Product Marketing - Demand Generation - Director (M5),,,,,210000.0,221792.0,233604.0,
SYN01391,Teagan Ward,United States of America,Colorado,Z3,Job Code: JC100101,Demand Generation Specialist III,MK.PIDG.P3,IC3,120691.0,125500.5,168979.0,1.0034,125929.05,in_range,0.1,12592.9,138521.95,2.24,1.6,2024-01-07,2024-09-05,3,Solid,Radford All Country,Yes,exact_us_zone,US row matched using country + zone + Radford job code.,United States - Z3,Z3 US,United States - TS 100M - 1B Rev Z2 US,U.S. Dollars - USD,MK.PIDG.P3,Product Marketing - Demand Generation - Career (P3),,,,,128000.0,139120.0,145000.0,154727.0
SYN01392,Ari Ward,United States of America,Washington,Z3,Job Code: JC100868,Business Development Enterprise Rep I,SA.ISTL.S1,IC1,30.0,36.0,43.0,1.0293,37.05,in_range,0.0,0.0,37.05,0.12,0.12,2026-02-20,2026-02-22,,,Radford All Country,Yes,exact_us_zone,US row matched using country + zone + Radford job code.,United States - Z3,Z3 US,United States - TS 100M - 1B Rev Z2 US,U.S. Dollars - USD,SA.ISTL.S1,Inside Sales / Telemarketing - Lead Development - Entry (S1),,,,,56056.0,60002.0,60008.0,65000.0
SYN01393,Milan Ward,United States of America,California,Z3,Job Code: JC100030,Commercial Sales Rep IV,SA.FSDN.P4,IC4,92552.0,111129.0,138828.0,0.9132,101486.54,in_range,0.1,10148.65,111635.19,4.99,1.66,2021-04-15,2024-08-03,5,High,Radford All Country,Yes,exact_us_zone,US row matched using country + zone + Radford job code.,United States - Z3,Z3 US,United States - TS 100M - 1B Rev Z2 US,U.S. Dollars - USD,SA.FSDN.P4,Field Sales - Sales Account Management - Direct Sales - New Accounts - Advanced (P4),,,,,150000.0,160000.0,165000.0,175000.0
SYN01394,Nico Ward,United States of America,California,Z3,Job Code: JC100419,Professional Services IV,TC.TSMF.P4,IC4,191981.0,209979.0,287971.0,0.9143,191981.0,in_range,0.1,19198.1,211179.1,3.91,2.55,2022-05-06,2023-09-26,3,Solid,Radford All Country,Yes,exact_us_zone,US row matched using country + zone + Radford job code.,United States - Z3,Z3 US,United States - TS 100M - 1B Rev Z2 US,U.S. Dollars - USD,TC.TSMF.P4,IT Solutions Consulting - Multi-Focus - Advanced (P4),,,,,156457.0,173834.0,182750.0,204168.0
SYN01395,Aisha Ward,United States of America,Michigan,Z3,Job Code: JC100189,Engineering Program Manager V,TE.PMPI.P5,IC5,183225.0,229031.0,274837.0,1.0267,235141.41,in_range,0.15,35271.21,270412.62,4.55,1.05,2021-09-20,2025-03-26,3,Solid,Radford All Country,Yes,exact_us_zone,US row matched using country + zone + Radford job code.,United States - Z3,Z3 US,United States - TS 100M - 1B Rev Z2 US,U.S. Dollars - USD,TE.PMPI.P5,Project Management - Project / Program Management - Information Systems - Expert (P5),,,,,211309.0,229170.0,242625.0,
SYN01396,Priya Ward,United States of America,Virginia,Z3,Job Code: JC100749,"VP, Legal",LG.GLMF.E1,VP1,261245.0,326556.0,391867.0,1.1127,363370.3,in_range,0.35,127179.61,490549.91,5.53,5.53,2020-09-18,2020-10-02,3,Solid,Radford All Country,Yes,exact_us_zone,US row matched using country + zone + Radford job code.,United States - Z3,Z3 US,United States - TS 100M - 1B Rev Z2 US,U.S. Dollars - USD,LG.GLMF.E1,General - Legal - Executive - Executive 1 (E1),,,,,331750.0,343630.0,363350.0,416590.0
SYN01397,Leah Ward,United States of America,California,Z3,Job Code: JC100678,Software Engineer III,EN.SODE.P3,IC3,174915.0,209906.5,244898.0,1.0813,226976.88,in_range,0.1,22697.69,249674.57,3.86,2.35,2022-06-04,2023-12-08,3,Solid,Radford All Country,Yes,exact_us_zone,US row matched using country + zone + Radford job code.,United States - Z3,Z3 US,United States - TS 100M - 1B Rev Z2 US,U.S. Dollars - USD,EN.SODE.P3,Software - Software Development Engineering - Career (P3),,,,,185500.0,195700.0,203700.0,220000.0
SYN01398,Sophia Ward,United States of America,California,Z3,Job Code: JC100200,Enterprise Sales Rep IV,SA.FSDN.P4,IC4,147924.0,171310.0,221887.0,1.3751,235575.8,above_max,0.1,23557.58,259133.38,4.02,2.27,2022-03-25,2024-01-01,4,Strong,Radford All Country,Yes,exact_us_zone,US row matched using country + zone + Radford job code.,United States - Z3,Z3 US,United States - TS 100M - 1B Rev Z2 US,U.S. Dollars - USD,SA.FSDN.P4,Field Sales - Sales Account Management - Direct Sales - New Accounts - Advanced (P4),,,,,150000.0,160000.0,165000.0,175000.0
SYN01399,Maya Ward,United States of America,California,Z3,Job Code: JC100507,Sales Operations Analyst IV,SA.OPSO.P4,IC4,150573.0,164689.0,225859.0,1.1134,183368.82,in_range,0.1,18336.88,201705.71,3.69,2.7,2022-07-27,2023-07-29,4,Strong,Radford All Country,Yes,exact_us_zone,US row matched using country + zone + Radford job code.,United States - Z3,Z3 US,United States - TS 100M - 1B Rev Z2 US,U.S. Dollars - USD,SA.OPSO.P4,Operations / Sales Support - Sales Operations - Advanced (P4),,,,,161300.0,175000.0,184151.0,201160.0
SYN01400,Zoe Ward,United States of America,Colorado,Z3,Job Code: JC100605,Senior Manager Customer Support Engineering,CS.FSTS.M4,M2,160713.0,187194.5,241069.0,0.9897,185260.21,in_range,0.2,37052.04,222312.25,3.13,1.53,2023-02-13,2024-09-28,3,Solid,Radford All Country,Yes,exact_us_zone,US row matched using country + zone + Radford job code.,United States - Z3,Z3 US,United States - TS 100M - 1B Rev Z2 US,U.S. Dollars - USD,CS.FSTS.M4,Field Support - Technical Support Engineering - Sr Manager (M4),,,,,169728.0,187380.0,198624.0,207912.0
SYN01401,Olivia Ward,United States of America,New York,Z3,Job Code: JC100200,Enterprise Sales Rep IV,SA.FSDN.P4,IC4,147924.0,171310.0,221887.0,1.0073,172559.12,in_range,0.1,17255.91,189815.04,2.88,1.57,2023-05-14,2024-09-13,2,Developing,Radford All Country,Yes,exact_us_zone,US row matched using country + zone + Radford job code.,United States - Z3,Z3 US,United States - TS 100M - 1B Rev Z2 US,U.S. Dollars - USD,SA.FSDN.P4,Field Sales - Sales Account Management - Direct Sales - New Accounts - Advanced (P4),,,,,150000.0,160000.0,165000.0,175000.0
SYN01402,Emma Ward,United States of America,Indiana,Z3,Job Code: JC100200,Enterprise Sales Rep IV,SA.FSDN.P4,IC4,147924.0,171310.0,221887.0,0.8635,147924.0,in_range,0.1,14792.4,162716.4,2.75,1.88,2023-07-06,2024-05-15,3,Solid,Radford All Country,Yes,exact_us_zone,US row matched using country + zone + Radford job code.,United States - Z3,Z3 US,United States - TS 100M - 1B Rev Z2 US,U.S. Dollars - USD,SA.FSDN.P4,Field Sales - Sales Account Management - Direct Sales - New Accounts - Advanced (P4),,,,,150000.0,160000.0,165000.0,175000.0
SYN01403,Isabella Ward,United States of America,Colorado,Z3,Job Code: JC100088,Customer Support Engineer III,CS.FSTS.P3,IC3,111714.0,120655.0,156410.0,0.9259,111714.0,in_range,0.1,11171.4,122885.4,4.09,3.68,2022-03-04,2022-08-05,3,Solid,Radford All Country,Yes,exact_us_zone,US row matched using country + zone + Radford job code.,United States - Z3,Z3 US,United States - TS 100M - 1B Rev Z2 US,U.S. Dollars - USD,CS.FSTS.P3,Field Support - Technical Support Engineering - Career (P3),,,,,113000.0,120127.0,131082.0,151875.0
SYN01404,Mia Ward,United States of America,Colorado,Z3,Job Code: JC100583,Senior Director Software Engineering,EN.SODE.M6,D2,251835.0,314794.0,377753.0,1.0737,337980.55,in_range,0.3,101394.17,439374.72,5.41,5.41,2020-11-02,2020-11-07,3,Solid,Radford All Country,Yes,exact_us_zone,US row matched using country + zone + Radford job code.,United States - Z3,Z3 US,United States - TS 100M - 1B Rev Z2 US,U.S. Dollars - USD,EN.SODE.M6,Software - Software Development Engineering - Senior Director (M6),,,,,301036.0,319955.0,340000.0,387711.0
SYN01405,Amelia Ward,United States of America,California,Z3,Job Code: JC100103,Demand Generation Specialist V,MK.PIDG.P5,IC5,173624.0,189901.0,260436.0,0.9143,173624.0,in_range,0.15,26043.6,199667.6,4.78,3.6,2021-06-19,2022-08-28,4,Strong,Radford All Country,Yes,exact_us_zone,US row matched using country + zone + Radford job code.,United States - Z3,Z3 US,United States - TS 100M - 1B Rev Z2 US,U.S. Dollars - USD,MK.PIDG.P5,Product Marketing - Demand Generation - Expert (P5),,,,,181260.0,186200.0,190250.0,
SYN01406,Charlotte Ward,United States of America,California,Z3,Job Code: JC100200,Enterprise Sales Rep IV,SA.FSDN.P4,IC4,147924.0,171310.0,221887.0,0.8913,152686.58,in_range,0.1,15268.66,167955.23,4.65,3.21,2021-08-17,2023-01-20,3,Solid,Radford All Country,Yes,exact_us_zone,US row matched using country + zone + Radford job code.,United States - Z3,Z3 US,United States - TS 100M - 1B Rev Z2 US,U.S. Dollars - USD,SA.FSDN.P4,Field Sales - Sales Account Management - Direct Sales - New Accounts - Advanced (P4),,,,,150000.0,160000.0,165000.0,175000.0
